"lon","lat","no2","campaign","code"
4.704003,50.82594,23,"facade","1387656"
4.444702,51.21328,47.3,"facade","192852"
4.188672,51.30897,21.2,"facade","192873"
3.991424,51.0962,26.6,"facade","192876"
4.461859,51.19922,25.6,"facade","192879"
4.552056,50.99603,18.3,"facade","192894"
4.746016,50.95687,30.7,"facade","192909"
4.765735,50.86095,20.3,"facade","192915"
3.231474,50.81039,32.3,"facade","192918"
3.116496,51.05936,20.4,"facade","192924"
4.477718,51.00839,31.5,"facade","192933"
4.903073,51.09316,16.2,"facade","192951"
4.64345,51.40756,19.5,"facade","192954"
4.492391,50.76417,20.4,"facade","192957"
4.715674,50.87731,31.8,"facade","192960"
3.989312,51.19047,17.3,"facade","192966"
4.625151,50.80954,14.7,"facade","192981"
4.721969,50.88952,21.1,"facade","192987"
5.080749,51.26467,18.9,"facade","192996"
4.150102,51.26094,19.3,"facade","193011"
4.406403,51.20558,32.4,"facade","193023"
2.695851,50.97233,20.9,"facade","193050"
3.66577,51.03088,19.1,"facade","193077"
4.696996,50.92477,22,"facade","193092"
4.478648,50.87322,26.7,"facade","193101"
4.715466,50.87238,24.2,"facade","193116"
3.372623,50.74802,18,"facade","193134"
4.590746,51.21462,20.8,"facade","193233"
4.411835,51.2098,35,"facade","193242"
2.666681,51.07369,23.9,"facade","193257"
4.422408,51.3185,30.1,"facade","193308"
4.729859,50.87451,21,"facade","193353"
4.388167,51.18662,43.6,"facade","193365"
3.026613,50.85104,17.3,"facade","193392"
4.611259,50.95544,16.8,"facade","193440"
3.700956,51.05893,28.6,"facade","193479"
3.571027,50.78884,17.3,"facade","193524"
4.10549854864958,51.0190729217068,22.9,"facade","193533"
3.114984,50.92971,19,"facade","193539"
4.346274,51.1808,29.5,"facade","193560"
4.627685,50.86827,16.4,"facade","193605"
4.689314,50.875,23.1,"facade","193611"
5.506891,50.96345,20,"facade","193617"
4.326741,51.20838,30.8,"facade","193623"
4.400616,51.22064,30.6,"facade","193644"
4.667387,50.89936,19.2,"facade","193647"
3.747452,51.02716,43.1,"facade","193677"
3.867354,51.01665,20.9,"facade","193686"
4.455155,51.19489,28.7,"facade","193695"
4.484284,50.85831,25.1,"facade","193701"
4.905931,50.76642,19.2,"facade","193755"
4.149631,50.81544,15.8,"facade","193764"
3.409609,50.84487,19.1,"facade","193779"
3.763333,51.01916,31.6,"facade","193797"
3.703455,51.07007,30.1,"facade","193836"
3.733142,51.05867,36.5,"facade","193863"
3.139928,50.91227,26.4,"facade","193896"
4.408476,51.30579,44,"facade","193935"
3.925148,51.11892,20.1,"facade","193938"
4.084685,50.7904,16,"facade","193941"
3.998742,50.94367,17.8,"facade","193950"
3.706006,51.08605,18.5,"facade","193977"
3.76857,51.06477,22.7,"facade","193983"
4.215946,50.93341,20.2,"facade","194007"
4.393379,51.13212,26.4,"facade","194082"
3.7009,51.05731,34.8,"facade","194091"
3.760916,51.01935,30.8,"facade","194094"
3.7189502246952,51.0348666061226,27.1,"facade","194115"
3.694946,51.14738,19.6,"facade","194127"
4.24511,50.89244,27,"facade","194157"
3.229149,51.15386,23.3,"facade","194232"
3.274053,50.82008,30.8,"facade","194238"
3.232525,51.14354,27.9,"facade","194253"
4.33282,51.05233,27.4,"facade","194265"
3.044035,51.2081,18,"facade","194268"
3.635575,51.03043,22.7,"facade","194301"
4.544549,50.88852,39.4,"facade","194304"
4.072749,50.92157,25.3,"facade","194343"
4.467096,50.87452,33.8,"facade","194376"
4.726776,50.83226,21.2,"facade","194382"
5.496503,50.95241,17.1,"facade","194388"
4.957843,51.30594,17.9,"facade","194424"
4.665056,50.88526,22.1,"facade","194430"
3.09636,51.12197,16.2,"facade","194448"
3.434121,50.77363,18.9,"facade","194460"
4.469606,51.15001,23.6,"facade","194475"
4.549262,51.02191,28.4,"facade","194481"
3.70494953603606,51.0584972752244,33.4,"facade","194508"
4.150921,51.15226,23.6,"facade","194514"
5.454163,50.80984,15.9,"facade","194517"
3.230155,51.21691,23.5,"facade","194520"
3.827975,51.09683,23.4,"facade","194532"
3.70465,50.99081,29.4,"facade","194535"
4.44918579119455,51.2955511206761,20.6,"facade","194565"
4.536551,50.7766,19,"facade","194580"
3.708852,51.06309,31.9,"facade","194583"
5.33029921076304,50.929102208246,24.3,"facade","194604"
4.406644,51.33047,17.2,"facade","194607"
5.323625,50.92686,20.2,"facade","194637"
4.428281,51.23135,44.4,"facade","194652"
3.54432,51.10063,19.9,"facade","194676"
4.025325,50.95957,17.2,"facade","194682"
4.430338,51.21837,34.4,"facade","194760"
4.529898,51.31843,16.5,"facade","194790"
4.755752,50.86542,17.7,"facade","194796"
4.186425,51.18544,33.9,"facade","194799"
3.060753,51.09105,16.6,"facade","194817"
4.234868,50.73429,25.6,"facade","194823"
5.281973,50.91621,17.5,"facade","194841"
4.432548,51.21418,33.6,"facade","194844"
3.71457598635043,51.0308337655201,23.7,"facade","194847"
4.570307,51.13285,28.2,"facade","194868"
3.75642,50.84922,16.6,"facade","194871"
4.435918,51.22848,41.1,"facade","194889"
5.081179,50.73648,16.1,"facade","194907"
4.503146,51.07557,21.8,"facade","194916"
4.713179,50.9124,19.4,"facade","194922"
4.470937,50.97948,24.2,"facade","194931"
4.038277,51.21143,21,"facade","194940"
3.228581,51.15261,22.7,"facade","194943"
4.108995,51.18392,24.2,"facade","194967"
3.552149,50.88923,17.5,"facade","194979"
5.358161,51.00532,22.2,"facade","194991"
3.997093,50.97514,15.5,"facade","194994"
4.936805,50.80377,19.3,"facade","194997"
4.180288,51.16122,22.1,"facade","195006"
3.95398,51.08414,20,"facade","195018"
4.71889,50.90233,39.8,"facade","195045"
4.595408,51.2124,19.6,"facade","195051"
4.825589,50.8479,15,"facade","195060"
4.05900173499934,50.9521911780573,23.4,"facade","195099"
4.412508,51.21715,30.3,"facade","195102"
4.639442,50.94266,17,"facade","195117"
4.983122,50.9742,17.4,"facade","195132"
4.556348,51.2605,18.5,"facade","195138"
4.867803,51.13629,17.2,"facade","195156"
3.608025,51.26931,21.6,"facade","195168"
4.747324,50.87854,19.6,"facade","195201"
5.172414,51.10496,15.5,"facade","195204"
3.300764,51.13989,16.9,"facade","195210"
4.018004,50.85045,18.3,"facade","195216"
3.88892030415273,51.0075422319926,35.1,"facade","195225"
4.42688,51.02395,22.4,"facade","195243"
3.068127,51.16893,17.4,"facade","195249"
2.73399486089373,51.0659939885896,22,"facade","195252"
3.765565,51.20552,19.1,"facade","195267"
4.033597,50.92425,25.7,"facade","195276"
4.511268,51.1823,21.8,"facade","195285"
4.548875,51.18379,21.3,"facade","195291"
4.729365,50.93562,26.6,"facade","195297"
4.836659,51.18401,35.4,"facade","195312"
4.866962,51.26936,34.2,"facade","195321"
3.787876,51.08185,32.6,"facade","195324"
4.201439,51.07971,20.2,"facade","195327"
5.212687,50.76047,15,"facade","195339"
4.552899,51.06033,20.1,"facade","195342"
4.416871,51.2238,45.8,"facade","195354"
4.4041655359888,51.2062912953846,44.4,"facade","195357"
3.338177,50.81028,25.1,"facade","195366"
3.140999,51.31267,23.7,"facade","195387"
4.421686,50.92858,42,"facade","195432"
4.4975,51.15918,24,"facade","195441"
4.660114,50.85953,19.1,"facade","195450"
4.950188,50.84408,16.5,"facade","195465"
4.837115,50.98203,23.7,"facade","195489"
3.745308,51.03337,28.9,"facade","195528"
4.061941,51.14504,20.9,"facade","195540"
4.721664,50.88533,26.3,"facade","195552"
3.157646,50.93229,31.4,"facade","195564"
4.466319,51.36486,19.2,"facade","195612"
5.522397,50.97581,21.9,"facade","195636"
4.450427,51.28347,30.2,"facade","195669"
4.435576,51.21883,36,"facade","195708"
4.396295,51.17793,26.9,"facade","195714"
3.63799266106392,50.9653806439991,21.8,"facade","195717"
4.870496,51.31322,18,"facade","195729"
4.638816,51.08768,26.8,"facade","195735"
4.61593,50.74679,17.5,"facade","195738"
3.953721,50.94088,21.4,"facade","195750"
4.151638,51.17619,43.5,"facade","195753"
3.700811,51.06525,48.8,"facade","195783"
4.479095,51.03487,35.8,"facade","195807"
4.019431,50.79721,18.9,"facade","195834"
2.620639,50.85931,21.4,"facade","195870"
4.116348,50.99343,25.4,"facade","195879"
4.24844,50.73949,33.8,"facade","195894"
3.131752,50.94912,34.5,"facade","195951"
3.745032,51.06079,29.9,"facade","196002"
4.95362,51.33145,19.6,"facade","196020"
4.431422,51.20844,39.4,"facade","196047"
4.701901,50.86937,23.2,"facade","196053"
4.106981,50.89705,26.1,"facade","196068"
2.854992,50.866,24,"facade","196074"
4.466762,51.14717,26.2,"facade","196089"
3.36999,50.91189,23.5,"facade","196119"
3.200159,50.79069,28.3,"facade","196122"
3.626886,50.96701,23.8,"facade","196131"
4.534093,51.13894,19.1,"facade","196134"
3.997535,50.93972,20.6,"facade","196140"
4.132441,51.16042,35.3,"facade","196143"
4.534207,50.88563,22.1,"facade","196146"
4.144601,51.11408,34.5,"facade","196197"
4.687126,50.88223,35.7,"facade","196203"
4.78064,51.02025,20.1,"facade","196212"
3.685481,51.11996,20.7,"facade","196230"
3.556795,51.24567,20.5,"facade","196251"
3.975476,50.96834,21.8,"facade","196263"
3.612211,51.12594,18,"facade","196269"
4.537645,51.35508,18.5,"facade","196284"
5.307952,50.94848,20.8,"facade","196290"
5.309828,51.23196,21.8,"facade","196317"
4.168535,51.18792,21,"facade","196323"
4.211879,51.1256,28.8,"facade","196338"
5.70448,51.05506,16.9,"facade","196350"
5.488961,50.97645,27.2,"facade","196359"
3.565253,51.01809,19.6,"facade","196362"
4.174531,50.96854,18.9,"facade","196365"
4.228066,50.90342,19.8,"facade","196383"
4.277083,51.00141,22.2,"facade","196389"
3.12127,50.90066,22.3,"facade","196392"
4.459022,50.76722,21.4,"facade","196401"
3.476351,50.84927,16,"facade","196416"
4.995475,51.15849,24.7,"facade","196419"
3.716844,51.12012,19.7,"facade","196440"
4.928291,51.01203,18.5,"facade","196452"
3.762436,51.07322,21.8,"facade","196455"
3.735801,51.05682,47.3,"facade","196476"
3.704935,51.04059,27.2,"facade","196479"
4.977738,50.94194,17.2,"facade","196485"
4.739873,51.08264,19,"facade","196488"
4.521782,50.95932,20.4,"facade","196494"
4.979528,50.84465,16.3,"facade","196500"
3.626717,51.18523,25.3,"facade","196503"
5.030061,51.19561,15.7,"facade","196509"
3.187873,51.19953,20.9,"facade","196512"
4.360829,51.16137,37.6,"facade","196521"
4.718325,51.06965,23.9,"facade","196527"
3.702445,50.99918,21.7,"facade","196533"
3.147302,50.97608,19.9,"facade","196545"
4.66224,50.91127,21.8,"facade","196563"
4.475996,51.22327,29.9,"facade","196575"
4.348715,50.90877,31.6,"facade","196578"
5.30992,50.89937,18.2,"facade","196593"
4.147606,51.15823,29.5,"facade","196623"
4.708161,50.8622,18.7,"facade","196635"
3.703487,51.01757,26.9,"facade","196647"
4.034517,50.9403,41.7,"facade","196683"
4.353277,51.17266,27.5,"facade","196686"
4.574344,51.24109,20.2,"facade","196701"
4.576778,51.05926,24.1,"facade","196707"
4.390469,50.94084,17,"facade","196716"
5.681115,50.99332,15.4,"facade","196737"
4.585712,50.8454,24,"facade","196752"
4.510417,51.25359,20.9,"facade","196791"
4.028766,50.94033,35.9,"facade","196794"
5.44608301356443,50.8315335302448,16.8,"facade","196800"
3.890919,50.82112,23.1,"facade","196803"
4.465152,51.02528,24.4,"facade","196821"
3.694884,51.10984,23.2,"facade","196830"
3.71429,51.05213,26.4,"facade","196836"
4.165776,51.14289,30.4,"facade","196842"
4.449552,51.20251,33.8,"facade","196845"
4.229206,50.95818,23.6,"facade","196851"
3.74068,51.05165,52.3,"facade","196860"
3.242601,51.33667,27.7,"facade","196863"
4.083014,50.93214,16.5,"facade","196872"
3.64572,50.96042,20.2,"facade","196875"
4.30682,51.00059,23.1,"facade","196896"
4.43133,51.22139,44.1,"facade","196917"
3.761086,51.09977,29.7,"facade","196920"
4.352705,51.17684,34,"facade","196929"
4.402837,51.16237,25.2,"facade","196938"
3.729068,51.06456,34.5,"facade","196941"
3.179279,51.1863,21.1,"facade","196944"
3.332079,51.18838,19.6,"facade","196953"
5.180769,50.8193,27.4,"facade","196959"
3.829283,51.06662,22.1,"facade","196968"
4.426125,51.16783,35.5,"facade","196974"
3.186099,51.20233,23.4,"facade","196989"
5.497479,50.96965,21,"facade","196992"
4.09930346176233,51.1848244913037,20.4,"facade","196998"
3.268563,51.19467,19.2,"facade","197004"
4.534142,50.76656,17.4,"facade","197013"
4.132692,51.16687,25.7,"facade","197022"
4.663576,51.05878,23,"facade","197025"
3.872771,51.06802,23.5,"facade","197040"
3.726509,51.05094,28.4,"facade","197043"
4.063639,51.00566,18.2,"facade","197046"
4.939472,51.17869,18.7,"facade","197064"
4.541425,50.87101,21.5,"facade","197094"
3.155416,51.18324,22.7,"facade","197103"
4.444745,51.13001,28.7,"facade","197130"
4.06619,50.95059,19.7,"facade","197139"
3.65706,50.97948,28,"facade","197151"
5.511535,50.87464,18.6,"facade","197154"
5.259564,50.76295,16.5,"facade","197160"
3.1531,50.96995,19.3,"facade","197205"
4.448386,51.04093,36.2,"facade","197208"
4.048492,50.95069,20,"facade","197220"
3.169226,50.83242,22.7,"facade","197232"
4.159412,51.16009,20.9,"facade","197241"
3.808024,51.19737,26.7,"facade","197250"
3.224669,51.20957,44.6,"facade","197262"
4.429426,51.296,21,"facade","197265"
5.158455,50.99126,20.1,"facade","197268"
4.30035924963899,50.9523677453091,26.2,"facade","197286"
4.711042,50.86622,36.3,"facade","197292"
4.746748,51.03413,17.9,"facade","197301"
4.435128,51.22473,38.7,"facade","197307"
4.408424,51.19627,37.7,"facade","197310"
3.811359,50.82739,16.8,"facade","197313"
4.428364,51.20602,31.4,"facade","197319"
4.274902,51.14424,21.7,"facade","197322"
3.019938,50.90078,21,"facade","197334"
2.922182,51.2136,21.5,"facade","197337"
5.31973680770313,50.9196496131027,22.1,"facade","197343"
4.578544,51.10771,18.3,"facade","197361"
3.533906,50.97648,28,"facade","197376"
3.470929,51.0364,17.5,"facade","197400"
4.375076,51.11536,26.5,"facade","197403"
3.199158,50.91445,22.7,"facade","197406"
4.746232,50.87821,18.3,"facade","197415"
3.235174,51.2273,24.5,"facade","197418"
4.137021,51.08804,32.2,"facade","197424"
3.812106,51.03589,20.7,"facade","197430"
4.983639,51.17079,23.7,"facade","197439"
4.437312,51.21955,35.5,"facade","197448"
4.435691,51.1748,30.9,"facade","197451"
4.47212,51.13463,23.4,"facade","197457"
3.737103,50.99529,26.6,"facade","197475"
4.146855,50.98611,23.5,"facade","197481"
4.465559,51.16914,33.8,"facade","197487"
4.405764,51.19748,29.4,"facade","197493"
3.62508666924339,51.1104206045795,17.7,"facade","197499"
4.642166,51.14259,18.8,"facade","197508"
4.183499,51.02573,21,"facade","197526"
4.427952,51.32276,15,"facade","197556"
4.638485,51.06527,20.8,"facade","197574"
4.428605,51.19777,42.9,"facade","197589"
4.660615,50.93097,18.9,"facade","197595"
4.971028,51.32078,26.1,"facade","197604"
4.397642,51.168,27.2,"facade","197619"
3.72846,51.06781,44.4,"facade","197622"
4.345772,51.13933,24.2,"facade","197643"
4.426248,51.31379,37.9,"facade","197649"
4.240749,51.20634,38,"facade","197664"
5.215189,50.75528,16.5,"facade","197673"
4.67425,51.34635,21,"facade","197682"
4.084817,51.14589,37.5,"facade","197685"
3.723623,51.11078,24.6,"facade","197688"
4.953678,51.18517,19.2,"facade","197691"
5.299649,50.9491,18.2,"facade","197697"
4.480336,50.8825,25.5,"facade","197703"
4.57051669443351,51.213600785806,22,"facade","197724"
3.094138,51.11734,17.8,"facade","197727"
4.039914,51.12684,25.1,"facade","197739"
4.45730371902334,51.2465242274055,26.7,"facade","197748"
3.227643,50.8238,37.1,"facade","197751"
4.332451,51.09222,20.8,"facade","197760"
4.453667,51.20911,34.4,"facade","197766"
3.265462,50.8384,22.2,"facade","197781"
3.398204,51.07814,16.1,"facade","197784"
3.997319,51.11466,29.1,"facade","197796"
4.50465,50.77548,23.8,"facade","197820"
4.439912,51.16519,28.2,"facade","197826"
4.448527,51.178,23.6,"facade","197835"
4.224423,51.09153,18.5,"facade","197859"
5.787847,50.75218,20.1,"facade","197865"
3.203837,51.19308,25.9,"facade","197868"
3.221192,50.82724,25.9,"facade","197877"
4.059175,50.77011,15.5,"facade","197880"
4.794752,50.89437,16.5,"facade","197883"
4.485091,51.15698,30.4,"facade","197886"
3.150341,50.93417,28.8,"facade","197889"
5.509967,50.95952,16.1,"facade","197898"
4.437785,51.21666,37.7,"facade","197907"
3.044911,50.78256,21.6,"facade","197922"
4.244518,50.77527,20.7,"facade","197931"
4.704585,50.8604,20.3,"facade","197940"
3.13167386554286,50.9542750962531,26.3,"facade","197943"
3.097545,50.99804,19.4,"facade","197979"
4.445519,51.25912,31.6,"facade","197982"
4.401904,51.20153,29.5,"facade","197988"
4.124058,50.74614,15.6,"facade","197994"
4.418424,51.20314,35.2,"facade","198048"
3.709819,51.03217,23.8,"facade","198054"
2.936887,51.21341,26.8,"facade","198057"
3.207049,50.91988,30.9,"facade","198060"
3.691948,51.06464,36.2,"facade","198084"
4.401417,51.20488,33.7,"facade","198099"
4.291496,50.80068,30.2,"facade","198114"
2.850483,50.90092,20.9,"facade","198117"
3.163939,50.99036,19.8,"facade","198120"
4.320477,51.22067,28.5,"facade","198129"
3.709936,51.03271,22.5,"facade","198144"
4.562031,51.13107,39.3,"facade","198156"
3.18968300405705,51.1850095433858,23.7,"facade","198171"
3.956142,50.92648,44,"facade","198186"
4.747906,50.95535,23.5,"facade","198192"
4.242874,50.84123,28.3,"facade","198201"
4.619878,51.1479,19.7,"facade","198204"
4.444694,51.00187,22.3,"facade","198210"
4.627222,50.8718,16.9,"facade","198213"
5.078663,50.77719,15.9,"facade","198225"
4.753827,50.94288,21.8,"facade","198228"
4.41339889005087,51.195104258202,37.2,"facade","198234"
3.418428,50.89131,25.7,"facade","198237"
4.827176,50.82895,16.5,"facade","198240"
3.949523,51.1308,19.7,"facade","198273"
4.233021,50.71527,21.5,"facade","198276"
3.205826,50.84219,28.7,"facade","198285"
5.423697,50.9247,18.4,"facade","198303"
4.433249,51.15584,36.3,"facade","198306"
4.711571,50.86373,30.9,"facade","198321"
4.430671,51.19973,47.6,"facade","198336"
4.348904,50.77079,16.8,"facade","198339"
3.861149,51.02931,19.4,"facade","198342"
4.029591,50.96722,19.7,"facade","198345"
5.08261,51.18669,19.8,"facade","198369"
3.409241,50.77919,17.1,"facade","198381"
4.695816,50.90096,20.3,"facade","198390"
5.126663,51.21011,15.6,"facade","198411"
3.49279,50.95622,23.2,"facade","198417"
4.285476,50.79042,23.9,"facade","198426"
3.673863,50.99302,17.4,"facade","198432"
4.389986,51.13358,30.5,"facade","198438"
2.93877,51.21604,30.2,"facade","198441"
5.438216,51.23207,17.1,"facade","198444"
4.460275,50.94776,31.3,"facade","198447"
3.126706,50.85995,20.1,"facade","198450"
2.99437965187881,51.1247013066102,16.5,"facade","198453"
5.328305,50.92048,22.6,"facade","198459"
5.118649,51.23936,17.1,"facade","198462"
4.933176,51.31963,18.7,"facade","198468"
4.283972,51.04676,19.9,"facade","198477"
4.424488,51.22034,35.9,"facade","198480"
4.515033,51.22638,34.2,"facade","198483"
4.633007,51.05546,22.8,"facade","198489"
5.482592,50.95952,22.7,"facade","198495"
4.701773,50.9743,18.8,"facade","198498"
5.120831,50.98364,16.2,"facade","198516"
3.88262,50.99972,22,"facade","198525"
5.148996,50.8196,15.6,"facade","198540"
2.953777,51.22085,25.5,"facade","198546"
3.740501,51.19287,21.2,"facade","198552"
4.668621,50.90949,18,"facade","198561"
2.96846,50.81206,19.1,"facade","198570"
3.31642,50.83748,17.8,"facade","198591"
3.134876,51.30581,28,"facade","198594"
3.073034,50.81998,22.6,"facade","198597"
4.359792,51.08611,32.3,"facade","198603"
3.148299,51.31348,24.1,"facade","198606"
3.948081,51.04681,45.4,"facade","198609"
4.495377,51.29257,21.8,"facade","198612"
3.207888,51.20816,26.6,"facade","198615"
4.442792,50.91527,24.6,"facade","198624"
4.447441,51.25134,32.6,"facade","198627"
4.432868,51.22366,36.5,"facade","198630"
3.669539,50.85027,17.2,"facade","198633"
4.433777,51.32129,19.2,"facade","198657"
4.37969405493586,50.9058059117046,23.2,"facade","198666"
3.271199,51.18871,20,"facade","198690"
5.607666,51.01513,17.7,"facade","198693"
3.351211,50.8419,26.5,"facade","198708"
5.032413,50.7667,17.9,"facade","198711"
3.9999371240115,50.7251001282427,15.4,"facade","198729"
3.814284,50.85523,28.3,"facade","198738"
3.74106,51.04518,28.9,"facade","198741"
5.05692,51.09118,19.4,"facade","198744"
4.144827,51.14515,24.4,"facade","198750"
4.821034,51.01784,18.1,"facade","198765"
4.49917,50.87982,23.5,"facade","198768"
3.621585,50.80118,18.4,"facade","198771"
3.77383151551681,51.0727057142653,24,"facade","198777"
4.467182,51.20216,33,"facade","198780"
4.4713,50.89158,41.7,"facade","198783"
4.31451,51.21929,33.4,"facade","198798"
3.43305,51.21466,21,"facade","198807"
3.20662,51.22596,23.6,"facade","198810"
4.467753,51.2263,29.2,"facade","198822"
3.194981,51.32719,39.6,"facade","198831"
3.097405,50.80393,20.5,"facade","198840"
3.669839,50.8373,14.3,"facade","198843"
3.655164,50.83634,15.8,"facade","198846"
3.95460184362875,50.998321650812,18.3,"facade","198852"
4.111025,51.022,22.4,"facade","198861"
5.379926,51.05978,18.8,"facade","198873"
4.267711,50.74209,22.1,"facade","198876"
4.457565,51.40089,17,"facade","198885"
3.96072054704116,51.1823311983635,18.2,"facade","198897"
4.054216,51.02602,18.3,"facade","198903"
3.36349132920944,50.8901141758316,24.8,"facade","198912"
3.272379,50.99535,20.2,"facade","198915"
4.948056,51.14815,17.2,"facade","198930"
5.085996,51.06787,25.7,"facade","198933"
4.357019,50.74733,18.5,"facade","198945"
5.565664,50.9546,16,"facade","198954"
4.691897,51.13278,31.2,"facade","198960"
3.188452,51.20371,24.3,"facade","198993"
4.86618,50.8341,16.2,"facade","198996"
3.754843,51.07638,23.5,"facade","199008"
4.709586,50.86493,23.3,"facade","199017"
3.390239,51.08027,17.5,"facade","199035"
4.477512,51.12688,22.1,"facade","199041"
3.278573,50.83938,20.6,"facade","199059"
3.612724,51.24711,23.9,"facade","199092"
3.01414,50.97419,29.9,"facade","199098"
4.455754,51.25087,26.4,"facade","199101"
4.132565,51.16667,32.2,"facade","199110"
3.79025,51.19933,32.5,"facade","199131"
3.129949,51.30825,26.7,"facade","199143"
5.557604,50.83591,21.4,"facade","199149"
4.704061,50.99478,20.7,"facade","199152"
2.649217,51.10499,27,"facade","199182"
5.46584,50.8957,18.8,"facade","199185"
4.043237,50.93635,33.3,"facade","199188"
4.936095,51.32282,18.7,"facade","199224"
4.722295,50.91277,26.3,"facade","199248"
4.342181,50.94009,21.2,"facade","199254"
3.268707,50.86418,18.5,"facade","199266"
3.829686,50.87343,23.8,"facade","199269"
4.537438,50.81652,19.6,"facade","199278"
3.689348,51.08025,18.2,"facade","199281"
2.695193,51.12877,18.9,"facade","199284"
3.709374,51.0314,23.4,"facade","199293"
3.135858,51.13636,19.6,"facade","199305"
4.331469,50.96043,22.6,"facade","199323"
4.635536,50.97692,36.6,"facade","199329"
4.397089,51.21985,40.3,"facade","199335"
4.371759,51.17202,29,"facade","199347"
5.049641,50.75512,15.1,"facade","199353"
4.524274,51.25507,18.4,"facade","199356"
5.469719,50.78426,36.9,"facade","199362"
4.758243,51.34838,26.7,"facade","199365"
4.096061,50.74714,17.1,"facade","199389"
3.297426,51.33159,25.4,"facade","199398"
4.856631,51.00306,16.5,"facade","199428"
4.019743,50.74202,19.3,"facade","199443"
4.071271,51.20827,22.2,"facade","199455"
4.887663,51.16528,19.4,"facade","199470"
4.44676,51.136,38.8,"facade","199476"
3.866935,51.073,20.6,"facade","199479"
4.421668,51.22359,45.9,"facade","199482"
3.334652,50.93103,21.3,"facade","199485"
4.663526,50.83873,19.3,"facade","199500"
2.664493,51.07281,31.8,"facade","199506"
3.301259,50.86011,21.2,"facade","199509"
4.473411,51.03803,40.2,"facade","199512"
4.947544,51.32058,28.6,"facade","199515"
4.891384,50.79957,19.2,"facade","199530"
4.089303,51.12715,29.5,"facade","199536"
3.921719,50.84061,16,"facade","199539"
5.32674,50.90964,20.1,"facade","199557"
3.361236,50.8781,20.5,"facade","199560"
4.792822,51.02066,49.1,"facade","199572"
3.409498,50.74814,21.6,"facade","199575"
4.690112,50.99169,17.2,"facade","199584"
4.214914,50.90439,19,"facade","199596"
3.283499,51.21308,19.2,"facade","199605"
5.082828,50.75223,18.9,"facade","199626"
4.395237,51.21701,36.9,"facade","199629"
3.119318,50.93828,21.9,"facade","199638"
3.248481,51.10859,17.3,"facade","199644"
4.086646,51.0368,20.3,"facade","199659"
4.561731,51.19086,24.1,"facade","199671"
2.746647,51.12933,23.5,"facade","199674"
3.67301,51.23167,21.1,"facade","199680"
4.94467,51.14138,32,"facade","199683"
3.990854,51.10897,21.7,"facade","199689"
3.218534,51.21501,27.9,"facade","199692"
4.972073,51.176,19.2,"facade","199704"
3.340032,50.8497,21.4,"facade","199707"
4.136495,51.11429,24,"facade","199713"
5.322511,50.95363,16.5,"facade","199722"
2.997065276296,51.2465558445772,22.6,"facade","199725"
5.06692,50.90937,14.8,"facade","199731"
4.694155,50.84934,19.5,"facade","199743"
3.229083,51.1372,18.7,"facade","199746"
3.878327,50.77053,23.1,"facade","199755"
3.613802,50.85115,25,"facade","199761"
5.252434,51.05461,18.4,"facade","199770"
4.245521,50.73013,23.3,"facade","199776"
4.495015,51.03377,26.6,"facade","199782"
3.427393,50.89181,27.3,"facade","199785"
4.038161,51.13957,16.8,"facade","199794"
4.457085,50.98351,21,"facade","199797"
4.46508,51.17182,28.3,"facade","199806"
3.233821,51.28108,27.3,"facade","199809"
4.340986,51.18622,24.5,"facade","199833"
4.664129,51.0534,16.1,"facade","199839"
3.969515,51.09876,19.2,"facade","199848"
4.456358,51.22151,29.7,"facade","199851"
4.445583,51.16465,24.5,"facade","199860"
5.344729,50.99795,19.6,"facade","199884"
4.5135,51.21118,42,"facade","199890"
4.18928573784192,50.8320529338371,20.2,"facade","199893"
4.522453,50.94833,17.8,"facade","199923"
4.979778,51.02138,14.2,"facade","199929"
4.22016,50.72836,22.5,"facade","199932"
4.396467,51.21522,31.3,"facade","199938"
4.47530053615768,51.3862931460988,27.4,"facade","199947"
4.423333,51.25902,36.2,"facade","199968"
4.400096,51.30915,21.9,"facade","199971"
3.760198,51.02776,26.2,"facade","200001"
2.934524,51.17767,23.1,"facade","200004"
4.890264,51.0214,15.2,"facade","200007"
4.284537,50.79508,35.2,"facade","200013"
4.461056,51.195,34.9,"facade","200016"
4.649919,50.89057,16,"facade","200019"
4.077538,50.84819,17.8,"facade","200022"
4.218586,51.1275,33.4,"facade","200028"
4.144986,51.03848,18.3,"facade","200037"
4.465699,51.02934,27.8,"facade","200040"
4.876455,51.07074,24.2,"facade","200046"
4.036124,51.20215,31.5,"facade","200052"
4.903603,51.13969,30.7,"facade","200064"
3.753917,50.96307,26.6,"facade","200073"
4.710196,51.07147,18.2,"facade","200076"
2.579447,51.099,21.5,"facade","200082"
4.489631,50.79049,24.6,"facade","200124"
4.384069,51.18263,34.6,"facade","200130"
3.758327,51.07924,24.6,"facade","200133"
4.15378675269362,51.1792581416038,21.2,"facade","200139"
4.72695,50.86926,22.3,"facade","200142"
4.448566,51.20179,32.3,"facade","200148"
4.217524,51.02766,27.8,"facade","200160"
4.733528,50.91374,21.9,"facade","200169"
3.604993,51.14854,24.1,"facade","200175"
3.993676,50.80897,15.2,"facade","200196"
4.488304,51.05518,23.9,"facade","200199"
3.652907,51.04614,20,"facade","200205"
5.463413,51.01771,17.3,"facade","200211"
4.335325,51.12725,28,"facade","200229"
4.855932,51.30606,25.9,"facade","200235"
3.247484,51.20548,22.9,"facade","200238"
4.119183,51.23959,24,"facade","200241"
3.122247,50.96511,20.2,"facade","200253"
4.731089,50.88474,27.7,"facade","200256"
5.424096,50.9275,14.2,"facade","200259"
4.844528,51.14482,19.9,"facade","200262"
3.642091,51.08984,18.6,"facade","200265"
4.960333,51.23595,21,"facade","200274"
3.982749,50.90269,19.8,"facade","200277"
2.904609,51.22204,31.2,"facade","200283"
4.71996,51.07504,20.7,"facade","200289"
4.061557,51.01171,22.8,"facade","200292"
4.337343,51.21956,42.5,"facade","200298"
5.0602,51.16496,16.1,"facade","200313"
4.149091,50.86131,15.6,"facade","200316"
4.682214,50.87663,43.7,"facade","200328"
3.950632,50.71246,16.7,"facade","200337"
5.179622,50.81418,35,"facade","200361"
4.454604,50.92666,25.9,"facade","200367"
5.654634,50.88868,19.8,"facade","200370"
5.11993,51.18757,39,"facade","200385"
4.545639,51.06327,19.9,"facade","200391"
4.529526,50.99618,23.8,"facade","200397"
4.948041,50.80899,20.7,"facade","200400"
5.264513,51.16092,17.7,"facade","200439"
4.904861,51.20348,16.8,"facade","200442"
5.336025,50.93184,25,"facade","200445"
4.414811,51.16782,30.9,"facade","200460"
3.660858,50.93356,18.3,"facade","200475"
4.729924,50.89993,16.1,"facade","200478"
3.681987,50.9866,24.3,"facade","200484"
5.349463,50.92549,22.1,"facade","200514"
3.436249,51.06938,21.7,"facade","200517"
3.81866286888759,50.8663215745332,21.3,"facade","200520"
4.742592,51.16551,20.7,"facade","200529"
3.921277,51.04094,24.2,"facade","200532"
3.316507,50.91819,18.8,"facade","200535"
5.759948,51.09699,17.6,"facade","200547"
5.455467,50.77905,35.8,"facade","200556"
4.383589,51.21684,29.7,"facade","200577"
5.201135,51.19156,16,"facade","200580"
3.227659,50.82276,32.7,"facade","200586"
4.433287,51.18865,34.2,"facade","200601"
3.960627,50.74031,16,"facade","200610"
3.731285,51.15323,21,"facade","200613"
5.353202,50.94499,19.9,"facade","200640"
3.192068,51.10069,36.9,"facade","200649"
4.51399,51.20897,27.9,"facade","200658"
3.429857,51.08643,23.7,"facade","200661"
4.417892,51.30733,28.5,"facade","200667"
4.62547,51.13892,30.6,"facade","200685"
4.701704,50.88078,25.7,"facade","200691"
4.915218,51.11058,18.3,"facade","200694"
3.561039,51.13277,21.2,"facade","200715"
3.757899,51.23014,20.6,"facade","200721"
5.352815,50.95959,28.7,"facade","200724"
4.520234,51.32714,21.1,"facade","200748"
4.384993,51.17667,35.8,"facade","200772"
4.329021,51.35736,24.6,"facade","200775"
3.649471,51.05636,21.2,"facade","200796"
4.247435,50.864,20.9,"facade","200805"
5.320788,50.93492,31.6,"facade","200823"
4.391918,51.18019,32.7,"facade","200826"
4.030032,50.91515,28,"facade","200832"
4.155731,50.87329,25.5,"facade","200841"
4.541868,50.81581,17.3,"facade","200847"
4.898211,50.92772,14.8,"facade","200853"
4.561759,50.97563,23.8,"facade","200862"
4.408426,51.27257,28.5,"facade","200868"
3.564776,51.18577,30.5,"facade","200877"
5.091274,51.17949,15.5,"facade","200904"
4.447707,51.20046,30.7,"facade","200910"
4.72038,50.88212,30.7,"facade","200922"
5.547211,51.2362,16,"facade","200925"
4.983395,51.05209,14.4,"facade","200928"
3.465607,50.93529,26.2,"facade","200931"
4.879294,51.1281,17.7,"facade","200976"
3.990897,50.78843,19.8,"facade","200982"
5.141872,50.96593,20,"facade","200991"
4.692226,50.87248,26.2,"facade","201000"
4.116906,50.91221,20,"facade","201003"
3.713741,51.0601,24.9,"facade","201006"
4.454087,51.20758,33.8,"facade","201009"
5.4400457771936,51.2242746841465,17.4,"facade","201021"
4.43111761432376,51.2489513570523,27.8,"facade","201027"
5.312285,50.92837,26.9,"facade","201048"
5.38864,50.85846,34.2,"facade","201051"
4.871597,51.26422,17.9,"facade","201066"
4.441455,51.15116,26.1,"facade","201075"
4.196858,50.82997,20.4,"facade","201078"
4.467534,51.00954,27.6,"facade","201084"
4.468212,51.22205,29.1,"facade","201114"
4.518503,51.07213,21.9,"facade","201117"
5.074895,50.87436,14.7,"facade","201123"
5.036502,50.87657,14,"facade","201126"
5.007789,51.165,18.8,"facade","201129"
3.743682,51.03487,28.1,"facade","201153"
2.978231,50.84043,16.9,"facade","201156"
4.412929,51.20451,39.7,"facade","201159"
4.831079,51.1179,16.9,"facade","201165"
3.104927,50.84037,17.1,"facade","201168"
4.466624,51.02694,25.6,"facade","201186"
4.548095,50.90065,18,"facade","201198"
4.577728,50.97295,17.8,"facade","201210"
3.760516,51.06751,33.1,"facade","201219"
5.024344,51.01165,14.8,"facade","201225"
3.686579,51.25375,21.5,"facade","201231"
5.497791,50.94674,19.1,"facade","201255"
5.430743,50.90855,18.4,"facade","201258"
3.217812,50.8429,23.5,"facade","201264"
4.333057,51.21403,31.7,"facade","201297"
4.155518,50.9916,25.7,"facade","201318"
4.541844,50.76589,23.4,"facade","201324"
4.466145,51.19793,26.6,"facade","201327"
4.526153,51.02428,18.6,"facade","201360"
4.634806,50.8665,22.1,"facade","201372"
3.353449,51.20743,18.3,"facade","201381"
5.20848669626998,51.0926510692449,15.7,"facade","201387"
3.457453,51.08049,20,"facade","201399"
4.445014,51.24129,30.6,"facade","201405"
3.975391,50.96985,20.7,"facade","201408"
4.274695,50.78974,20.8,"facade","201414"
4.44581,51.04403,25.5,"facade","201426"
4.361213,51.00818,30.9,"facade","201471"
4.720349,51.1029,19.6,"facade","201477"
4.403527,51.22155,36.1,"facade","201480"
4.666124,51.088,17.6,"facade","201489"
5.418774,50.93698,22.2,"facade","201501"
4.609066,51.00274,16,"facade","201507"
4.000911,50.92548,23.4,"facade","201510"
4.856156,51.31261,20.4,"facade","201528"
4.684044,50.88109,20.9,"facade","201537"
4.517725,51.03193,21.7,"facade","201540"
5.079649,51.25527,16.7,"facade","201558"
4.695629,50.91942,19.8,"facade","201561"
5.528965,50.99142,19.5,"facade","201564"
4.565233,51.18778,32.8,"facade","201570"
4.477753,50.91234,23.9,"facade","201597"
4.422756,51.22514,37.8,"facade","201612"
5.819621,51.15259,15.8,"facade","201615"
5.255904,50.76249,15.1,"facade","201633"
4.246136,51.06131,19.7,"facade","201642"
4.009484,50.8833,16.9,"facade","201651"
5.110869,51.33038,19.2,"facade","201657"
4.763469,50.86142,19,"facade","201669"
4.419627,51.18751,33.8,"facade","201672"
3.76121609451302,51.0302960831997,26,"facade","201678"
4.531903,51.26414,16.6,"facade","201690"
4.381018,51.11092,32.7,"facade","201696"
4.3595,51.0343,28.7,"facade","201708"
3.176327,50.8184,29,"facade","201714"
4.129526,50.87838,25.2,"facade","201720"
4.691979,50.88815,26.2,"facade","201726"
4.463422,51.22079,32.5,"facade","201753"
3.054154,51.14824,15.9,"facade","201759"
4.60014,50.76738,15.9,"facade","201777"
3.991276,51.10538,21.8,"facade","201780"
4.94827,51.2278,14.1,"facade","201786"
4.440944,51.24037,30.5,"facade","201789"
4.956774,51.31906,20.1,"facade","201792"
3.969376,50.75466,22.3,"facade","201810"
3.644038,50.98563,22.3,"facade","201822"
4.367294,51.15755,29.2,"facade","201828"
3.983762,50.94019,17.6,"facade","201837"
3.145291,51.30365,24.1,"facade","201843"
4.025303,50.90446,20.2,"facade","201846"
3.84351,51.00893,23.8,"facade","201855"
3.433881,50.91233,22.2,"facade","201861"
3.782131,51.01546,20.3,"facade","201879"
5.232861,50.90617,15.5,"facade","201882"
4.884095,51.30847,17.4,"facade","201894"
4.402823,51.22162,36.8,"facade","201903"
4.654544,51.11855,20.2,"facade","201906"
3.768268,51.02024,26.6,"facade","201909"
4.494326,51.02099,25.8,"facade","201915"
4.836338,51.17151,22.4,"facade","201918"
4.346448,51.20689,33.7,"facade","201921"
4.492374,50.8218,19.5,"facade","201927"
4.868241,51.11983,24.5,"facade","201942"
3.160606,50.78305,20.3,"facade","201951"
3.79115,50.83467,17.8,"facade","201954"
4.280287,51.21423,26.7,"facade","201972"
5.18554799207725,50.809365589793,20.1,"facade","201975"
4.77844,50.90315,14.5,"facade","201981"
4.995229,51.16126,23.4,"facade","202008"
4.643267,51.19966,25.3,"facade","202017"
3.733456,51.06137,30.4,"facade","202020"
4.356489,51.17245,27,"facade","202038"
3.197639,51.20506,23.8,"facade","202047"
3.880004,51.07861,23.6,"facade","202056"
5.66105,51.07471,18.7,"facade","202059"
5.409941,50.90997,18.8,"facade","202071"
4.360236,51.18629,31,"facade","202083"
5.293493,51.01617,17.9,"facade","202104"
4.48664112181797,51.0767482265122,21.1,"facade","202107"
3.713585,51.04597,36.1,"facade","202110"
4.979957,51.10856,17.2,"facade","202125"
4.513344,50.86477,21.5,"facade","202140"
4.045516,50.94594,30.4,"facade","202143"
3.04372,50.77744,26.3,"facade","202161"
4.89483,51.17854,18.1,"facade","202167"
4.306541,51.35613,28,"facade","202173"
4.836344,51.22768,17.2,"facade","202218"
4.701004,51.10664,19.1,"facade","202227"
3.742347,51.0445,41.8,"facade","202236"
4.646745,50.98685,15.5,"facade","202239"
4.512869,50.85748,21.3,"facade","202242"
4.06269,50.87222,17.4,"facade","202245"
4.953966,50.87947,16.1,"facade","202248"
4.368255,51.12672,25.3,"facade","202254"
4.53054,50.99554,28.4,"facade","202260"
5.2565441351792,51.0046288427166,20.3,"facade","202266"
4.169597,51.00344,24.8,"facade","202284"
5.382616,51.05726,36.2,"facade","202293"
3.961057,51.0877,28.7,"facade","202299"
3.92239224522884,50.8555299397567,18.1,"facade","202302"
3.737784,51.05541,36.5,"facade","202326"
2.957106,50.92039,18.6,"facade","202335"
4.98007,51.00098,16.3,"facade","202344"
3.27773322539174,50.8461650990835,26.3,"facade","202347"
4.865708,51.31388,18.9,"facade","202359"
4.134697,50.84499,13.4,"facade","202365"
3.754274,51.06144,27,"facade","202368"
3.651863,51.04771,26,"facade","202377"
4.164152,51.18685,27.4,"facade","202380"
4.462793,51.1703,32,"facade","202389"
4.53235,51.20613,25.2,"facade","202401"
3.674417,51.01706,24.7,"facade","202416"
4.43429,51.21154,39.3,"facade","202434"
4.10485,51.04963,18.4,"facade","202440"
4.535148,51.22678,34.3,"facade","202449"
5.120332,51.24144,17.7,"facade","202473"
5.17464486285426,51.0383361850709,20.8,"facade","202476"
4.220375,51.12526,47.1,"facade","202479"
4.450448,51.07669,25.7,"facade","202494"
3.985297,50.91151,19.2,"facade","202497"
4.713454,50.86174,16.9,"facade","202500"
4.454839,51.38284,17.8,"facade","202533"
4.09823,51.19361,32.4,"facade","202536"
4.736925,50.99207,16.3,"facade","202557"
5.537224,50.76859,18.3,"facade","202560"
2.647103,50.83614,16.8,"facade","202566"
4.446461,51.14973,24.4,"facade","202569"
4.36853,51.18418,40.8,"facade","202587"
4.790788,50.80961,16.7,"facade","202590"
4.480014,51.0067,25.5,"facade","202635"
3.109296,50.79461,29.1,"facade","202647"
5.303495,50.84318,19.1,"facade","202650"
4.433466,51.20733,33.7,"facade","202662"
4.33342157086557,51.1206798251565,22.5,"facade","202665"
4.163786,50.85147,17.6,"facade","202692"
3.414709,50.81649,17.7,"facade","202695"
3.985041,50.90712,20.8,"facade","202707"
3.761266,51.03235,31.5,"facade","202725"
5.073043,50.80419,16.8,"facade","202731"
4.462467,51.24483,31.2,"facade","202743"
3.135163,50.78974,23.1,"facade","202749"
4.644043,51.34709,31.1,"facade","202779"
4.182102,51.29203,25.7,"facade","202785"
4.882105,51.17451,20,"facade","202800"
3.384101,50.8423,24.2,"facade","202809"
5.089741,51.18843,19.6,"facade","202812"
4.728671,51.08208,19.6,"facade","202821"
3.774078,51.05625,21.5,"facade","202833"
4.544314,50.81004,18.4,"facade","202836"
3.809756,51.03759,22.7,"facade","202839"
4.1055691215823,51.1428476060639,20.2,"facade","202848"
3.715275,51.09811,29.8,"facade","202875"
5.005414,51.1082,23.1,"facade","202881"
3.190276,51.16026,25.4,"facade","202887"
5.537652,50.96702,18.9,"facade","202899"
3.234918,50.80997,22,"facade","202905"
4.448874,51.18797,32.3,"facade","202917"
4.810766,51.15348,20.8,"facade","202977"
4.736586,50.87595,17.2,"facade","202986"
5.503718,50.97126,17.4,"facade","202992"
4.324265,50.93886,27.5,"facade","203001"
4.402416,51.20624,34.8,"facade","203019"
3.391543,50.85968,19.6,"facade","203031"
4.191989,51.06341,18.7,"facade","203040"
4.830376,51.32553,32.8,"facade","203052"
4.02421,50.88731,16.7,"facade","203058"
4.042329,50.99156,15.9,"facade","203061"
3.709988,51.03387,27.3,"facade","203076"
3.786406,51.01401,22.6,"facade","203082"
3.438214,51.21847,22,"facade","203085"
3.903437,51.19926,21.6,"facade","203088"
4.47664,51.05971,22.4,"facade","203106"
5.341732,50.91779,20.4,"facade","203115"
4.315786,51.17289,28.5,"facade","203121"
3.223524,51.11389,20.6,"facade","203124"
4.273407,50.72318,22.4,"facade","203130"
5.745947,50.98331,17.3,"facade","203133"
4.826153,51.09394,19.8,"facade","203151"
2.991393,51.09007,18.6,"facade","203172"
4.420922,51.28489,27.5,"facade","203175"
3.986135,51.11106,23,"facade","203181"
4.428532,51.31451,45.9,"facade","203187"
3.724798,51.08779,35.6,"facade","203190"
4.023109,50.9437,33.6,"facade","203193"
4.595975,50.96521,16.7,"facade","203196"
3.618206,50.95426,20.8,"facade","203202"
5.265068,50.76718,20,"facade","203208"
4.322654,51.04535,26.1,"facade","203211"
4.384926,50.97162,18.2,"facade","203214"
3.702146,51.07804,22.7,"facade","203217"
3.763698,51.01395,24.7,"facade","203223"
3.729837,51.05049,35.6,"facade","203226"
4.743618,50.88385,18.6,"facade","203232"
3.749908,51.03032,23.5,"facade","203238"
3.884213,51.0138,20.2,"facade","203241"
4.416255,51.20644,37.1,"facade","203244"
4.569459,51.24732,17.3,"facade","203247"
5.147153,51.10537,15.8,"facade","203250"
4.082895,50.8699,37.6,"facade","203265"
3.795056,51.07924,28.8,"facade","203280"
5.18858,50.86977,20,"facade","203286"
4.915277,51.08806,21.7,"facade","203295"
4.261737,51.107,18,"facade","203298"
3.86054,50.92219,28.4,"facade","203325"
4.382123,50.93168,21.7,"facade","203337"
4.711645,50.87609,21.5,"facade","203346"
3.752755,51.05973,40.3,"facade","203352"
4.662197,50.99963,17.6,"facade","203355"
3.658058,51.04866,22.3,"facade","203373"
3.76844012927029,50.99766259403,34,"facade","203385"
4.467565,51.19622,28.5,"facade","203388"
3.788605,51.06932,22.4,"facade","203397"
5.269995,51.16844,15.3,"facade","203400"
5.058131,50.97927,22.6,"facade","203406"
3.684963,51.07124,20.2,"facade","203409"
4.643105,51.11438,29.3,"facade","203412"
3.70173192978818,51.0689652235111,36.6,"facade","203424"
4.437584,51.30803,21.1,"facade","203427"
4.424869,51.20296,30.1,"facade","203436"
3.611603,50.98131,18.1,"facade","203442"
3.304388,50.85112,26.4,"facade","203448"
3.605219,50.75767,20.3,"facade","203478"
3.180703,51.20603,24,"facade","203481"
4.735864,50.88904,20.2,"facade","203487"
5.126418,51.18644,16.4,"facade","203490"
4.408576,51.20189,31.2,"facade","203499"
4.521566,51.0109,20,"facade","203502"
4.465172,51.20061,31,"facade","203541"
5.17952,51.03164,17.7,"facade","203565"
4.275875,51.06833,19.5,"facade","203583"
4.860797,51.01239,16.5,"facade","203589"
3.569027,50.98046,19.6,"facade","203607"
3.141424,50.94017,26.9,"facade","203610"
3.886849,51.0046,25.8,"facade","203634"
3.116118,50.79885,21.6,"facade","203640"
4.446085,51.19185,29.8,"facade","203661"
5.02012,51.47429,16.7,"facade","203670"
4.550373,50.83643,17.7,"facade","203682"
4.594602,51.18183,33,"facade","203688"
5.313452,50.89586,23.4,"facade","203691"
4.821926,51.12379,17,"facade","203709"
4.423782,51.14012,25.6,"facade","203718"
2.724488,50.85979,21.2,"facade","203727"
4.429227,51.20923,42.1,"facade","203730"
4.673539,50.87663,22.1,"facade","203733"
4.670531,50.94608,16.7,"facade","203739"
4.563455,51.12736,19.2,"facade","203742"
3.241855,51.21275,24.5,"facade","203751"
3.89451968284086,50.9017964316464,17.3,"facade","203757"
4.473161,50.97482,21,"facade","203778"
4.045209,51.20788,19.6,"facade","203781"
4.323279,51.22078,29.1,"facade","203790"
2.889363,50.8517,25.3,"facade","203796"
3.274093,50.8148,23.3,"facade","203802"
3.26719,50.83629,23.2,"facade","203814"
4.427612,51.22394,40.1,"facade","203826"
4.76338693989351,51.4130291703008,20.7,"facade","203829"
4.495243,50.91832,19.2,"facade","203847"
4.261445,50.84001,21.5,"facade","203856"
3.979887,51.10087,20.5,"facade","203862"
3.757901,51.01456,22,"facade","203865"
4.438874,51.2275,54.5,"facade","203880"
3.321699,50.99223,29,"facade","203901"
3.134262,50.93628,21.2,"facade","203904"
4.054131,50.8225,14.9,"facade","203913"
3.629953,51.02046,18.7,"facade","203916"
3.502602,50.79632,18.8,"facade","203931"
4.567993,51.12111,23.4,"facade","203934"
4.381595,51.17848,36.9,"facade","203937"
5.358265,50.90592,20.3,"facade","203949"
4.439047,51.13786,26.5,"facade","203955"
4.015121,50.91458,19.7,"facade","203970"
4.953228,51.27766,16.1,"facade","203973"
4.799886,50.92561,15.6,"facade","203976"
3.52474,50.90321,27.5,"facade","203979"
4.728346,50.98823,20.3,"facade","203997"
3.770764,50.85412,14.8,"facade","204012"
2.98208,51.19684,17.4,"facade","204054"
3.268142,51.15941,20.3,"facade","204066"
3.084607,51.18986,25.6,"facade","204069"
3.197885,51.29453,29.9,"facade","204075"
4.517071,50.90357,20.5,"facade","204078"
4.501104,51.24602,23.3,"facade","204090"
4.560741,51.31357,20.6,"facade","204093"
4.796299,50.96778,17.3,"facade","204102"
4.052469,50.79177,16.2,"facade","204108"
4.669981,51.01262,15.7,"facade","204111"
4.414011,51.19606,33.5,"facade","204117"
4.459976,51.06678,21.8,"facade","204123"
4.339735,50.95605,19.6,"facade","204132"
3.854323,50.89438,22.9,"facade","204147"
3.69659,50.90367,16.3,"facade","204159"
4.396277,50.94286,21.1,"facade","204171"
3.764111,51.09667,27.3,"facade","204177"
3.31628,50.95005,21,"facade","204180"
2.887994,51.21553,23.7,"facade","204183"
2.964474,51.24062,24.4,"facade","204186"
4.649417,50.81011,13.7,"facade","204192"
4.44732386108645,51.2778647585259,21.7,"facade","204195"
2.914309,51.21962,25.1,"facade","204198"
4.626081,50.7991,14.4,"facade","204201"
4.487102,51.1967,28.4,"facade","204216"
4.38368,50.9303,22.7,"facade","204249"
4.583988,51.09992,18.3,"facade","204261"
5.111727,51.1889,26,"facade","204264"
3.743205,50.98621,23.5,"facade","204270"
4.034429,50.93151,27.3,"facade","204285"
3.060196,50.89607,22,"facade","204288"
3.293258,50.80165,21.8,"facade","204294"
5.281467,51.01552,23,"facade","204303"
3.193069,50.81181,38.7,"facade","204315"
4.270255,51.12386,27.8,"facade","204318"
3.89389,51.0992,19.7,"facade","204324"
4.148776,50.80131,15.4,"facade","204327"
5.456542,50.78904,16.5,"facade","204351"
4.677013,51.3513,31.1,"facade","204366"
3.604138,50.7452,28.2,"facade","204369"
4.554761,51.12595,29.1,"facade","204387"
5.510412,50.9608,16.5,"facade","204399"
4.635284,51.05495,20.9,"facade","204405"
3.779825,50.95541,24.7,"facade","204444"
3.208335,51.22055,28.1,"facade","204447"
3.62566,50.84596,17.1,"facade","204450"
4.453317,51.36257,18.9,"facade","204459"
4.742295,51.191,18.6,"facade","204474"
4.418068,51.03415,24.6,"facade","204477"
4.664285,51.17131,20.1,"facade","204483"
4.938693,50.80032,21,"facade","204516"
3.750506,51.03925,25.4,"facade","204528"
3.080651,51.29507,21.7,"facade","204537"
4.459402,51.16925,26.3,"facade","204564"
4.986002,50.83022,19.5,"facade","204570"
4.137941,51.16301,27.3,"facade","204573"
4.833572,51.1528,24.7,"facade","204576"
3.72655,51.05283,28.8,"facade","204579"
2.966927,51.23724,23.8,"facade","204591"
3.5833,50.74953,38.1,"facade","204597"
3.619115,51.22635,20.7,"facade","204615"
5.003383,51.163,27.7,"facade","204636"
5.120952,51.18424,19.2,"facade","204639"
5.380667,50.86941,15.9,"facade","204642"
3.43938,50.87738,21.3,"facade","204645"
5.05397,51.1629,16.9,"facade","204648"
4.974904,50.77315,18.3,"facade","204660"
4.691232,50.85689,21.6,"facade","204672"
3.813167,50.97157,22.9,"facade","204675"
4.931862,51.31356,21.2,"facade","204696"
4.383815,51.1801,35.5,"facade","204702"
4.224501,50.70831,20.9,"facade","204747"
4.667406,51.06011,19.5,"facade","204753"
4.351711,50.97351,20.4,"facade","204768"
4.369401,51.18469,30.6,"facade","204777"
3.129519,50.85365,17.7,"facade","204786"
5.11732273299606,51.0152231407633,15.8,"facade","204795"
5.089984,51.00262,15,"facade","204804"
3.63902407314899,51.0861183583744,20.2,"facade","204846"
4.843565,50.91166,14.6,"facade","204852"
4.358421,51.04843,21.9,"facade","204861"
4.381668,51.17254,35.1,"facade","204864"
5.791186,51.09353,21.1,"facade","204891"
4.710158,50.87328,20.2,"facade","204897"
3.716293,51.04947,26.7,"facade","204912"
4.46464324348471,51.2011974586515,28.8,"facade","204918"
4.427874,51.2107,35.7,"facade","204921"
3.676246,50.85523,16.8,"facade","204924"
4.374838,51.11024,32.4,"facade","204951"
4.723723,51.01415,17.5,"facade","204969"
3.25613,51.20378,21.1,"facade","204978"
4.698488,50.93103,15.7,"facade","204990"
4.357833,51.10998,27.8,"facade","204993"
5.071205,50.75727,16.9,"facade","204999"
3.709862,51.0494,31.2,"facade","205041"
4.978438,51.18323,18.7,"facade","205044"
4.792927,51.19333,17.6,"facade","205050"
5.147323,51.07423,22.6,"facade","205053"
4.9753070548278,51.3189340193734,16.1,"facade","205068"
3.835163,50.8729,20.9,"facade","205086"
5.472754,50.95502,20.9,"facade","205098"
2.86272,50.84019,17.3,"facade","205104"
4.792227,50.96278,19.1,"facade","205113"
4.03457,50.94491,39.4,"facade","205122"
4.577015,51.2118,23.7,"facade","205143"
4.747278,50.91709,22.3,"facade","205152"
3.444895,51.03934,16.5,"facade","205155"
4.088387,51.11135,21.6,"facade","205182"
5.068942,50.99582,30.7,"facade","205212"
3.081846,50.80889,28.8,"facade","205218"
4.630937,51.26016,18.8,"facade","205227"
3.906789,51.09447,22.1,"facade","205233"
4.977373,51.34021,16.6,"facade","205236"
4.696481,51.20122,17.1,"facade","205242"
3.271703,50.9937,17.3,"facade","205248"
4.17561385282293,50.9393899003924,19.8,"facade","205251"
4.576584,51.14529,22.1,"facade","205260"
3.228907,50.832,19.6,"facade","205266"
3.015683,51.16503,24.5,"facade","205269"
4.338501,50.95726,20.3,"facade","205287"
5.089002,51.06087,26.1,"facade","205290"
4.032789,50.92873,32,"facade","205323"
4.890371,50.87712,13.7,"facade","205350"
4.350185,51.17258,30.1,"facade","205380"
3.135599,51.01044,17.5,"facade","205383"
3.744708,51.04961,39.5,"facade","205386"
4.466098,51.19624,25.4,"facade","205398"
4.452111,51.20891,36.5,"facade","205401"
5.30538,51.2019,18.8,"facade","205428"
3.634972,50.96274,22,"facade","205431"
3.190295,51.19516,20.7,"facade","205434"
5.016535,50.83695,16.6,"facade","205440"
4.435946,51.20346,44.8,"facade","205443"
5.58620911300636,51.0442672812819,43.9,"facade","205446"
4.242415,50.95685,18.4,"facade","205449"
3.088173,51.29811,23.6,"facade","205476"
4.778792,50.83863,18.3,"facade","205482"
3.762523,50.96659,21.5,"facade","205488"
3.819189,50.95235,18.1,"facade","205506"
2.76118,50.82558,17.5,"facade","205518"
4.931504,51.21774,13.9,"facade","205533"
4.81176,50.82341,32.7,"facade","205551"
2.825876,50.85347,24.2,"facade","205554"
4.928511,50.8074,24.6,"facade","205566"
4.417356,50.98795,20,"facade","205569"
4.46631,51.22634,35.5,"facade","205581"
4.559901,51.23451,18.5,"facade","205590"
5.075854,50.76643,23,"facade","205593"
4.164153,51.03221,21.3,"facade","205599"
4.26629,51.10166,20.7,"facade","205623"
5.150077,51.13986,15.4,"facade","205626"
4.522886,51.19803,26.3,"facade","205635"
3.673796,51.10036,17.5,"facade","205647"
5.502915,51.11399,14.6,"facade","205656"
4.044623,50.94176,32.8,"facade","205671"
4.43075,51.21688,34.1,"facade","205674"
4.422964,51.22132,45.2,"facade","205683"
4.246435,51.06806,24.8,"facade","205698"
3.998104,50.73811,17.5,"facade","205701"
2.570756,51.09387,19.5,"facade","205719"
4.456278,51.22459,40.3,"facade","205722"
5.388327,51.05873,17.8,"facade","205764"
4.420674,51.22417,36.3,"facade","205767"
3.743369,51.17682,20.5,"facade","205782"
3.932773,50.88982,17.4,"facade","205788"
5.477677,50.95503,21.7,"facade","205791"
3.566642,50.81458,21,"facade","205794"
4.099778,51.03087,21.1,"facade","205797"
3.665264,51.1207,17.6,"facade","205806"
4.397075,51.20498,34,"facade","205812"
4.454794,50.97142,24.2,"facade","205824"
4.333729,51.12646,27.9,"facade","205830"
3.27554915948204,50.8217007551349,25.2,"facade","205836"
4.429166,51.1723,26.7,"facade","205842"
4.387425,51.13192,24.7,"facade","205848"
4.238727,50.86646,22.1,"facade","205854"
5.204281,51.09399,13.2,"facade","205878"
3.326324,50.85422,20.1,"facade","205881"
4.693454,50.88065,43,"facade","205887"
3.483047,51.21477,23.5,"facade","205908"
4.73175693258927,50.8305786196714,18.5,"facade","205932"
4.157607,50.8722,28.4,"facade","205947"
3.607406,51.15022,20,"facade","205950"
4.533023,50.77535,25.5,"facade","205962"
4.011139,50.89883,18.4,"facade","205965"
5.159618,50.97285,17.9,"facade","205968"
3.157937,51.26567,22.9,"facade","205974"
3.736048,51.05146,29.4,"facade","205986"
4.283313,51.14457,23.1,"facade","205989"
5.526804,50.88642,19.1,"facade","206007"
3.559524,51.11456,27.1,"facade","206019"
4.063309,51.17717,20.5,"facade","206025"
3.233172,51.20358,35.5,"facade","206034"
2.59972436794357,51.076777067862,20.2,"facade","206037"
4.428282,51.21259,32.4,"facade","206040"
4.483777,50.91335,21.6,"facade","206064"
5.132484,51.19822,18.1,"facade","206067"
4.855783,51.36159,18.1,"facade","206073"
5.316202,50.93667,48.3,"facade","206076"
4.329789,51.19843,36.3,"facade","206088"
4.677184,51.05447,19.1,"facade","206091"
3.811927,50.86039,24.8,"facade","206106"
4.692867,50.88543,29,"facade","206121"
4.915235,51.10107,17.7,"facade","206127"
4.162631,51.14694,30.8,"facade","206130"
4.50665,50.87637,28.7,"facade","206133"
3.207381,51.22835,23.4,"facade","206136"
4.002115,51.0259,23.2,"facade","206142"
4.517522,51.18011,21.5,"facade","206190"
5.639829,51.11312,16.8,"facade","206196"
5.727477,51.03015,31.8,"facade","206211"
4.900143,50.92945,13.7,"facade","206226"
3.660364,50.98932,23.5,"facade","206232"
4.943239,51.44744,23.3,"facade","206247"
4.506007,51.10307,20.9,"facade","206259"
4.380792,51.21666,28.5,"facade","206277"
4.667599,51.18846,23.7,"facade","206286"
4.471349,51.05827,20.9,"facade","206289"
4.70660282969791,51.0010924056482,20,"facade","206295"
4.498044,51.09176,26.3,"facade","206319"
3.991115,51.18624,18.8,"facade","206322"
4.390467,51.16636,33.4,"facade","206331"
4.606472,51.18574,21.8,"facade","206334"
4.309124,51.01,22.9,"facade","206337"
2.975407,51.20099,27.6,"facade","206340"
3.279783,50.81488,23.9,"facade","206343"
4.435687,51.17857,31.9,"facade","206358"
4.022299,51.10914,20.7,"facade","206373"
3.232169,51.33694,24.6,"facade","206385"
4.899262,51.12737,19.2,"facade","206388"
3.725446,51.1229,22.1,"facade","206397"
3.077926,50.81374,23.5,"facade","206403"
3.815273,51.03748,21.1,"facade","206424"
4.215181,51.08439,18.3,"facade","206448"
5.670809,50.94955,20.9,"facade","206457"
4.630265,50.86281,22.9,"facade","206460"
3.35063,51.06769,18.4,"facade","206466"
4.871237,51.35356,17.1,"facade","206484"
4.686165,50.87461,49.2,"facade","206487"
3.992261,50.73695,19.3,"facade","206493"
3.379671,50.81516,18.4,"facade","206496"
3.227785,50.84038,20.5,"facade","206508"
3.693236,51.04487,20.2,"facade","206517"
4.607078,51.21099,28,"facade","206523"
4.227475,51.20743,21.5,"facade","206538"
4.496375,51.29637,22.9,"facade","206553"
3.930588,51.06038,21.8,"facade","206571"
4.130756,50.92347,15.7,"facade","206586"
4.599095,51.39605,21,"facade","206592"
3.201613,50.90351,18.8,"facade","206601"
4.954755,51.31769,21,"facade","206610"
5.479543,51.25289,25.2,"facade","206619"
4.852779,51.14267,24.6,"facade","206631"
4.479649,51.20136,28.1,"facade","206634"
3.94191,51.17191,20.8,"facade","206646"
3.992092,51.10204,31.8,"facade","206652"
3.809379,51.20283,24.7,"facade","206655"
4.183253,51.25768,28.6,"facade","206658"
4.729175,51.19608,19.3,"facade","206661"
3.820511,50.76159,13.8,"facade","206682"
4.401242,51.14415,29.5,"facade","206694"
4.780509,51.29156,19.1,"facade","206697"
4.244119,51.18171,25.7,"facade","206706"
3.62536,50.81357,17.3,"facade","206709"
4.351611,51.05652,30.7,"facade","206718"
3.243698,51.14873,25.7,"facade","206733"
3.237032,50.83103,19.4,"facade","206745"
4.483227,51.20164,35.7,"facade","206778"
4.91397,51.08399,17.4,"facade","206781"
5.269072,51.00812,20.6,"facade","206805"
5.320614,51.22332,19.2,"facade","206811"
4.423277,51.15439,28.9,"facade","206814"
4.412587,51.30421,22.6,"facade","206820"
4.304284,51.07384,23.9,"facade","206823"
5.295455,50.88542,20.9,"facade","206832"
3.979788,50.95492,25.5,"facade","206838"
5.472362,51.08228,15.9,"facade","206853"
4.471373,51.3935,23.5,"facade","206856"
4.903717,50.80257,16.4,"facade","206871"
4.050504,50.94639,44.3,"facade","206877"
3.386863,50.83855,21.4,"facade","206889"
4.01074,50.82404,17.5,"facade","206913"
3.604183,50.84187,20.8,"facade","206928"
4.207774,51.14342,21.9,"facade","206931"
4.358202,51.18546,29.9,"facade","206949"
3.611589,50.8896,19.4,"facade","206964"
3.491513,51.08957,18.6,"facade","206979"
4.233861,51.09641,24.5,"facade","206982"
4.5126011170967,51.2067312468646,31.3,"facade","206988"
3.116742,50.95322,27.1,"facade","206997"
5.182269,50.80972,19.2,"facade","207006"
3.431371,50.9375,16.2,"facade","207015"
4.414541,51.21566,47.8,"facade","207018"
4.446132,51.18578,26.1,"facade","207036"
5.564554,51.13891,20.3,"facade","207045"
4.444239,51.15171,24.6,"facade","207063"
2.663559,51.07122,24.8,"facade","207066"
4.235355,50.72206,30.3,"facade","207081"
4.758043,51.36692,23,"facade","207099"
4.702754,51.26872,20.4,"facade","207105"
3.530215,50.98804,19.6,"facade","207120"
5.233134,50.91937,18.6,"facade","207129"
4.511092,51.07716,22.6,"facade","207144"
4.368108,51.09082,28,"facade","207180"
4.237348,50.73087,24.1,"facade","207183"
3.224261,51.09913,27,"facade","207189"
4.070835,51.24898,29.6,"facade","207192"
5.360519,50.96825,18,"facade","207195"
5.009093,51.36911,14.7,"facade","207198"
4.25165,51.08418,19.6,"facade","207201"
3.881607,51.07675,24.9,"facade","207207"
4.922884,51.32089,22.7,"facade","207213"
4.380297,51.33867,20.9,"facade","207234"
5.497777,50.78236,15.4,"facade","207240"
5.322449,50.91393,34.3,"facade","207246"
5.199949,50.86445,14.9,"facade","207249"
3.202555,50.98448,21.9,"facade","207261"
5.53722542761008,50.9898529391615,20.8,"facade","207270"
5.459316,50.78275,30.5,"facade","207273"
4.248838,51.21215,23,"facade","207282"
3.17565,50.82214,26.1,"facade","207300"
5.232717,51.1932,15.4,"facade","207306"
3.131497,50.95121,25.3,"facade","207324"
3.727183,50.87303,18.6,"facade","207357"
4.943417,51.09684,26.3,"facade","207363"
5.417395,50.74104,15.8,"facade","207378"
3.688353,51.07548,19.7,"facade","207390"
4.251133,51.22156,47,"facade","207396"
2.669687,51.11113,21.3,"facade","207402"
3.44307751621676,51.0894313467421,23.2,"facade","207408"
4.439346,51.04059,33.8,"facade","207411"
4.38244,51.18614,34.9,"facade","207438"
3.71801,51.0576,22.6,"facade","207453"
4.122681,50.99391,21.7,"facade","207456"
4.846743,51.02014,13,"facade","207459"
3.276922,50.90901,19.3,"facade","207465"
4.33373,50.75013,23.3,"facade","207477"
4.47358,50.99558,24.6,"facade","207480"
4.98727,51.203,16.5,"facade","207486"
4.142199,51.16187,31.8,"facade","207498"
4.453084,51.23969,30.2,"facade","207519"
3.888171,50.90419,20.7,"facade","207573"
4.44005,51.15636,32.7,"facade","207585"
5.276403,51.02917,17,"facade","207597"
4.125443,51.08961,18.5,"facade","207612"
4.425026,51.35755,20.9,"facade","207624"
4.835304,50.98107,21.1,"facade","207627"
3.817181,50.80856,16.9,"facade","207636"
4.02774,51.24025,18.3,"facade","207648"
5.68382,51.08416,19.1,"facade","207651"
4.530425,51.07606,19.6,"facade","207657"
2.66565,51.07128,25.2,"facade","207675"
2.677152,50.97072,19.9,"facade","207687"
3.263734,51.1622,21.7,"facade","207696"
3.633864,50.95908,21.9,"facade","207699"
4.0933,51.06189,19,"facade","207708"
3.71653749879214,51.2569072751525,21.7,"facade","207711"
4.14388,50.9564,27.7,"facade","207723"
5.220491,51.04739,20.4,"facade","207732"
4.833966,50.98622,18.8,"facade","207735"
3.421853,50.96472,28.3,"facade","207747"
5.116914,50.94597,22.3,"facade","207753"
4.361186,51.08766,37.3,"facade","207765"
4.308686,51.05183,23.4,"facade","207771"
3.236135,50.82766,23.6,"facade","207774"
4.580985,51.23305,19.6,"facade","207780"
5.4843,50.96265,36,"facade","207783"
4.279613,50.87749,41.3,"facade","207786"
3.072662,50.84575,16.8,"facade","207831"
4.47164424814855,51.2213748584719,29.8,"facade","207834"
5.558055,51.14734,14.9,"facade","207849"
5.278557,50.96613,24.1,"facade","207861"
3.029255,51.25852,25.8,"facade","207864"
5.524275,50.97373,18.7,"facade","207870"
3.631063,50.93134,23.2,"facade","207873"
4.631308,50.86853,15.7,"facade","207885"
4.339559,51.14926,26.2,"facade","207894"
4.93055634516869,51.325799453081,21.1,"facade","207900"
3.160173,50.98784,20.2,"facade","207906"
4.918397,50.81498,16.7,"facade","207912"
4.644978,51.401,18.5,"facade","207933"
4.696423,51.034,25.7,"facade","207942"
3.821415,51.19418,20.3,"facade","207948"
4.502879,51.26094,27.7,"facade","207951"
3.764153,51.03576,29.4,"facade","207960"
5.572516,50.93588,14.2,"facade","207963"
4.392394,51.11652,33.4,"facade","207969"
3.772441,51.17271,21.4,"facade","207972"
3.123631,50.80107,35.1,"facade","207981"
3.222928,50.81757,21.5,"facade","207993"
4.615882,50.75233,26,"facade","208005"
4.701332,50.87981,29.2,"facade","208017"
3.716431,51.02771,23.8,"facade","208023"
3.904653,50.78646,21.4,"facade","208029"
5.350917,51.00063,23,"facade","208047"
4.461633,51.1464,25.9,"facade","208050"
3.552888,51.00164,27.9,"facade","208059"
4.297212,51.21737,27.7,"facade","208083"
5.57219264055425,50.8751154767773,16.6,"facade","208086"
4.593668,51.02029,17,"facade","208089"
3.248595,50.84928,23.7,"facade","208092"
4.058153,50.88854,18.8,"facade","208095"
3.498495,50.94426,16.6,"facade","208098"
4.137792,50.95633,15.6,"facade","208104"
3.135035,50.9741,20.3,"facade","208107"
3.391534,50.84215,20.2,"facade","208134"
4.637869,50.97651,22.2,"facade","208143"
4.131936,51.21078,19.9,"facade","208152"
3.17169123407306,50.7750619106403,36.4,"facade","208170"
4.415481,51.20171,37.8,"facade","208176"
5.364179,50.82109,15.6,"facade","208182"
3.679057,50.92226,17.6,"facade","208194"
4.832776,50.94772,17.3,"facade","208209"
4.546716,50.93651,31.6,"facade","208215"
3.675312,51.00575,20.9,"facade","208230"
3.33944,50.81134,28.5,"facade","208245"
4.557887,50.81728,16.9,"facade","208251"
5.655949,51.12613,17,"facade","208263"
4.938516,51.056,15.1,"facade","208269"
4.066882,50.99699,18.3,"facade","208299"
4.729785,51.10284,26.8,"facade","208308"
4.106672,51.04577,23.5,"facade","208314"
4.20316,50.78848,18.5,"facade","208317"
3.725151,51.0897,41.8,"facade","208332"
4.39303584041398,51.2125234818046,49.2,"facade","208338"
5.255582,50.98699,16.7,"facade","208356"
4.372219,51.1311,28.6,"facade","208386"
4.727353,51.25509,14.7,"facade","208392"
4.448923,51.3272,20.9,"facade","208404"
5.108128,51.25152,18.7,"facade","208422"
5.385714,50.9139,17.1,"facade","208431"
2.978942,50.87051,30.2,"facade","208440"
4.339021,51.1754,32.8,"facade","208455"
4.335418,50.92236,25.8,"facade","208467"
4.503762,50.91856,22.9,"facade","208473"
3.12104,50.94892,27.5,"facade","208485"
4.44929,51.15134,21.8,"facade","208488"
3.846786,50.83257,14.4,"facade","208491"
4.196428,50.90846,24.4,"facade","208497"
4.944097,50.9638,18.1,"facade","208509"
4.742355,51.17958,24.2,"facade","208512"
4.592826,50.90903,14.6,"facade","208530"
5.335179,50.97309,14.9,"facade","208536"
4.803279,51.10078,20.5,"facade","208542"
5.100475,51.10084,17.4,"facade","208554"
4.193256,51.22374,25.3,"facade","208557"
3.10644,50.93223,20.1,"facade","208563"
5.414799,50.93587,22.2,"facade","208566"
4.22428,50.72301,24.3,"facade","208581"
4.697988,51.00229,15.9,"facade","208590"
3.981361,50.95324,27.8,"facade","208605"
5.25237,51.03299,23.8,"facade","208614"
3.720586,51.02333,33.8,"facade","208641"
3.147343,51.19016,24,"facade","208644"
4.739324,51.07728,17.7,"facade","208650"
4.790849,50.84506,16.6,"facade","208653"
3.296359,50.84608,27,"facade","208662"
3.753635,51.21909,24.6,"facade","208677"
4.036114,51.0857,20.8,"facade","208686"
4.965601,51.32139,29.6,"facade","208689"
4.658217,50.88873,22.1,"facade","208692"
4.429313,51.2117,48.3,"facade","208695"
5.44091,50.85993,19,"facade","208701"
3.325304,51.00236,23.3,"facade","208707"
3.76747,51.0909,22.6,"facade","208710"
4.307449,51.16711,25.9,"facade","208716"
5.052398,51.31334,17.7,"facade","208728"
3.305507,50.86461,20.7,"facade","208734"
4.496973,51.03689,22.1,"facade","208737"
4.232993,50.73501,25.8,"facade","208743"
4.306161,51.21707,31,"facade","208749"
2.851295,50.86706,29.3,"facade","208752"
4.224754,50.84068,34.3,"facade","208782"
4.43491,51.30796,20.3,"facade","208785"
4.458647,51.24289,26.2,"facade","208791"
3.821005,51.03784,23.1,"facade","208797"
4.151707,51.17166,29.8,"facade","208800"
3.755288,51.0661,34.2,"facade","208806"
4.110289,51.17488,25.8,"facade","208827"
3.260443,50.92145,21.9,"facade","208836"
3.821696,51.05927,29.6,"facade","208863"
5.098426,51.01992,15.5,"facade","208869"
3.759842,51.14018,24.8,"facade","208875"
4.485157,50.93836,19.2,"facade","208881"
4.382598,51.1397,28.7,"facade","208887"
3.211992,51.18684,23.3,"facade","208890"
4.934224,50.99452,15.4,"facade","208899"
3.751725,51.04418,30.5,"facade","208902"
4.312316,51.34603,23.1,"facade","208920"
3.301548,50.76702,16.5,"facade","208935"
3.719023,51.1097,22.7,"facade","208941"
3.412648,50.90212,37.8,"facade","208944"
4.430058,51.15903,29.7,"facade","208953"
5.580079,51.16969,20.1,"facade","208956"
4.482918,50.94816,29.8,"facade","208962"
5.311036,50.90414,17.7,"facade","208968"
5.145869,50.81215,23,"facade","208986"
4.435963,51.30948,19.9,"facade","208995"
3.714367,51.09265,24.2,"facade","208998"
4.101974,50.95392,18.7,"facade","209001"
4.60539829237404,51.180110024841,37.6,"facade","209004"
4.935822,51.01515,15.7,"facade","209010"
4.538101,51.387,16.6,"facade","209031"
4.57297,51.31075,18.9,"facade","209040"
4.544054,51.26218,19.7,"facade","209049"
4.633921,51.00393,21.6,"facade","209061"
4.84170429317296,50.9762193876563,25.7,"facade","209079"
3.144871,51.03239,17.7,"facade","209082"
5.247875,50.94408,18.4,"facade","209085"
3.287137,51.34288,29.8,"facade","209091"
4.945268,51.32786,31.8,"facade","209097"
4.97709102617007,50.9781568768921,29.7,"facade","209106"
4.232904,51.1002,30.4,"facade","209112"
4.4493455637028,51.1722240619066,28.7,"facade","209124"
3.938393,51.15054,17.3,"facade","209127"
5.105209,50.88039,16.2,"facade","209130"
5.44086,50.77497,16.5,"facade","209154"
3.693764,51.11329,25.7,"facade","209169"
3.195996,51.20596,23.2,"facade","209178"
3.072677,51.1677,20.1,"facade","209193"
3.898105,51.00046,19.6,"facade","209211"
4.816378,51.05701,16,"facade","209217"
4.445239,51.24717,29.4,"facade","209223"
3.731004,51.06056,28.5,"facade","209241"
4.88172,51.31535,17.7,"facade","209259"
4.9065,51.24216,16.1,"facade","209283"
4.571814,50.92368,18.3,"facade","209316"
3.028701,51.01777,18.1,"facade","209319"
3.850821,50.92058,22.3,"facade","209331"
4.457326,51.03364,33.5,"facade","209340"
3.282636,50.81875,24.1,"facade","209355"
5.186953,50.81247,32.9,"facade","209367"
4.170936,51.29371,25.6,"facade","209394"
5.446101,51.22933,16,"facade","209433"
5.301915,51.22862,21.3,"facade","209454"
4.993293,51.10018,19,"facade","209466"
4.249717,50.71125,20.1,"facade","209472"
4.673923,51.05862,21.3,"facade","209478"
4.375913,51.16975,28.4,"facade","209481"
5.537875,51.09651,18.1,"facade","209490"
4.56899,51.18904,21.4,"facade","209493"
4.887231,50.77614,17.7,"facade","209505"
4.788827,51.00135,18.6,"facade","209508"
4.52561,50.99868,30.1,"facade","209514"
4.637124,51.24435,18.9,"facade","209529"
3.436485,51.10892,22,"facade","209532"
4.552782,51.14274,22.6,"facade","209565"
3.248354,50.91341,18.9,"facade","209568"
5.01982004351103,51.0829138806177,14.6,"facade","209583"
4.424506,51.19956,32.2,"facade","209616"
4.540943,50.76987,23.8,"facade","209628"
3.207841,51.19212,24.2,"facade","209631"
4.638864,51.34069,21.4,"facade","209640"
5.240212,51.19024,14.6,"facade","209652"
4.493447,51.24908,24.4,"facade","209664"
4.157315,51.16465,30.9,"facade","209676"
3.818994,51.20366,23.2,"facade","209679"
4.924819,51.31988,26.7,"facade","209694"
4.10861074889357,50.960467546088,18.8,"facade","209703"
3.954393,51.04643,22.1,"facade","209706"
4.433968,51.22592,33.1,"facade","209724"
4.995188,51.16438,21.7,"facade","209739"
4.550177,51.02168,33.2,"facade","209742"
4.900461,51.12965,18.2,"facade","209745"
3.125264,51.00918,20.7,"facade","209766"
5.03066,51.02378,14.2,"facade","209775"
3.090043,51.17916,26.3,"facade","209784"
4.476702,50.76013,29,"facade","209799"
4.558139,50.97289,18,"facade","209805"
4.446515,51.16048,22.8,"facade","209817"
4.42691,50.97647,19.5,"facade","209823"
4.547096,50.97988,17.5,"facade","209826"
4.438103,51.2242,36.3,"facade","209832"
4.084578,51.25427,19.7,"facade","209838"
3.986705,51.10613,22,"facade","209853"
4.108347,50.96451,17.2,"facade","209865"
4.422945,51.19427,43,"facade","209874"
3.731774,50.98907,27.4,"facade","209886"
4.479595,51.1313,24,"facade","209892"
4.976845,50.7988,19.2,"facade","209907"
4.659661,50.86186,22.7,"facade","209916"
3.192801,51.14829,19.1,"facade","209934"
4.707618,50.82603,20.4,"facade","209940"
4.462181,51.20057,30.2,"facade","209955"
3.96375,50.85755,15.6,"facade","209964"
4.11839,51.17498,29.6,"facade","209967"
3.56335,50.92448,18.4,"facade","209973"
5.490087,50.84053,16.8,"facade","209991"
3.644806,51.09356,22.9,"facade","210000"
4.373329,51.09142,27.5,"facade","210009"
4.947495,50.84042,26.6,"facade","210012"
4.829502,51.08584,16.8,"facade","210048"
4.458631,51.28958,16.4,"facade","210057"
4.585481,51.31601,25.9,"facade","210060"
4.583432,51.24198,21.8,"facade","210063"
5.724478,51.01244,18.7,"facade","210084"
4.58309,50.89283,20,"facade","210087"
5.419869,50.89864,19.5,"facade","210102"
4.882485,51.31981,18,"facade","210114"
2.908435,51.19722,21.1,"facade","210129"
4.463858,51.16551,22.3,"facade","210135"
4.647653,51.3543,22.8,"facade","210147"
4.24448,51.18556,23.6,"facade","210165"
4.241816,50.95143,19.6,"facade","210171"
3.41138,50.88127,22.5,"facade","210174"
5.105432,51.16808,21.9,"facade","210177"
4.449421,51.19181,29.4,"facade","210198"
2.923946,50.83808,17.1,"facade","210201"
4.109276,51.18319,23.7,"facade","210204"
3.375806,51.10213,25,"facade","210225"
3.221665,51.21392,46.6,"facade","210228"
4.345858,51.17304,32.1,"facade","210231"
4.128038,51.02639,21.2,"facade","210252"
3.711544,51.03071,27.4,"facade","210258"
5.368671,50.98439,19.4,"facade","210261"
3.166536,51.10596,21.7,"facade","210273"
5.146508,50.7411,15.1,"facade","210291"
3.762307,51.03639,33.4,"facade","210297"
4.529006,50.88203,18.4,"facade","210306"
3.137689,50.96655,27.7,"facade","210312"
4.168077,50.95016,19.9,"facade","210354"
4.074205,50.88279,24.5,"facade","210363"
3.654147,50.87917,20.2,"facade","210366"
4.722027,50.87903,21.5,"facade","210381"
5.142194,51.01466,15,"facade","210414"
4.50224,50.76022,21.3,"facade","210417"
5.090553,50.95854,21.5,"facade","210444"
4.713053,50.87189,25.5,"facade","210450"
4.804099,50.90162,16.2,"facade","210453"
3.205563,51.22099,23.1,"facade","210462"
4.950113,51.08299,17,"facade","210468"
4.470499,51.02035,25.3,"facade","210474"
3.308468,50.88099,18.1,"facade","210486"
3.762612,51.03465,28.3,"facade","210504"
4.562853,51.2978,19.9,"facade","210510"
4.132903,51.11311,20.5,"facade","210531"
4.207704,50.88174,35.1,"facade","210534"
5.320271,50.87241,17.1,"facade","210543"
4.177403,51.11115,15.7,"facade","210552"
4.465467,51.19384,24.7,"facade","210558"
4.911637,51.09879,17.7,"facade","210561"
4.511793,51.04625,23.6,"facade","210582"
4.766305,50.82718,18.5,"facade","210594"
3.689541,51.06845,24.9,"facade","210600"
4.377742,51.01178,24.8,"facade","210615"
3.233411,51.15257,23.9,"facade","210621"
4.162999,51.03392,22.2,"facade","210630"
3.220851,50.83207,20.8,"facade","210636"
4.178587,51.1938,26.5,"facade","210642"
4.884248,50.8245,21.5,"facade","210645"
5.338821,50.93203,24.2,"facade","210648"
4.46512,51.04188,27.4,"facade","210651"
4.434432,51.27874,21.5,"facade","210654"
4.151155,50.87252,26.6,"facade","210669"
4.382563,51.16409,31.1,"facade","210678"
4.438052,51.03907,35.4,"facade","210687"
4.194945,50.90716,18,"facade","210702"
4.516425,51.37435,20.5,"facade","210717"
4.371953,51.1811,36.1,"facade","210720"
4.713326,51.20811,18.7,"facade","210723"
4.51056,51.03704,28.4,"facade","210732"
4.413882,51.20345,34,"facade","210753"
3.684983,50.95135,18.7,"facade","210756"
4.126632,51.21699,24.6,"facade","210774"
5.014698,51.13969,20.4,"facade","210780"
4.479514,51.04798,31.4,"facade","210789"
4.635986,50.981,18.1,"facade","210792"
3.707556,51.02831,32.6,"facade","210798"
2.792654,51.04577,21.7,"facade","210804"
4.340946,50.93295,21.4,"facade","210807"
4.678948,50.90743,21.2,"facade","210810"
5.572311,50.80859,13.6,"facade","210813"
4.201079,51.1825,19.6,"facade","210816"
5.49723,50.74585,16.4,"facade","210822"
5.006674,51.16666,17.7,"facade","210840"
3.490581,50.85119,17.9,"facade","210852"
4.471376,51.04122,34.4,"facade","210867"
5.094623,51.27275,16.4,"facade","210891"
4.423488,50.73655,33.8,"facade","210897"
3.707643,51.04103,23,"facade","210903"
3.585593,51.18562,18,"facade","210909"
4.325344,51.21855,32,"facade","210915"
4.445042,51.09955,24.5,"facade","210930"
4.454856,51.15577,26.2,"facade","210942"
4.005141,51.02534,40.7,"facade","210945"
4.265956,50.94364,17.9,"facade","210960"
5.806138,51.10168,16.8,"facade","210963"
4.539684,51.32207,20.3,"facade","210975"
3.98804,50.86595,15.7,"facade","210978"
5.340243,50.90081,16.9,"facade","210981"
4.7348333597855,50.8665481288477,19.5,"facade","210987"
3.685483,51.06893,23.7,"facade","210999"
3.624563,50.752,20.5,"facade","211008"
4.00773,50.92445,29.6,"facade","211032"
4.384847,51.18709,40.8,"facade","211035"
4.199759,51.02005,27.5,"facade","211038"
3.741808,51.04812,31.4,"facade","211041"
4.70908,50.88349,32.5,"facade","211053"
5.49033,50.75237,16.5,"facade","211059"
4.930716,50.80214,20.1,"facade","211068"
4.457903,50.96343,21.1,"facade","211092"
2.959573,51.24398,25.6,"facade","211095"
3.392518,51.03986,18.4,"facade","211101"
4.305925,50.95116,39.5,"facade","211110"
3.75356,51.05212,40,"facade","211116"
4.731974,51.04658,18.9,"facade","211119"
3.93306,50.75467,16.3,"facade","211131"
3.694404,50.9099,18.3,"facade","211140"
3.239316,51.19681,20.6,"facade","211146"
4.427929,51.19639,39.7,"facade","211149"
5.105084,50.833,17.5,"facade","211191"
4.733271,51.19667,20.9,"facade","211197"
4.456563,50.9792,22.7,"facade","211224"
3.042405,50.78036,25.5,"facade","211239"
4.322067,51.21875,30.8,"facade","211263"
4.127788,50.79138,16.5,"facade","211275"
4.72087413034768,50.8736112415425,26.8,"facade","211281"
5.00004,50.78144,14.8,"facade","211284"
4.844363,51.31916,19.4,"facade","211287"
4.919488,50.76976,17.9,"facade","211296"
4.50688739128601,50.8500206023634,21.1,"facade","211338"
4.910701,50.83508,16.7,"facade","211341"
4.436539,51.2808,28,"facade","211347"
4.11791648988519,50.7921829325979,16.5,"facade","211377"
3.76519784213207,51.2385114106557,18.8,"facade","211380"
4.392327,51.18962,35.6,"facade","211392"
5.125879,50.74149,18.1,"facade","211398"
4.44612421927701,51.0267939475723,32.2,"facade","211419"
3.882135,50.97641,19.4,"facade","211449"
3.36838,50.85683,21.1,"facade","211476"
3.183824,50.81272,23.5,"facade","211482"
4.245646,51.21916,34.3,"facade","211485"
5.176663,51.04259,21.6,"facade","211488"
4.404196,51.30661,32.3,"facade","211500"
4.503183,51.20263,23.3,"facade","211512"
4.455573,51.1397,20.8,"facade","211518"
3.677863,50.77304,14.1,"facade","211521"
4.514675,50.74519,21.7,"facade","211527"
3.280227,51.20778,22.6,"facade","211530"
4.888991,50.97107,22.1,"facade","211539"
4.449125,51.13399,23.6,"facade","211542"
2.620018,50.92187,26.5,"facade","211548"
4.5031725459203,51.2947981479178,23.9,"facade","211557"
4.414477,51.30984,22.4,"facade","211569"
3.85296,50.98679,21.3,"facade","211572"
3.596761,50.85394,18.5,"facade","211575"
4.387363,51.18351,43.8,"facade","211581"
5.531032,50.88579,17.9,"facade","211587"
4.392168,51.17838,34.2,"facade","211590"
4.249375,50.79271,20.6,"facade","211593"
4.184002,51.1416,34.4,"facade","211602"
4.929461,50.83593,15,"facade","211605"
3.31555180344735,51.1639878915971,20.2,"facade","211614"
3.159571,51.12808,25.6,"facade","211620"
3.80636,50.8667,24.9,"facade","211623"
4.468181,51.01801,32.2,"facade","211647"
4.248961,51.09251,21,"facade","211650"
5.114548,50.97444,17.2,"facade","211659"
4.827523,50.99645,21.3,"facade","211674"
3.952754,50.76789,16.1,"facade","211713"
5.030862,50.79518,17.7,"facade","211719"
5.223209,51.23938,15.2,"facade","211734"
4.49059,50.92901,18.7,"facade","211740"
4.797636,50.86575,13.9,"facade","211752"
5.466537,50.92727,18.9,"facade","211791"
3.801255,51.02098,23.3,"facade","211797"
4.383388,51.1428,33.9,"facade","211800"
4.150709,50.95993,18.3,"facade","211812"
3.670696,51.13265,19.4,"facade","211827"
3.686446,51.07975,19.6,"facade","211830"
4.427001,50.9226,42.4,"facade","211836"
5.262911,51.03391,17.7,"facade","211839"
4.39399,51.17392,57.7,"facade","211851"
4.206839,50.83733,22.5,"facade","211869"
4.484681,50.85216,24.9,"facade","211875"
3.748702,51.00031,29.2,"facade","211905"
5.515081,50.87982,17.6,"facade","211926"
5.453366,50.82611,17.5,"facade","211929"
4.76256,50.96928,15.3,"facade","211932"
3.712888,51.03853,23.6,"facade","211938"
5.059924,50.98028,19.7,"facade","211947"
4.971708,50.97984,26.1,"facade","211953"
5.440286,50.78705,17.4,"facade","211959"
4.436242,50.93302,22.7,"facade","211962"
4.683503,50.87653,34.5,"facade","211971"
4.716384,50.87744,22.4,"facade","211980"
4.501126,50.96056,21.6,"facade","211986"
3.305839,51.3253,24.8,"facade","211989"
4.952624,51.32822,17.7,"facade","212019"
4.452888,51.19789,38.8,"facade","212025"
5.484286,51.25306,21.1,"facade","212034"
4.760657,51.13859,41.8,"facade","212037"
3.432181,50.8422,19.7,"facade","212058"
4.44768,51.19531,30.6,"facade","212061"
4.218452,51.08288,21.1,"facade","212070"
3.980814,50.97006,18,"facade","212088"
4.478854,51.03312,30.4,"facade","212097"
4.420767,51.17702,29,"facade","212103"
4.542643,50.97543,18.6,"facade","212106"
3.982937,50.88888,15.1,"facade","212118"
4.776385,50.84907,16.7,"facade","212121"
5.16259,51.09874,15.5,"facade","212148"
4.745783,51.19496,23.7,"facade","212151"
4.287544,51.22942,26.4,"facade","212154"
3.158108,51.26633,23.6,"facade","212157"
3.557757,50.98372,17.7,"facade","212166"
4.787341,51.05108,18.7,"facade","212202"
3.64844792536675,51.0489143328927,19.4,"facade","212247"
4.502433,51.25813,22.1,"facade","212250"
4.31778,50.89935,34,"facade","212259"
4.451539,51.0854,42,"facade","212298"
5.133284,51.20252,18,"facade","212322"
5.171839,50.86404,15.4,"facade","212346"
4.599979,51.18403,23.9,"facade","212355"
4.289075,50.9034,21.6,"facade","212361"
4.878967,51.30801,19.3,"facade","212364"
4.479318,50.91536,24.1,"facade","212379"
4.174022,50.84737,18.2,"facade","212391"
3.965402,51.1484,22.7,"facade","212412"
3.217449,51.21881,22.5,"facade","212421"
3.308158,50.83843,19.7,"facade","212427"
5.276257,51.23014,18.8,"facade","212433"
3.087238,50.93682,17.5,"facade","212445"
4.052883,50.94357,30.2,"facade","212454"
4.753377,51.09873,18.3,"facade","212457"
4.441867,51.29532,32.1,"facade","212460"
5.091309,51.06638,19.7,"facade","212463"
3.394149,51.1629,22.8,"facade","212481"
4.94717,50.80421,32.7,"facade","212496"
4.424794,51.18332,35.9,"facade","212505"
4.69337,51.023,18.5,"facade","212508"
3.754477,51.06683,26.1,"facade","212520"
4.979282,51.23892,16.7,"facade","212526"
4.361185,51.05597,25.7,"facade","212529"
3.622389,50.91861,19.4,"facade","212538"
3.066816,51.22045,19.3,"facade","212550"
4.337232,51.20335,32.8,"facade","212556"
4.781471,50.8504,16,"facade","212562"
3.811344,50.96881,22.3,"facade","212571"
2.975365,51.15975,20.7,"facade","212586"
4.788515,50.86904,15.6,"facade","212598"
3.005897,50.85698,17.8,"facade","212604"
3.18700898506681,50.7951120232081,36.4,"facade","212607"
2.66289,51.07179,26.7,"facade","212616"
4.442248,51.24003,31.8,"facade","212628"
3.406948,50.84686,25.9,"facade","212655"
3.640057,50.73191,19.6,"facade","212661"
5.295,50.98346,14.2,"facade","212700"
3.93338873696252,50.8947098765013,24,"facade","212712"
4.272855,50.84763,34.8,"facade","212748"
3.691362,51.03853,30.7,"facade","212754"
4.430652,50.90307,32.6,"facade","212760"
2.909773,51.2228,27.9,"facade","212775"
3.28075,50.82687,21.6,"facade","212790"
3.204713,51.21551,21.7,"facade","212799"
4.588508,51.03848,33.2,"facade","212802"
3.146175,51.11699,20.1,"facade","212805"
5.282251,50.96638,19.3,"facade","212808"
5.520653,51.10046,16.7,"facade","212811"
3.206377,50.78884,21.8,"facade","212853"
4.423937,51.25739,34.8,"facade","212877"
5.466525,50.81726,16,"facade","212880"
5.357007,50.90657,28.1,"facade","212886"
4.57449,51.25954,16.6,"facade","212892"
4.447047,51.14615,24,"facade","212925"
4.69795918979502,50.8706476344242,23.6,"facade","212943"
3.267175,51.3443,25.9,"facade","212949"
4.448542,51.12847,23.5,"facade","212952"
4.586962,51.00489,17.4,"facade","212955"
4.450006,51.28732,20.9,"facade","212961"
4.485837,51.02627,30.4,"facade","212964"
4.219263,50.8667,18.8,"facade","212970"
4.495222,51.23182,29.4,"facade","212997"
3.435869,50.88563,24.8,"facade","213009"
4.152988,51.03063,20.7,"facade","213018"
3.079617,50.98107,19.8,"facade","213045"
4.588202,51.29961,17.4,"facade","213048"
5.737486,51.17567,16.9,"facade","213057"
3.767643,50.97804,20.9,"facade","213081"
4.53301613437948,51.0255166981854,19.1,"facade","213087"
4.450771,51.2703,22.2,"facade","213099"
4.018161,50.9433,23.1,"facade","213105"
4.263302,51.04357,22.2,"facade","213111"
4.315647,50.76476,20.9,"facade","213114"
4.698622,50.8779,29.6,"facade","213123"
3.557264,51.11708,20.1,"facade","213132"
3.983623,51.10015,28,"facade","213135"
3.378097,50.83642,22.6,"facade","213141"
3.830443,50.99138,39.4,"facade","213147"
4.612778,51.14057,17.5,"facade","213150"
3.70741,51.06348,23.3,"facade","213156"
4.137866,50.89813,31.3,"facade","213168"
3.333896,50.79941,17.8,"facade","213177"
4.237054,50.72768,25.3,"facade","213183"
3.783929,50.77862,16.6,"facade","213189"
3.781948,51.10225,24.4,"facade","213195"
4.954608,51.31905,20.9,"facade","213204"
4.792431,50.84136,16.8,"facade","213207"
4.70081,50.89294,22.4,"facade","213210"
3.682615,51.21578,19.5,"facade","213228"
3.65204,50.81324,16.8,"facade","213240"
3.706231,51.1102,30.7,"facade","213252"
4.772796,51.20255,25.6,"facade","213261"
4.158469,51.0262,16.4,"facade","213270"
4.640192,50.86547,21.4,"facade","213285"
4.908866,50.8352,14.6,"facade","213288"
4.704462,50.92473,20.2,"facade","213291"
5.376724,51.2062,19.3,"facade","213297"
4.384507,51.18429,34.5,"facade","213303"
3.433151,50.75942,17.5,"facade","213306"
3.921352,51.03633,20.1,"facade","213309"
4.445365,51.14134,24,"facade","213324"
3.644551,50.92154,19.8,"facade","213330"
4.139236,50.84496,17.2,"facade","213333"
4.702571,50.8741,22,"facade","213336"
3.038852,51.27969,25.4,"facade","213351"
5.347225,51.13609,11.4,"facade","213360"
5.085306,51.33111,14.3,"facade","213372"
4.472598,51.22615,27,"facade","213378"
3.034054,50.77578,19.7,"facade","213390"
4.670986,51.03205,18.7,"facade","213408"
4.456895,51.01549,24.2,"facade","213411"
4.622364,51.0559,20.4,"facade","213417"
3.485314,50.95266,17.7,"facade","213420"
2.87687,51.21467,24.1,"facade","213426"
3.34713919911712,50.8083847983727,20.4,"facade","213429"
4.647575,50.90305,21,"facade","213435"
4.443089,51.17374,36.7,"facade","213444"
3.829803,51.01127,21.1,"facade","213453"
3.255135,50.80542,23.7,"facade","213459"
4.763748,51.40115,20.4,"facade","213462"
3.756187,51.01051,24.4,"facade","213465"
3.564313,50.8132,20.6,"facade","213477"
4.430067,51.20773,36.2,"facade","213480"
3.27917925638353,51.1115895241518,16.3,"facade","213483"
4.695703,50.8827,29.5,"facade","213495"
4.572687,50.75181,14.3,"facade","213510"
5.436515,50.96208,16.7,"facade","213513"
3.613923,51.00229,17.6,"facade","213516"
4.452043,51.2743,20.1,"facade","213519"
3.33355,50.78759,18.3,"facade","213528"
5.126637,51.19247,32.7,"facade","213534"
3.333592,50.91623,21.4,"facade","213546"
4.165969,51.15305,20.5,"facade","213555"
4.202599,50.91352,17.8,"facade","213558"
4.682157,50.94839,16.3,"facade","213564"
4.494605,51.24815,20.8,"facade","213573"
4.453352,51.31283,22.6,"facade","213588"
5.584511,50.93279,16.7,"facade","213594"
2.645331,51.0416,19,"facade","213600"
3.765575,51.09344,23.9,"facade","213609"
4.059019,50.94128,28.6,"facade","213615"
3.762711,51.06833,26.2,"facade","213627"
3.831871,51.09928,19.9,"facade","213633"
4.594101,51.16885,19.5,"facade","213636"
4.768068,51.20753,17,"facade","213642"
5.099234,51.31607,17.4,"facade","213651"
4.710371,50.99447,20,"facade","213654"
4.495686,51.01025,20.1,"facade","213657"
4.173522,51.19327,34.4,"facade","213666"
4.676992,50.85629,19.4,"facade","213672"
4.406041,51.03222,23.4,"facade","213675"
4.325097,50.74714,16.5,"facade","213684"
4.449861,51.27979,25.2,"facade","213687"
4.035036,50.93733,34.9,"facade","213690"
5.0565,50.90762,15,"facade","213702"
4.739828,51.19262,34.9,"facade","213705"
4.220521,51.12871,34.1,"facade","213708"
4.336902,51.13619,27.1,"facade","213714"
3.198396,51.19629,23.5,"facade","213720"
4.128725,50.79983,18.4,"facade","213744"
5.23661,51.10737,15.4,"facade","213747"
4.019435,50.90461,22.7,"facade","213753"
4.313559,50.77893,24,"facade","213756"
4.556568,51.23378,18.6,"facade","213768"
4.938494,50.78949,19.8,"facade","213771"
4.453189,51.21033,47.2,"facade","213777"
4.639639,50.8887,17.3,"facade","213804"
4.254025,50.86404,21.2,"facade","213810"
4.40556,51.2299,34.6,"facade","213813"
3.338772,50.99989,20.9,"facade","213816"
4.089343,50.87352,23.2,"facade","213819"
4.14023,50.98212,41.6,"facade","213825"
4.205572,50.84575,22.2,"facade","213828"
3.572632,50.88933,14.9,"facade","213831"
4.184981,51.15046,17.1,"facade","213834"
5.172204,51.19801,16.6,"facade","213837"
5.048275,50.97807,19.4,"facade","213849"
3.708906,51.08795,38.5,"facade","213852"
4.278866,50.7531,22.2,"facade","213858"
3.206657,51.19843,24.6,"facade","213906"
4.31684,50.76736,18.4,"facade","213915"
5.389529,50.94703,18.5,"facade","213918"
4.524301,51.22781,34.2,"facade","213942"
4.151695,51.04071,17,"facade","213945"
5.422436,50.74209,15.8,"facade","213951"
3.563233,51.17815,20,"facade","213954"
4.519989,50.86001,23.9,"facade","213969"
3.26409,50.82367,37.9,"facade","213972"
3.717991,51.05919,25.8,"facade","213993"
4.204481,51.05385,19.7,"facade","213996"
4.476534,51.0296,26.5,"facade","214002"
3.661288,51.03253,22.4,"facade","214005"
5.478439,50.8923,15.9,"facade","214008"
4.004269,51.1856,19.9,"facade","214014"
5.178238,50.95198,16.7,"facade","214026"
4.046744,50.90033,26,"facade","214029"
4.644623,50.97411,25,"facade","214032"
3.831849,50.99068,37,"facade","214047"
4.04248,51.07209,29.3,"facade","214053"
2.790258,50.87129,16.7,"facade","214059"
3.331105,50.80369,22,"facade","214062"
4.51796,51.19921,26.5,"facade","214065"
3.59914,50.96293,22.1,"facade","214068"
4.33869597695049,51.2018071485742,35.4,"facade","214080"
4.42609,51.32185,16.7,"facade","214083"
4.191457,51.25351,29.6,"facade","214086"
3.810335,51.03528,23.9,"facade","214104"
5.598952,51.01792,16.5,"facade","214113"
4.141944,50.98302,26.6,"facade","214125"
4.603055,51.26285,15.7,"facade","214128"
4.468509,51.19861,29.2,"facade","214137"
4.765762,50.92056,20.9,"facade","214143"
5.47829205100487,50.7826480113594,20.7,"facade","214155"
4.466567,50.98345,25.9,"facade","214164"
5.461745,51.23988,15.2,"facade","214167"
3.254579,51.33883,27.3,"facade","214170"
3.233891,51.33679,31.1,"facade","214173"
4.654867,51.10628,23.4,"facade","214182"
3.719401,51.00456,31.8,"facade","214188"
3.55616,51.025,19.4,"facade","214191"
4.540503,50.93025,18.6,"facade","214194"
5.496396,50.94752,20.8,"facade","214209"
3.806005,50.97726,21.9,"facade","214215"
4.234834,51.13239,20.8,"facade","214221"
4.725281,51.30792,22.6,"facade","214227"
3.744698,51.0512,28.1,"facade","214230"
4.566107,50.83076,24.3,"facade","214251"
4.306414,50.93685,19.8,"facade","214272"
4.763439,51.41596,22.1,"facade","214275"
4.275427,50.74462,36.4,"facade","214278"
4.209032,51.07214,17.9,"facade","214284"
4.189671,51.01696,18.5,"facade","214305"
5.343851,50.92324,23.1,"facade","214332"
5.231084,50.74647,15.2,"facade","214353"
4.208094,51.00415,20.7,"facade","214356"
4.489579,51.12409,21.2,"facade","214362"
5.31978418545376,50.9282815590205,23.7,"facade","214365"
4.629799,51.10827,19.9,"facade","214374"
4.140092,51.16605,24.4,"facade","214383"
4.470664,51.15067,23.5,"facade","214395"
5.330022,50.93188,42.5,"facade","214398"
4.36456418087666,51.1744534798154,38.6,"facade","214401"
4.29093,51.17809,28.9,"facade","214404"
4.228004,50.84996,21.2,"facade","214410"
3.706824,51.00676,26.3,"facade","214413"
5.341165,50.95782,19.3,"facade","214419"
4.369919,50.90236,30.1,"facade","214422"
4.395462,51.15453,27.6,"facade","214428"
4.181791,51.21835,26.7,"facade","214449"
3.749041,51.05945,33.6,"facade","214458"
4.239332,51.07038,18.5,"facade","214464"
4.990976,50.97516,16.6,"facade","214470"
3.816304,50.99693,19.9,"facade","214473"
4.06163536550502,50.9220622992344,20.5,"facade","214482"
3.19555,51.20239,26.7,"facade","214491"
4.575933,51.24163,20.8,"facade","214494"
4.968092,50.97861,15.7,"facade","214500"
4.389117,51.20619,34.8,"facade","214503"
4.241688,51.20759,23.2,"facade","214518"
3.198898,50.97971,26.2,"facade","214521"
3.645299,51.12717,21.6,"facade","214536"
4.545912,50.81301,24.8,"facade","214539"
4.654625,51.12034,18.6,"facade","214545"
5.313399,51.22569,28,"facade","214557"
3.671489,51.07398,19.7,"facade","214587"
4.681314,50.92375,20.5,"facade","214593"
4.843768,50.80206,15.6,"facade","214617"
4.427449,51.13096,25.3,"facade","214626"
3.379702,50.91207,19.5,"facade","214629"
4.476905,51.19833,27.9,"facade","214635"
5.350539,50.92625,26.9,"facade","214644"
4.406064,50.92241,20.6,"facade","214656"
4.336775,50.74353,20.1,"facade","214659"
2.886598,50.85232,35.5,"facade","214668"
4.730205,50.89232,21,"facade","214671"
5.596111,51.15297,17.9,"facade","214686"
4.94208774278667,50.8419488340773,16.3,"facade","214695"
4.4617,51.0244,22.3,"facade","214701"
3.577166,50.77179,19.2,"facade","214737"
3.910564,50.9973,23.8,"facade","214749"
5.37094,50.94499,16,"facade","214758"
3.919725,50.87157,15.9,"facade","214761"
4.033998,50.96091,20,"facade","214776"
3.292082,50.81271,28.3,"facade","214779"
4.157952,50.87402,21.4,"facade","214782"
4.495559,50.82209,19.6,"facade","214803"
4.427759,51.18582,33.4,"facade","214812"
2.932474,51.21754,25.3,"facade","214815"
5.369082,50.97164,18.2,"facade","214824"
3.157761,50.86089,19.2,"facade","214830"
4.326055,51.1122,25.1,"facade","214833"
3.188829,50.86935,18.4,"facade","214842"
3.314531,51.21819,19.8,"facade","214878"
3.212491,50.9104,19.9,"facade","214881"
4.630604,50.89334,16.6,"facade","214899"
4.379085,51.1717,32.3,"facade","214917"
3.89336,51.02664,19,"facade","214935"
2.925439,51.21788,32.9,"facade","214947"
3.177836,51.20052,28.8,"facade","214950"
4.698897,50.9262,20.1,"facade","214953"
5.481518,50.78402,20.3,"facade","214956"
3.252856,50.82243,27.5,"facade","214959"
4.335523,51.20276,33.2,"facade","214980"
5.512294,50.95396,18.4,"facade","215004"
3.828118,51.15681,23.4,"facade","215007"
4.597018,50.93328,17.4,"facade","215013"
3.41744,50.96338,22.8,"facade","215016"
3.654725,50.86932,23.3,"facade","215022"
3.26026,51.20222,22.6,"facade","215034"
4.723649,50.87665,20.7,"facade","215037"
3.261458,50.8107,20,"facade","215046"
4.509804,51.28421,24.3,"facade","215055"
4.39328349080273,51.2019201319011,42,"facade","215070"
4.609039,50.75305,16.3,"facade","215076"
3.219541,51.21687,30.8,"facade","215079"
5.795808,51.09847,21.4,"facade","215085"
4.4184219117779,51.0326623228462,26.2,"facade","215118"
4.601902,50.77285,17.5,"facade","215127"
4.371905,50.90613,28.4,"facade","215142"
3.793308,50.82863,16.4,"facade","215145"
3.75643421853512,51.0377159298799,27.8,"facade","215157"
5.217889,50.93022,15.8,"facade","215163"
4.781805,50.97021,22.2,"facade","215166"
4.428694,51.21778,47.2,"facade","215169"
3.213701,51.20459,30.9,"facade","215172"
4.832326,51.22208,17.5,"facade","215175"
2.957161,50.97497,17.3,"facade","215193"
4.73215,50.87314,18,"facade","215205"
4.047554,50.83846,16.6,"facade","215211"
3.421376,50.80524,17.3,"facade","215217"
5.073977,51.32162,22.4,"facade","215229"
4.854345,51.06863,15.2,"facade","215241"
3.976809,50.9656,41,"facade","215244"
4.226725,51.13331,20.2,"facade","215292"
3.794505,51.00382,28.5,"facade","215307"
4.073534,50.93115,20.1,"facade","215313"
4.796548,51.0285,20.7,"facade","215334"
4.474391,51.2276,26.6,"facade","215337"
3.767136,50.84537,16.3,"facade","215352"
3.71990733108602,51.066716075477,32.4,"facade","215385"
5.569847,51.1275,20.4,"facade","215403"
3.667177,50.77331,18.6,"facade","215430"
4.511122,51.10353,20.8,"facade","215442"
3.561197,51.17849,21.8,"facade","215457"
4.22255,51.08962,19.5,"facade","215469"
3.267518,51.21486,20,"facade","215499"
4.582087,50.7906,16.4,"facade","215505"
4.429676,50.98734,19.1,"facade","215523"
4.561711,50.96549,20.2,"facade","215532"
4.109452,51.05251,21.6,"facade","215541"
4.985198,51.02676,16.4,"facade","215586"
4.51788,51.43464,17.3,"facade","215598"
3.806801,51.0002,34.2,"facade","215616"
4.841832,51.17885,29.6,"facade","215628"
3.453415,51.11905,16,"facade","215640"
4.345634,51.15465,24.1,"facade","215655"
3.80939,51.03661,29.8,"facade","215664"
3.249289,50.83191,23.9,"facade","215691"
4.530595,50.94188,19.5,"facade","215706"
3.711168,51.03084,25.8,"facade","215715"
4.713921,50.92504,24.9,"facade","215751"
3.756687,51.06891,22.4,"facade","215766"
3.126598,50.9409,26.3,"facade","215769"
4.100696,51.02669,31.7,"facade","215778"
3.228394,50.84432,28,"facade","215790"
4.855546,50.97245,14.1,"facade","215793"
4.29420955760773,50.9054080131893,20.5,"facade","215811"
4.69186,50.87913,44.5,"facade","215814"
4.04977,51.23185,20,"facade","215859"
4.049245,50.73176,15.4,"facade","215868"
4.568307,51.1439,23.8,"facade","215880"
4.589168,51.18001,24.3,"facade","215892"
4.82616,50.98503,32.1,"facade","215901"
5.0425,51.19292,14.9,"facade","215913"
4.740779,50.88605,32.7,"facade","215943"
3.303531,50.86305,22.9,"facade","215946"
3.11601,50.89375,20.6,"facade","215955"
4.127764,51.00259,22.1,"facade","215964"
3.996664,51.00214,22,"facade","215988"
4.636986,51.16925,17.9,"facade","215991"
4.568284,51.24226,17.8,"facade","215997"
5.36184,50.96007,18.9,"facade","216006"
4.321273,50.93348,20.1,"facade","216018"
4.329363,51.12722,22.7,"facade","216021"
3.934607,51.05441,22.5,"facade","216024"
4.351001,51.02737,21.3,"facade","216030"
4.44644,51.17167,36.8,"facade","216036"
3.278986,51.16346,20.2,"facade","216045"
3.68551469693735,50.8363362988564,16.9,"facade","216051"
4.087128,51.00094,20.2,"facade","216090"
4.087742,50.97946,19.3,"facade","216096"
3.743135,50.99083,23.5,"facade","216105"
4.344377,51.04989,25.4,"facade","216135"
3.838666,51.13223,24.1,"facade","216153"
3.19423,50.9366,17.9,"facade","216174"
4.445178,51.17065,31.6,"facade","216186"
4.699015,51.26487,15.8,"facade","216201"
4.724224,50.83339,14.8,"facade","216231"
4.125737,50.7632,17.3,"facade","216267"
3.63528957503314,50.9852323861933,20.7,"facade","216270"
3.614014,51.0059,16.5,"facade","216279"
4.593236,51.1595,25,"facade","216300"
4.000614,51.11639,22.2,"facade","216321"
3.05015,50.96165,23.2,"facade","216333"
4.429369,51.17869,27.2,"facade","216348"
5.518959,51.18792,24.8,"facade","216363"
4.404449,51.2081,32.7,"facade","216399"
3.601392,51.22108,21.1,"facade","216477"
3.186697,51.18405,19.8,"facade","216483"
3.714672,51.03687,24,"facade","216492"
4.444359,51.19556,42.2,"facade","216504"
5.576542,51.04199,32.3,"facade","216522"
4.495725,50.75791,24.7,"facade","216528"
4.750726,50.94416,21.3,"facade","216546"
4.544332,50.8768,20.4,"facade","216549"
4.118086,50.84448,15.7,"facade","216558"
3.393654,50.92648,28.9,"facade","216561"
4.145442,50.95538,18.5,"facade","216570"
4.870882,51.27246,16.4,"facade","216573"
4.45060054593738,51.166494958028,24.2,"facade","216579"
3.213855,50.91159,30.3,"facade","216594"
5.031189,50.8623,15.1,"facade","216606"
4.07818,50.86755,21.5,"facade","216627"
3.74268,51.03606,28.3,"facade","216630"
3.881951,50.8265,15.7,"facade","216645"
4.672527,50.90063,18.5,"facade","216651"
4.111061,51.07717,17,"facade","216669"
4.137655,51.08694,47.5,"facade","216672"
4.756997,50.90765,16.2,"facade","216678"
4.998144,51.16073,43.7,"facade","216690"
4.313595,50.75355,18.6,"facade","216696"
5.452351,50.92327,20.7,"facade","216699"
4.365038,50.95616,21.4,"facade","216705"
3.721883,51.08657,22.7,"facade","216708"
3.56402,51.11968,18.7,"facade","216726"
4.680192,50.85359,20,"facade","216738"
3.506386,50.82844,18.1,"facade","216744"
4.27848,51.06844,20.1,"facade","216756"
4.978716,51.16413,28.7,"facade","216759"
3.142149,50.92487,15.2,"facade","216762"
4.698075,51.06747,33,"facade","216777"
3.435319,51.21044,20.5,"facade","216792"
3.26033336030608,50.7683002097057,21.5,"facade","216798"
5.586291,50.83216,19.4,"facade","216801"
4.69678,50.95206,16.4,"facade","216816"
3.875348,50.77902,18.4,"facade","216843"
4.441464,51.2004,41.8,"facade","216852"
5.394689,50.91448,20.2,"facade","216861"
4.457556,51.16526,25,"facade","216870"
3.797565,51.05215,24.6,"facade","216897"
4.000761,51.10056,28.1,"facade","216900"
4.539745,50.80513,18.4,"facade","216906"
5.130653,51.07961,21.9,"facade","216912"
4.310179,50.76437,20.1,"facade","216945"
5.41654,50.93241,19.4,"facade","216948"
3.603949,50.88215,17.1,"facade","216954"
3.553398,51.18361,22.8,"facade","216957"
3.436777,51.17492,18.1,"facade","216963"
4.426553,51.18058,28.8,"facade","216966"
4.733299,50.8809,19.7,"facade","216969"
4.695354,51.16746,18.7,"facade","216981"
3.68722,51.0672,35.3,"facade","216993"
5.140031,50.83782,13.7,"facade","217011"
4.119689,50.90174,18.2,"facade","217020"
5.403,51.16372,14.9,"facade","217023"
4.064582,51.13353,18.5,"facade","217026"
3.100253,50.8516,25.6,"facade","217032"
4.001239,50.9747,19.4,"facade","217059"
3.147727,50.86876,25.6,"facade","217062"
3.339512,50.88104,18.1,"facade","217065"
3.688582,50.99627,21,"facade","217077"
4.920392,50.80514,17,"facade","217092"
4.582815,50.9955,16.5,"facade","217101"
3.974097,50.9639,21.8,"facade","217113"
4.698029,50.87206,22.3,"facade","217122"
3.983793,51.11285,15.4,"facade","217137"
3.315735,51.21809,16.8,"facade","217161"
4.324371,51.21904,39.7,"facade","217164"
4.345882,50.96148,22.9,"facade","217173"
4.062864,50.99688,17.2,"facade","217179"
4.706846,50.87115,24.3,"facade","217182"
5.531274,50.81701,22,"facade","217185"
4.373648,50.92864,19.5,"facade","217191"
3.355703,51.18538,16.1,"facade","217194"
4.460156,51.21951,49.3,"facade","217197"
4.470968,50.87994,38.9,"facade","217233"
3.207021,51.33094,38.2,"facade","217236"
3.338748,50.99815,20.3,"facade","217248"
4.59011,50.84722,19.5,"facade","217254"
4.585907,50.89547,22.1,"facade","217260"
4.927763,51.32028,40.8,"facade","217266"
3.949075,50.97825,20.5,"facade","217269"
4.832449,51.17492,27.2,"facade","217275"
3.965585,50.90792,15.8,"facade","217284"
4.012184,50.83432,20.4,"facade","217290"
4.759454,50.87588,25.1,"facade","217299"
4.68391666207878,51.0875920374962,20.9,"facade","217314"
5.124133,50.82157,13.8,"facade","217317"
5.49817916788619,50.9663552581625,29.6,"facade","217329"
3.42183,50.82504,21.8,"facade","217335"
5.700371,50.95445,24.3,"facade","217359"
4.350488,51.15942,31.1,"facade","217368"
4.661722,51.24867,15.7,"facade","217377"
3.961712,51.20874,19.6,"facade","217386"
4.826853,50.89697,27.7,"facade","217398"
5.089969,50.95461,20.5,"facade","217428"
4.404071,51.19982,32.1,"facade","217440"
2.902317,51.21394,24.2,"facade","217452"
4.674504,50.91517,16.9,"facade","217461"
4.341743,50.77038,18.5,"facade","217470"
5.182478,50.81966,23.1,"facade","217473"
3.552104,51.03777,22.5,"facade","217488"
4.10575,51.05475,29.9,"facade","217494"
3.322784,51.20279,18.5,"facade","217497"
3.060065,50.84692,17.4,"facade","217500"
3.20198223475515,50.9051124365045,22.3,"facade","217512"
4.513693,51.14449,20.6,"facade","217518"
3.616937,50.86594,27.5,"facade","217533"
4.131076,50.99591,27.9,"facade","217539"
4.349362,51.21018,31.7,"facade","217548"
4.437067,51.24015,42,"facade","217575"
4.27029,50.88769,23.3,"facade","217584"
4.38473894766604,51.1782554522502,33.6,"facade","217599"
3.761746,50.80535,17.6,"facade","217608"
4.171752,51.17808,21.5,"facade","217611"
5.546815,51.1533,14.5,"facade","217614"
4.257679,50.74314,24.5,"facade","217617"
4.467296,50.86495,30.9,"facade","217626"
3.250654,51.2395,21.3,"facade","217641"
4.342765,50.95572,21.2,"facade","217650"
3.576328,50.95252,20.1,"facade","217653"
5.403132,50.95224,15.8,"facade","217659"
4.458943,51.19884,32.6,"facade","217677"
3.875254,50.98005,16.9,"facade","217683"
5.332976,51.00263,18.8,"facade","217713"
3.71379,51.0505,28.8,"facade","217719"
4.691077,50.88902,27.4,"facade","217731"
3.988562,50.91693,27,"facade","217737"
3.908703,51.01196,17.4,"facade","217752"
4.45343201889064,51.2051797885853,26.1,"facade","217764"
3.773314,51.07487,21.8,"facade","217767"
2.934071,51.21779,31.9,"facade","217779"
4.764223,51.42169,18.5,"facade","217782"
3.137588,50.9494,25.1,"facade","217791"
5.271065,51.0106,19.3,"facade","217797"
5.222205,51.04696,25.4,"facade","217800"
4.585563,51.02165,18.9,"facade","217806"
5.516307,50.87309,14.3,"facade","217824"
4.684789,50.92416,18.7,"facade","217842"
4.607918,51.01202,17.9,"facade","217848"
4.472227,51.14231,18.9,"facade","217854"
4.629129,51.15531,20.3,"facade","217857"
4.298918,51.07217,22.5,"facade","217860"
4.123534,50.9665,18,"facade","217866"
3.305361,51.17994,17,"facade","217875"
5.367449,50.99008,18.2,"facade","217878"
4.459631,50.86331,18.6,"facade","217896"
5.012102,51.02774,15.4,"facade","217914"
4.425661,51.33084,17.1,"facade","217926"
3.765295,51.02211,24.5,"facade","217929"
4.46038,51.13815,22.4,"facade","217953"
4.66154605112865,50.9375739826054,15.7,"facade","217983"
4.299122,51.00397,30,"facade","217986"
4.22547,50.98756,19,"facade","217998"
4.067713,50.80865,13.3,"facade","218001"
3.243281,51.15177,20.1,"facade","218007"
3.301835,50.77578,20.6,"facade","218010"
4.439695,50.93855,23.5,"facade","218013"
4.431621,50.93031,25,"facade","218022"
3.732235,51.07557,30.8,"facade","218040"
4.662841,51.16064,24.2,"facade","218043"
4.264831,51.3145,28.3,"facade","218055"
4.486446,51.02555,29.9,"facade","218073"
3.780224,51.07557,26.2,"facade","218076"
3.289274,50.80952,22.6,"facade","218106"
3.224547,50.77786,23.6,"facade","218109"
4.579485,51.3897,22.7,"facade","218121"
3.692256,51.073,22.8,"facade","218124"
4.713884,51.07823,19.7,"facade","218127"
3.139247,51.18188,23.7,"facade","218130"
4.452845,51.46286,30.6,"facade","218133"
4.180705,50.87416,23.7,"facade","218139"
4.685247,50.90327,20.5,"facade","218142"
4.229864,50.89803,49.3,"facade","218151"
3.206379,51.20342,28.1,"facade","218184"
4.708171,50.87322,22.3,"facade","218199"
2.730741,50.85033,18.6,"facade","218202"
3.66442,50.82133,15,"facade","218205"
3.781624,51.07308,24,"facade","218208"
4.433265,51.17061,28.9,"facade","218211"
3.925116,50.92309,19.3,"facade","218226"
3.29251,50.82026,45,"facade","218235"
4.497467,50.93197,33.7,"facade","218241"
3.877754,50.86277,18.2,"facade","218256"
3.763755,51.20798,20.7,"facade","218259"
3.087077,50.92418,23.6,"facade","218280"
3.214616,51.20901,58.8,"facade","218286"
4.686196,50.87777,25.2,"facade","218289"
4.466877,51.16318,22.9,"facade","218292"
3.590969,50.89905,17.8,"facade","218298"
4.345725,51.12951,24.1,"facade","218301"
4.456968,51.16807,26.8,"facade","218304"
4.229803,50.76624,20.3,"facade","218358"
5.01551,51.38499,16.4,"facade","218364"
4.90781745522621,51.0478025008033,14.4,"facade","218370"
3.2675,50.81541,22.6,"facade","218373"
3.251803,51.19751,22.4,"facade","218385"
4.376484,51.18237,33.6,"facade","218394"
3.953429,50.88451,16.3,"facade","218400"
5.0142,50.81254,14.6,"facade","218406"
4.842516,50.94161,20.6,"facade","218409"
3.063961,50.80351,18.3,"facade","218412"
3.171816,50.8149,21.2,"facade","218418"
4.395362,50.92559,29.4,"facade","218424"
5.11564,50.94385,27.8,"facade","218427"
4.085229,50.89317,31.1,"facade","218433"
3.97363,50.92804,23,"facade","218436"
4.368121,51.18049,32.1,"facade","218439"
5.082476,51.25531,15.5,"facade","218442"
5.053307,51.03824,18,"facade","218445"
3.22548164247087,50.9225260005982,17.2,"facade","218454"
4.195539,51.07676,25.9,"facade","218466"
4.10841,51.01312,17,"facade","218490"
4.71606,50.96406,14.4,"facade","218499"
3.821002,50.9746,22,"facade","218505"
3.509147,50.96991,19.5,"facade","218508"
4.435991,51.16536,22.6,"facade","218511"
3.981175,51.11062,30.1,"facade","218529"
4.929289,51.22703,19.5,"facade","218532"
3.739147,51.04419,30.7,"facade","218535"
3.232582,51.14856,33.2,"facade","218538"
4.47617109507029,51.1312117409271,21.3,"facade","218547"
4.392637,50.9206,22.3,"facade","218553"
5.343205,50.94449,44.6,"facade","218565"
3.192346,51.15211,19.5,"facade","218577"
4.04591347401967,51.1292120668452,26.9,"facade","218583"
3.207375,50.84072,24.3,"facade","218586"
4.840004,51.28692,18.3,"facade","218589"
4.056078,51.16734,19.2,"facade","218604"
4.00804,51.01631,21.2,"facade","218619"
5.106365,51.23853,21.1,"facade","218622"
3.413346,50.88773,24.1,"facade","218625"
4.438955,50.90954,25.8,"facade","218631"
3.207388,50.84543,21.1,"facade","218640"
4.38584638012427,51.1363295441935,27.8,"facade","218646"
4.275107,50.97263,21.5,"facade","218655"
3.217538,51.17741,24.6,"facade","218661"
3.110533,50.84881,32.2,"facade","218667"
3.799685,51.19488,29.3,"facade","218670"
5.126715,51.19442,17.6,"facade","218673"
3.68422327697675,51.0679573704978,24.1,"facade","218676"
3.302971,50.83161,28.5,"facade","218679"
5.052639,50.98473,20.4,"facade","218682"
3.692049,51.19128,21.8,"facade","218685"
4.855233,50.84267,14.4,"facade","218688"
4.477324,51.38036,18.7,"facade","218697"
4.38451,51.1857,35.3,"facade","218709"
4.633285,50.86399,19.8,"facade","218724"
5.102233,51.08336,20,"facade","218730"
5.162782,50.83438,16.8,"facade","218736"
4.652195,51.1564,17.9,"facade","218739"
4.483012,51.22056,32.8,"facade","218742"
4.373431,51.179,28.2,"facade","218754"
4.412665,51.20816,37.1,"facade","218763"
4.545068,50.89415,17.9,"facade","218772"
4.641313,51.25399,15.9,"facade","218775"
5.424546,50.93324,18,"facade","218790"
3.09785213533623,51.0172877360364,16.5,"facade","218805"
2.800127,51.07607,17.7,"facade","218820"
3.697475,51.05735,28.1,"facade","218823"
3.727803,50.97508,19.7,"facade","218832"
3.206996,51.19093,19.9,"facade","218844"
3.295896,50.8539,22.7,"facade","218847"
4.270841,50.87859,29.1,"facade","218850"
4.448029,51.18947,28.8,"facade","218868"
3.269827,50.81725,36.3,"facade","218880"
3.776374,51.06228,21.7,"facade","218883"
5.059406,50.97754,20.3,"facade","218928"
3.698961,50.8346,17.3,"facade","218931"
4.224669,51.08702,21.1,"facade","218955"
4.842219,51.172,21.2,"facade","218964"
4.462311,51.37253,16.4,"facade","218973"
4.287761,51.21473,23.8,"facade","218976"
4.565498,51.05365,23.9,"facade","218985"
4.50684730550386,51.2306247188513,27.2,"facade","218988"
4.41787,51.16122,30,"facade","219000"
3.66256816134172,51.0698672427551,22.6,"facade","219003"
4.47642354815858,51.121613397988,19.9,"facade","219012"
3.127245,50.95522,24.9,"facade","219015"
4.529304,51.0631,22.3,"facade","219036"
3.745569,50.99567,39.4,"facade","219039"
3.373199,51.12658,21.2,"facade","219045"
3.971691,50.72479,16.5,"facade","219051"
4.490262,50.84797,19.5,"facade","219075"
5.162506,51.17971,14.8,"facade","219084"
4.186209,51.13659,25,"facade","219093"
4.750418,51.34857,22.8,"facade","219108"
3.262343,51.15401,20.1,"facade","219111"
4.421049,51.04635,24.5,"facade","219114"
4.264794,50.72168,30.2,"facade","219120"
4.438091,51.28673,28,"facade","219123"
4.09840605269366,51.1484077170908,19.7,"facade","219126"
4.67990972987177,50.9133205377387,19.7,"facade","219129"
4.648914,51.11046,18.5,"facade","219144"
4.790305,51.31627,17.3,"facade","219147"
4.457577,51.43018,16.7,"facade","219150"
4.37236667105183,51.0078678693474,22.4,"facade","219153"
3.85329620353225,51.0857092321324,20.4,"facade","219156"
3.649821,51.09334,18.2,"facade","219159"
4.041903,50.93847,22.2,"facade","219174"
4.682125,50.9152,20.2,"facade","219189"
3.92259,50.99937,19.4,"facade","219204"
4.595293,51.05731,19.8,"facade","219228"
3.983966,51.09102,20,"facade","219237"
3.28904,50.82794,21.6,"facade","219243"
4.749676,50.96059,16.8,"facade","219246"
5.276159,50.83804,16.5,"facade","219258"
4.523878,51.2225,27.1,"facade","219267"
4.484538,51.01258,25.4,"facade","219273"
4.506478,51.10694,18.6,"facade","219312"
3.284547,50.82021,33.9,"facade","219324"
3.807902,51.0297,22.2,"facade","219327"
3.717876,50.97169,21.6,"facade","219339"
2.862632,50.8394,20,"facade","219342"
4.561475,51.13277,26.2,"facade","219345"
3.795503,50.92346,17,"facade","219354"
4.143124,50.98364,23.9,"facade","219357"
5.26566114247414,51.0283743771768,19.7,"facade","219360"
5.258298,51.08615,14.4,"facade","219363"
4.271913,50.94297,18,"facade","219369"
4.682628,50.89629,19.5,"facade","219390"
3.855692,51.12151,23.2,"facade","219396"
3.745831,51.05566,27.2,"facade","219402"
5.329158,50.9534,17.8,"facade","219411"
4.157411,50.73197,15.6,"facade","219414"
4.494095,51.15636,22.4,"facade","219435"
3.988023,51.04063,16,"facade","219441"
4.256628,51.21155,27.5,"facade","219447"
3.478161,51.07145,20.3,"facade","219453"
3.761618,51.06351,22.5,"facade","219459"
5.171407,50.8654,14.8,"facade","219471"
4.389615,51.19109,38.6,"facade","219486"
4.537328,50.88823,24.1,"facade","219501"
4.516996,51.03491,23.2,"facade","219513"
3.707085,51.07874,22.5,"facade","219516"
4.136782,51.1622,23.9,"facade","219534"
3.449529,51.0961,22.4,"facade","219540"
5.074996,51.12752,18.2,"facade","219543"
3.64419,50.99004,23.3,"facade","219546"
4.844164,51.35476,17.3,"facade","219552"
4.635985,50.97179,17,"facade","219564"
4.436678,51.24372,30.8,"facade","219567"
4.211328,51.18083,21.6,"facade","219579"
3.224512,51.21835,28.8,"facade","219600"
4.415143,51.208,32.6,"facade","219603"
4.687873,50.94565,15.7,"facade","219606"
4.355127,51.05562,29,"facade","219609"
4.916303,50.77906,19.7,"facade","219618"
5.181705,50.82627,17.4,"facade","219621"
4.182843,50.90516,17.2,"facade","219636"
4.834123,51.02539,16.4,"facade","219660"
5.138159,51.19804,18.5,"facade","219681"
4.73568,50.99344,16,"facade","219690"
4.691711,50.8517,21.7,"facade","219705"
3.174728,50.75967,20.3,"facade","219708"
3.17740130547434,51.1814625209676,18.3,"facade","219714"
4.952916,51.31439,18.9,"facade","219729"
3.971943,51.1495,20.3,"facade","219756"
5.37685,51.0222,29,"facade","219762"
4.960067,51.30827,20.5,"facade","219768"
3.717189,51.02976,25.4,"facade","219777"
3.130591,50.78929,22.7,"facade","219783"
4.697932,50.87663,24.2,"facade","219789"
3.864461,50.97407,25.4,"facade","219795"
3.76120061687453,51.0121402380773,34.1,"facade","219807"
5.1969,51.11866,14.1,"facade","219816"
4.760373,50.89518,18.3,"facade","219837"
3.20379,50.84211,21.9,"facade","219843"
4.530594,51.02335,19,"facade","219849"
4.492798,51.24652,19.1,"facade","219852"
4.520083,51.22832,26.5,"facade","219858"
4.332158,51.12166,24.1,"facade","219861"
3.722984,50.7837,16.5,"facade","219864"
4.906782,51.13691,22.8,"facade","219867"
4.472706,51.36429,17.2,"facade","219873"
3.702076,51.05083,39.3,"facade","219876"
4.251895,50.84089,21.8,"facade","219882"
5.095909,51.06878,23.7,"facade","219903"
4.385025,51.12459,25.9,"facade","219906"
4.646956,50.99685,20.7,"facade","219912"
4.184329,51.17761,23.6,"facade","219918"
4.280089,51.14447,24.2,"facade","219933"
3.736938,50.98222,21.4,"facade","219936"
3.481031,50.9949,18.1,"facade","219939"
3.09747999865338,50.9966433617862,24.3,"facade","219954"
4.116423,51.03772,20.9,"facade","219957"
4.371409,51.10531,29.7,"facade","219963"
4.249307,51.09041,20.5,"facade","219972"
5.19363604744877,50.9933595802601,23.1,"facade","219978"
4.279712,50.84414,38.3,"facade","219987"
4.077271,51.09301,19.1,"facade","219990"
5.388203,51.19464,15.4,"facade","219999"
4.394528,51.20607,42.3,"facade","220014"
4.450873,51.15905,23.3,"facade","220017"
4.3689414828503,51.0870423824239,41.5,"facade","220032"
4.468639,51.28589,17.7,"facade","220041"
3.730819,51.03003,32.2,"facade","220044"
4.369213,51.18457,29.8,"facade","220065"
4.533021,50.98124,21.6,"facade","220074"
4.458328,51.04598,27.1,"facade","220080"
3.714573,51.03959,26.7,"facade","220083"
3.767962,51.02984,21.7,"facade","220113"
4.767309,51.41616,18.3,"facade","220116"
4.438236,51.29502,17.5,"facade","220125"
4.461705,51.24768,23.6,"facade","220131"
5.387362,51.14532,18.5,"facade","220146"
4.64919,50.86964,21.9,"facade","220155"
4.04535409729735,51.0683025503279,26.2,"facade","220158"
5.007281,51.30089,13.9,"facade","220173"
5.510527,50.95157,18.7,"facade","220191"
2.922936,50.83514,17.7,"facade","220194"
4.78494118524394,50.8084852647598,18.4,"facade","220197"
4.96233,51.32724,17,"facade","220206"
4.258554,50.88743,26,"facade","220212"
3.63961,50.96221,20.3,"facade","220221"
5.086185,50.73679,16,"facade","220227"
4.112728,50.91498,18.2,"facade","220233"
4.987683,51.0722,27,"facade","220242"
4.55894619258956,51.0229515793793,16.3,"facade","220254"
3.130299,51.31427,30.1,"facade","220263"
3.246227,50.80196,21.3,"facade","220287"
4.355595,51.03421,25.4,"facade","220290"
3.013317,51.12727,26,"facade","220293"
4.20912,50.86458,26,"facade","220299"
5.420524,51.12007,17.5,"facade","220302"
4.734254,50.88898,18,"facade","220314"
4.143289,51.16399,23.8,"facade","220317"
3.960473,51.12828,27,"facade","220320"
4.550014,50.78921,16.2,"facade","220326"
5.338908,50.92646,38.4,"facade","220335"
3.296184,50.85186,20.3,"facade","220341"
5.503229,50.99979,20.4,"facade","220362"
4.104676,51.02762,20.5,"facade","220365"
3.182383,51.25532,19.9,"facade","220371"
4.635574,51.00716,19.9,"facade","220374"
3.114718,50.83361,20.2,"facade","220377"
4.601749,50.94316,18.7,"facade","220389"
4.333478,51.10925,23.7,"facade","220398"
4.508478,51.08763,23.5,"facade","220410"
4.265231,50.75449,24.3,"facade","220416"
3.666666,51.05106,19.8,"facade","220425"
3.88889,51.00522,24.1,"facade","220434"
3.711358,51.04108,25.3,"facade","220446"
4.313785,51.35913,24.6,"facade","220452"
4.259834,50.73545,24.5,"facade","220458"
5.135012,50.75269,22.6,"facade","220476"
4.838135,50.99344,20.3,"facade","220497"
3.629267,51.09728,22.8,"facade","220506"
4.702898,50.86906,23.4,"facade","220512"
4.210029,51.0112,17.7,"facade","220518"
4.711831,50.87275,27.5,"facade","220530"
4.21720311323127,50.9631153192628,25.7,"facade","220533"
5.177109,51.03868,20.8,"facade","220545"
3.695183,51.05703,25,"facade","220560"
4.239308,50.8766,29.1,"facade","220569"
4.295597,51.00596,18.5,"facade","220593"
3.817082,51.08759,21.3,"facade","220605"
5.192151,50.99075,21.2,"facade","220623"
2.914698,51.22385,37.5,"facade","220635"
4.465712,51.19948,25.9,"facade","220644"
5.420756,50.95204,16.1,"facade","220650"
4.423563,51.18775,40.3,"facade","220656"
4.325576,51.19805,29.4,"facade","220668"
4.95833588211819,51.3212809178098,23,"facade","220692"
5.128991,50.77653,14.7,"facade","220695"
4.139291,51.22366,24,"facade","220698"
4.823526,51.24009,38.8,"facade","220722"
3.950425,51.12686,18.3,"facade","220728"
4.518817,51.09373,24.1,"facade","220740"
3.922083,50.99416,20.7,"facade","220749"
5.239428,50.94964,18.1,"facade","220761"
3.962738,50.76853,20.1,"facade","220773"
4.742444,50.88222,17.3,"facade","220776"
4.466822,50.91385,20.7,"facade","220788"
4.186666,50.97377,22.6,"facade","220797"
4.973241,50.81632,20.9,"facade","220800"
4.56763,50.905,16.8,"facade","220821"
3.874074,50.99871,18.5,"facade","220830"
3.225913,51.17538,27.8,"facade","220836"
4.224983,51.12902,40.9,"facade","220839"
4.806515,50.99293,18.1,"facade","220857"
5.445224,50.76973,16.6,"facade","220860"
4.446079,51.04189,28.8,"facade","220887"
5.022808,50.91908,14.1,"facade","220908"
4.263904,50.74983,30,"facade","220917"
4.714837,50.91279,26.5,"facade","220926"
4.432696,51.30169,21,"facade","220941"
4.546095,51.06739,20.5,"facade","220944"
5.447222,50.97437,17.7,"facade","220947"
4.809104,50.97447,17.5,"facade","220950"
4.558615,50.90456,22,"facade","220953"
4.062879,50.90047,17.3,"facade","220971"
4.507046,50.87936,36.4,"facade","220983"
4.88886900900895,51.3057291541016,18.2,"facade","220986"
4.382632,51.21616,28.7,"facade","220992"
5.112119,51.18294,36.1,"facade","221001"
4.617,51.24805,17,"facade","221004"
4.05447,51.19787,21,"facade","221010"
4.434126,51.21715,35.8,"facade","221025"
3.10395857496252,50.8498526758144,19.7,"facade","221031"
4.454302,51.23075,33.8,"facade","221040"
3.830813,50.89813,51.2,"facade","221055"
4.6691,51.33512,19.5,"facade","221088"
3.723087,51.05622,24.1,"facade","221100"
4.347691,51.13773,24.6,"facade","221103"
4.53426,51.18351,18.9,"facade","221106"
4.301223,50.76434,21.2,"facade","221109"
4.195326,50.87348,20.6,"facade","221112"
4.313604,50.89879,32.3,"facade","221115"
3.947947,50.76735,17.1,"facade","221118"
5.332898,51.05454,15.8,"facade","221127"
4.898284,50.77473,16.5,"facade","221130"
3.008841,50.96991,20.9,"facade","221133"
3.857288,51.03257,19.1,"facade","221142"
4.242207,51.02,28.6,"facade","221169"
3.299119,50.80794,20.5,"facade","221175"
2.977425,50.84381,19.6,"facade","221181"
4.067881,51.0271,16.9,"facade","221193"
4.441256,51.13165,30.7,"facade","221220"
4.600023,51.00797,16.2,"facade","221223"
4.677494,50.90462,19.8,"facade","221229"
4.436682,51.22509,61.8,"facade","221232"
4.49054766659388,50.9975798952389,20.5,"facade","221241"
3.814491,50.94537,18.9,"facade","221244"
5.572281,51.03713,14.5,"facade","221247"
4.703202,50.88801,29.5,"facade","221256"
5.507633,50.97071,18.9,"facade","221262"
3.429345,51.03417,16.2,"facade","221268"
4.369939,50.93848,17.7,"facade","221286"
4.036055,50.82772,25.5,"facade","221292"
3.243127,51.21341,25.7,"facade","221295"
4.569384,51.06444,18.3,"facade","221298"
4.647243,50.90305,20.4,"facade","221304"
4.374965,50.94331,19,"facade","221316"
4.630289,51.04687,17,"facade","221322"
4.279019,51.213,26.2,"facade","221325"
3.72646,51.05346,24.2,"facade","221334"
4.088114,51.05514,20.8,"facade","221340"
4.220255,51.00839,17.6,"facade","221361"
5.080438,50.94958,17.2,"facade","221364"
4.672129,50.99787,15.8,"facade","221373"
4.415482,51.26697,26.3,"facade","221376"
4.495182,51.27462,20.4,"facade","221385"
3.811748,51.07438,24.5,"facade","221388"
4.398191,51.16547,29.4,"facade","221391"
4.155618,50.99595,19.5,"facade","221397"
4.251247,50.78135,18.5,"facade","221403"
3.988413,50.70812,15.9,"facade","221406"
3.234024,51.16772,26.5,"facade","221409"
4.405056,51.2112,33.1,"facade","221412"
4.63661,50.90135,24.5,"facade","221415"
4.47271,51.12662,25.2,"facade","221418"
4.462713,51.02774,21.3,"facade","221424"
3.819723,50.87612,19.4,"facade","221427"
4.735684,50.88449,23,"facade","221442"
3.664591,51.06831,21,"facade","221445"
4.71108,51.04708,16.7,"facade","221454"
3.312204,50.83244,22.2,"facade","221460"
2.661049,51.07413,23.4,"facade","221469"
5.357695,50.94847,19.8,"facade","221472"
4.92409,51.32536,23.5,"facade","221481"
4.299905,50.99817,20.1,"facade","221490"
3.194713,50.98183,18.4,"facade","221499"
3.987898,51.04418,17.9,"facade","221502"
4.743741,50.95587,18.4,"facade","221508"
4.2203,51.02677,18.1,"facade","221520"
4.972454,51.33783,17.8,"facade","221553"
4.380465,50.9547,19.6,"facade","221574"
3.759106,51.03763,27.5,"facade","221580"
5.289784,51.04185,19.6,"facade","221583"
4.688631,50.88557,22.6,"facade","221586"
3.726721,51.07103,25.8,"facade","221604"
3.982489,50.91584,17.3,"facade","221607"
3.784253,51.07618,24.2,"facade","221610"
4.50035786490348,50.9559356664744,20,"facade","221616"
4.391414,51.13444,24.3,"facade","221622"
2.975264,50.82976,16.8,"facade","221631"
4.434894,51.15241,29.2,"facade","221646"
4.458849,51.24502,27.9,"facade","221649"
4.231397,51.10194,21,"facade","221652"
3.730451,51.0735,32.2,"facade","221667"
4.937624,51.32725,15.7,"facade","221670"
4.47896,51.02026,31,"facade","221706"
3.771393,50.95496,21,"facade","221709"
4.471437,50.88814,31,"facade","221739"
4.164506,51.02516,38.6,"facade","221742"
4.136351,51.16586,36.3,"facade","221748"
3.634884,50.98855,18.5,"facade","221754"
3.601889,50.74395,21.4,"facade","221757"
3.107906,50.79304,25.3,"facade","221766"
4.659664,50.86065,21.3,"facade","221778"
4.442179,51.28851,23.5,"facade","221781"
5.194055,50.98823,19.9,"facade","221784"
4.675377,51.13627,16.5,"facade","221790"
5.166529,50.94226,22.2,"facade","221793"
4.359013,51.12613,21.9,"facade","221799"
4.41025,51.27488,31.7,"facade","221805"
4.461542,50.7722,21,"facade","221844"
5.741236,51.01547,17.7,"facade","221853"
4.449128,51.17453,26.3,"facade","221856"
4.480334,50.76781,19.8,"facade","221871"
4.861745,51.05193,17.3,"facade","221883"
4.94874,50.8054,31.5,"facade","221898"
4.426271,50.9248,41.3,"facade","221904"
4.480265,51.12534,20.3,"facade","221919"
3.472666,51.15543,15.5,"facade","221931"
3.632199,51.19372,22.9,"facade","221937"
4.057326,51.00568,18.6,"facade","221943"
4.52557,51.3275,19.5,"facade","221952"
4.456788,51.26962,30.2,"facade","221964"
5.33179,50.93124,47.4,"facade","221970"
3.820625,51.05914,33.1,"facade","221973"
5.367926,50.99324,30,"facade","221982"
4.351718,51.17462,28,"facade","221985"
4.02365,50.82728,29,"facade","221997"
3.559859,51.02466,19.5,"facade","222000"
4.522304,51.22627,25.3,"facade","222012"
4.410362,51.20502,41,"facade","222015"
4.481302,51.29242,19.4,"facade","222027"
3.270398,50.91081,31.6,"facade","222030"
4.83605768439373,51.173764642112,23.2,"facade","222045"
4.12462,51.02706,21.8,"facade","222048"
4.726016,50.99849,14.2,"facade","222051"
3.729376,51.05625,31.6,"facade","222069"
4.455508,50.86253,26,"facade","222078"
4.453125,50.96281,22.9,"facade","222081"
4.450425,51.18003,23.7,"facade","222090"
4.007126,51.03114,19.3,"facade","222093"
4.393625,51.18157,32.5,"facade","222096"
3.801023,51.06055,25.2,"facade","222102"
4.915632,50.76659,19.4,"facade","222105"
3.804734,50.86475,16,"facade","222111"
4.361687,50.9403,29.3,"facade","222141"
3.626951,50.76478,14.6,"facade","222144"
4.214516,50.93553,17.3,"facade","222162"
4.70075886357554,50.8288438456561,21.3,"facade","222171"
4.174707,50.95666,18.8,"facade","222180"
4.432205,51.12976,27.1,"facade","222186"
4.130585,51.11222,19.9,"facade","222201"
3.780936,50.93964,17.1,"facade","222204"
4.98595,51.0817,17.2,"facade","222213"
4.416339,51.10415,25.1,"facade","222219"
4.39964177085712,51.2048025075211,35.9,"facade","222222"
4.755508,50.95885,16.7,"facade","222225"
3.412306,50.8501,18.3,"facade","222234"
4.70097,50.86926,22.6,"facade","222258"
3.087822,50.86995,20.1,"facade","222261"
3.274742,51.20977,20.2,"facade","222273"
3.799507,50.99842,19.4,"facade","222288"
3.469372,51.0524,17.7,"facade","222294"
4.144493,51.15883,34.9,"facade","222300"
4.426467,51.31234,20.4,"facade","222321"
4.443036,51.19883,29.3,"facade","222327"
3.483621,50.7665,17.6,"facade","222333"
3.172049,50.96749,22.4,"facade","222366"
5.071437,51.18221,16.5,"facade","222372"
4.895104,51.15706,20,"facade","222378"
4.639854,50.84185,44.7,"facade","222402"
4.468156,51.04162,30.7,"facade","222408"
3.756472,51.05759,24,"facade","222417"
5.032982,50.99752,18.4,"facade","222441"
2.645544,51.10443,23.1,"facade","222444"
3.75754896562131,51.0186488682633,23.6,"facade","222471"
5.577285,50.86405,17.5,"facade","222477"
4.32506,51.1105,23.3,"facade","222486"
4.466191,51.20397,28.9,"facade","222504"
3.768528,51.06005,23.7,"facade","222507"
4.466065,51.34886,17.7,"facade","222513"
5.031051,50.99886,21.7,"facade","222516"
4.423834,51.22448,35.6,"facade","222519"
2.625658,50.91081,17.6,"facade","222534"
5.701033,51.10833,19.8,"facade","222555"
4.572636,51.32639,20.4,"facade","222594"
4.159025,51.11623,20.8,"facade","222600"
5.163494,50.80899,15.6,"facade","222609"
4.838369,51.13893,26.7,"facade","222618"
4.192283,51.03258,21.9,"facade","222621"
4.90795,51.09866,20.2,"facade","222630"
3.679985,50.83061,18.7,"facade","222642"
4.621612,51.13692,17.6,"facade","222663"
4.882277,51.17367,20.3,"facade","222666"
4.550254,50.94739,18.8,"facade","222681"
3.449852,50.88123,20.9,"facade","222687"
4.76362501350225,51.2071749217721,17.3,"facade","222690"
3.345996,51.26873,17,"facade","222693"
4.235736,51.21122,27.7,"facade","222729"
4.377873,51.11041,24.9,"facade","222732"
4.573643,51.12867,21.9,"facade","222738"
4.349308,51.09453,25.3,"facade","222744"
3.760883,51.05205,35.6,"facade","222750"
4.754318,51.40565,19.9,"facade","222753"
4.772022,50.88489,13.7,"facade","222768"
3.351331,50.84913,24.8,"facade","222771"
4.72134,50.8333,20.8,"facade","222795"
4.474,51.12878,30.9,"facade","222798"
3.792599,51.06999,21.5,"facade","222810"
4.53346387302994,51.2273328860623,33.5,"facade","222813"
3.231099,51.1969,39.1,"facade","222816"
5.781984,51.09321,15.9,"facade","222834"
3.175537,51.19972,26,"facade","222852"
4.478259,50.91202,26.3,"facade","222855"
4.50563,50.86304,27.1,"facade","222867"
3.850327,51.02771,21.3,"facade","222876"
2.968492,51.15584,28.8,"facade","222879"
2.887715,50.78193,18.3,"facade","222891"
3.840634,50.75287,20.4,"facade","222897"
5.17871,50.81261,24.7,"facade","222900"
4.273174,51.08558,27,"facade","222906"
4.425801,51.07662,24.3,"facade","222918"
4.469515,51.16571,24.7,"facade","222921"
3.165289,50.81913,24.7,"facade","222930"
3.66121854722956,50.8709206281968,19.6,"facade","222942"
4.416808,51.16406,31.8,"facade","222948"
3.205533,50.91749,26.7,"facade","222960"
4.486524,51.05864,21.9,"facade","222975"
4.492431,51.12811,30.1,"facade","222981"
3.665351,50.92773,26.3,"facade","222984"
2.670402,51.07639,23.1,"facade","222990"
4.178483,50.87857,23.1,"facade","223002"
4.340473,51.20053,36,"facade","223014"
4.395929,50.9242,23.1,"facade","223026"
3.15265,51.02161,19.9,"facade","223035"
4.435051,51.12332,25.8,"facade","223050"
4.257716,50.93254,18,"facade","223053"
3.275927,51.20564,19.7,"facade","223056"
4.614079,51.0353,19.5,"facade","223068"
3.124075,50.95034,28.1,"facade","223086"
4.725935,50.88522,20.6,"facade","223116"
4.345693,51.2041,33,"facade","223119"
5.345365,50.92274,25.1,"facade","223137"
4.372485,51.08608,31.8,"facade","223140"
4.049623,50.87522,25.3,"facade","223143"
2.763359,51.14733,20.8,"facade","223149"
3.295606,50.95833,18.8,"facade","223158"
4.442929,51.1942,30.1,"facade","223161"
4.355412,51.03996,28,"facade","223173"
5.728419,50.93279,17.8,"facade","223182"
3.731899,51.02673,28.6,"facade","223191"
4.517397,51.25047,17.7,"facade","223206"
4.487635,51.06173,21.9,"facade","223215"
4.377472,51.17119,33.1,"facade","223218"
4.305354,51.0051,25.1,"facade","223221"
4.497549,51.03849,19.9,"facade","223230"
3.609045,51.27676,24.6,"facade","223239"
3.12092,50.94485,30.5,"facade","223248"
4.452954,51.16811,28.2,"facade","223251"
4.42142,50.95382,17.9,"facade","223272"
4.682121,51.15457,18.1,"facade","223275"
3.003264,51.02257,24.3,"facade","223278"
4.498662,51.01444,28.8,"facade","223284"
4.187638,50.77247,15.9,"facade","223311"
4.436443,51.2472,26.9,"facade","223332"
4.341287,50.92181,22.8,"facade","223335"
3.519191,50.94452,20.3,"facade","223353"
5.433855,50.96285,14.8,"facade","223374"
4.376716,51.17004,27.1,"facade","223377"
4.756258,50.88274,13.9,"facade","223386"
3.538441,51.11889,20.3,"facade","223392"
4.045131,50.8274,20.6,"facade","223404"
3.747785,51.05862,33.6,"facade","223410"
4.431207,51.22137,53.7,"facade","223425"
4.445166,51.20139,31.3,"facade","223431"
3.286058,51.34787,32.3,"facade","223452"
3.749486,51.0496,29.8,"facade","223455"
5.021885,51.00219,15.9,"facade","223458"
3.254017,50.84543,20.3,"facade","223464"
4.383942,51.18923,36,"facade","223488"
4.720003,50.875,24,"facade","223491"
4.728761,51.38457,29.3,"facade","223521"
4.787317,51.01822,19,"facade","223527"
2.867224,50.85258,17.6,"facade","223530"
3.113887,50.93866,22.9,"facade","223536"
3.109071,50.85055,26.4,"facade","223542"
4.438699,51.21624,33.2,"facade","223566"
3.21444,50.931,20.1,"facade","223578"
4.43071384187147,51.2065510410316,41.8,"facade","223581"
5.086931,51.09189,19.5,"facade","223587"
4.543117,50.77294,26.4,"facade","223593"
4.574117,51.14081,29.7,"facade","223602"
4.132606,50.88225,24.1,"facade","223605"
5.153341,51.03687,16.1,"facade","223608"
3.715095,51.03971,25.6,"facade","223617"
5.00865,51.09885,19.4,"facade","223623"
4.526354,51.26865,16.1,"facade","223629"
5.374146,51.15671,15.4,"facade","223632"
4.436603,51.32506,17,"facade","223638"
4.980155,51.30979,16.2,"facade","223644"
4.8836,51.27651,21.2,"facade","223647"
5.00370228665058,50.9352140117899,16,"facade","223653"
5.370752,51.23511,16.5,"facade","223659"
3.910278,51.09386,19.7,"facade","223662"
4.635477,50.86543,21,"facade","223674"
4.471599,51.21959,30.6,"facade","223683"
4.388789,51.20736,36,"facade","223686"
5.449371,50.92773,18.6,"facade","223689"
3.253696,50.99774,18.9,"facade","223692"
4.686903,50.88596,30.5,"facade","223707"
5.526158,51.13687,18.2,"facade","223713"
4.597012,51.18144,25,"facade","223722"
4.441351,51.3235,20,"facade","223728"
3.96385,51.10761,21.7,"facade","223731"
4.721682,51.07101,27.4,"facade","223740"
5.670968,51.13538,18.3,"facade","223743"
4.395531,51.2012,33.7,"facade","223749"
3.077383,50.97515,22.7,"facade","223758"
3.582609,50.76245,16.3,"facade","223761"
3.694871,50.9819,24.2,"facade","223770"
4.230672,51.05308,20,"facade","223773"
4.005629,51.15215,19.5,"facade","223803"
4.218783,50.94156,20.8,"facade","223821"
4.784759,50.83371,22.3,"facade","223827"
5.688409,50.92574,19.9,"facade","223833"
4.501494,50.87691,25.4,"facade","223836"
4.253754,50.75807,20.9,"facade","223839"
5.070068,50.917,17.1,"facade","223845"
4.751763,51.11521,16.4,"facade","223854"
4.761569,50.88614,16.4,"facade","223860"
4.09669,50.7485,15.8,"facade","223893"
4.863176,51.04279,17.6,"facade","223899"
4.14443176963787,51.1010331254861,33.1,"facade","223908"
5.258891,51.16659,15,"facade","223920"
3.445995,51.09659,21.4,"facade","223923"
4.394536,51.18595,31.5,"facade","223935"
4.707921,50.87194,25.1,"facade","223938"
3.629382,51.05802,18.5,"facade","223944"
4.299383,50.95766,20.3,"facade","223962"
3.99096,51.1277,16,"facade","223989"
4.072905,50.87404,18.6,"facade","223992"
3.542542,50.93228,19.9,"facade","224007"
4.712207,50.84206,19.8,"facade","224019"
4.544677,50.95176,18.4,"facade","224046"
4.423359,51.32609,18.4,"facade","224049"
4.679231,50.9315,17.2,"facade","224055"
2.90631,51.21629,28.3,"facade","224061"
4.556072,50.90366,22.7,"facade","224064"
4.736732,51.18355,17.1,"facade","224067"
3.768675,51.14199,24.5,"facade","224085"
4.738625,51.44251,39.1,"facade","224103"
4.479205,51.03836,25.6,"facade","224106"
3.277145,51.10621,19,"facade","224109"
4.30820777572442,51.1764081387222,28.8,"facade","224112"
5.365074,50.97853,21.7,"facade","224124"
4.419065,51.14138,24.6,"facade","224130"
4.67584,51.35074,28.8,"facade","224136"
2.889135,50.84174,34.5,"facade","224139"
5.337362,50.9077,22.8,"facade","224142"
4.454934,50.93015,26,"facade","224166"
3.139257,51.19091,22.3,"facade","224184"
4.455139,51.46824,18.7,"facade","224187"
4.226729,50.8425,21.1,"facade","224190"
3.998598,50.94603,18.5,"facade","224193"
4.68006,50.98959,16.8,"facade","224196"
2.883039,51.17569,17.9,"facade","224202"
4.165882,50.92599,16.9,"facade","224205"
4.476408,51.02499,32.3,"facade","224217"
4.000438,50.93228,25,"facade","224223"
5.000069,51.12446,17.5,"facade","224229"
3.470978,50.90006,21.6,"facade","224238"
4.470137,50.75612,18,"facade","224244"
5.38241139898671,50.8557070834706,16.3,"facade","224247"
3.12458,50.94176,31.2,"facade","224259"
4.194088,50.84584,18.8,"facade","224292"
4.764335,50.86208,19.7,"facade","224298"
3.777045,51.09901,25.4,"facade","224310"
4.097433,51.02966,20.7,"facade","224313"
4.391368,51.19372,39.9,"facade","224322"
5.020606,51.16389,22.4,"facade","224325"
4.675364,51.28755,14.7,"facade","224328"
5.467092,50.91553,17.1,"facade","224331"
3.281017,51.22265,20,"facade","224340"
4.755291,50.81475,17.5,"facade","224346"
3.447085,51.21374,26.7,"facade","224349"
2.913309,51.21384,24.4,"facade","224352"
4.303257,51.00165,26.7,"facade","224355"
4.598331,51.21158,20.8,"facade","224361"
4.43295942310908,51.221691029375,53.3,"facade","224376"
3.981923,51.10344,21.4,"facade","224379"
4.708803,50.93201,14.8,"facade","224385"
4.263291,51.10477,19.2,"facade","224394"
5.187964,50.81885,19.6,"facade","224397"
4.443632,51.24724,28.7,"facade","224403"
4.719137,50.95312,17.8,"facade","224409"
4.746045,51.13501,22.3,"facade","224421"
5.111563,51.21607,17.7,"facade","224430"
4.247924,50.7238,27.4,"facade","224433"
5.338981,50.84227,22.2,"facade","224460"
4.838427,50.79042,14.8,"facade","224490"
4.508163,51.28503,20,"facade","224499"
4.56915420726603,51.297125772677,20,"facade","224502"
3.510142,50.88674,16.5,"facade","224514"
4.675724,50.9085,28.5,"facade","224535"
4.583914,51.16578,17.8,"facade","224538"
5.065426,51.02628,16.4,"facade","224541"
3.099346,50.79277,18.7,"facade","224544"
3.866779,51.09418,20.1,"facade","224550"
4.744961,50.9008,16.1,"facade","224556"
3.7247,51.01837,26.7,"facade","224571"
4.566779,50.97453,17.4,"facade","224589"
4.037276,51.21294,24.2,"facade","224592"
4.63067,50.9752,17.3,"facade","224598"
5.536114,50.97185,24.6,"facade","224616"
4.585315,51.12836,41.1,"facade","224619"
4.560244,51.14014,23.5,"facade","224625"
4.76364327708753,50.9551018813842,19.9,"facade","224628"
3.19409,51.2134,24.6,"facade","224640"
4.30163983034234,50.9959324403864,21,"facade","224658"
3.938945,50.71606,21.4,"facade","224661"
4.641567,50.8963,16,"facade","224667"
3.433183,50.77508,21.9,"facade","224682"
5.256959,50.82288,15.9,"facade","224688"
4.632293,50.97556,19.1,"facade","224703"
4.501069,51.31056,16.7,"facade","224712"
2.8856,50.76803,17.9,"facade","224745"
4.722743,50.87604,21.5,"facade","224748"
3.273238,50.8375,21.5,"facade","224772"
5.654646,50.90126,15.9,"facade","224796"
3.620405,51.19605,19.8,"facade","224808"
4.616832,51.28183,18.2,"facade","224811"
4.728977,51.20025,18.9,"facade","224826"
2.979718,50.8287,18.5,"facade","224829"
4.588526,51.38954,45.8,"facade","224832"
3.52579,50.90823,20.8,"facade","224841"
4.049906,51.15979,21.7,"facade","224853"
2.91113,51.21724,26,"facade","224856"
5.109672,51.0201,14.4,"facade","224859"
3.75495,51.05721,24.4,"facade","224865"
3.518568,51.14888,19.8,"facade","224868"
4.435683,50.91102,30,"facade","224871"
2.690035,51.09744,20.9,"facade","224877"
4.099876,51.04946,15.9,"facade","224901"
3.608639,51.12577,20.2,"facade","224907"
3.163385,50.9437,22.4,"facade","224919"
4.428087,50.92676,33.1,"facade","224922"
4.785258,50.95263,18.5,"facade","224928"
4.755651,50.90006,15.7,"facade","224934"
5.16719,51.03817,20.3,"facade","224937"
4.17431,50.89757,21.7,"facade","224946"
3.384667,50.87729,18.9,"facade","224949"
4.721895,50.82959,17.7,"facade","224955"
4.466384,51.37746,17.8,"facade","224958"
2.674621,51.11311,20.7,"facade","224967"
4.463588,51.22784,27,"facade","224976"
4.360335,51.18161,30.9,"facade","224982"
4.577564,51.37667,18,"facade","224988"
4.899803,51.31519,18.5,"facade","224997"
3.11307,50.79781,37.7,"facade","225006"
2.941159,51.24019,22,"facade","225012"
4.416224,51.19819,33.4,"facade","225027"
3.938264,50.79236,16.7,"facade","225030"
3.251189,51.21083,23.5,"facade","225036"
3.096479,51.08373,21,"facade","225048"
4.518912,51.26631,17.9,"facade","225054"
5.454728,51.23298,15.9,"facade","225057"
5.125134,50.77977,17,"facade","225072"
3.764552,51.0083,22.3,"facade","225090"
3.91394,50.75699,17.4,"facade","225105"
4.457506,51.15083,24.8,"facade","225114"
4.948426,51.09752,18.2,"facade","225120"
4.60541753081224,51.0055580315416,17.7,"facade","225126"
2.893679,51.21689,24.6,"facade","225129"
4.512544,51.00949,23.8,"facade","225135"
4.319185,50.9417,23.2,"facade","225138"
4.519786,51.26732,17.5,"facade","225141"
4.425913,51.22154,40.9,"facade","225144"
5.601137,51.13773,23.3,"facade","225150"
4.954946,50.87473,18.4,"facade","225153"
3.95396899866511,51.1496108476115,17.3,"facade","225171"
2.773773,50.8122,15.9,"facade","225174"
4.859243,51.35508,17.9,"facade","225177"
4.412602,51.19653,30.3,"facade","225192"
5.560194,50.79285,20.2,"facade","225204"
4.48758,51.29948,25.1,"facade","225222"
4.45602481617337,51.2559569155742,25.2,"facade","225225"
5.468463,50.7806,22.6,"facade","225234"
4.659209,50.83486,16.7,"facade","225240"
4.335612,50.73483,18.4,"facade","225249"
4.431915,51.17765,29.5,"facade","225252"
4.249973,50.99998,18.1,"facade","225264"
4.332276,51.36371,19.1,"facade","225267"
4.475367,51.13389,22.4,"facade","225270"
4.339944,51.21814,28.1,"facade","225273"
3.793645,51.06199,19.6,"facade","225282"
3.757511,51.25133,21.2,"facade","225291"
5.454182,50.92396,17.5,"facade","225294"
3.704598,51.05451,41.1,"facade","225297"
3.031171,51.268,24.8,"facade","225303"
3.213396,50.78605,24.4,"facade","225306"
5.077779,50.9893,15.6,"facade","225312"
4.721798,50.95507,23.3,"facade","225318"
4.565361,50.94099,21.3,"facade","225324"
5.472106,50.96092,19.3,"facade","225327"
3.939655,50.93762,22.6,"facade","225330"
4.18286,50.97397,23.8,"facade","225333"
3.11616194403763,50.9353481041262,18.2,"facade","225351"
5.229424,51.04684,17.5,"facade","225360"
3.267313,50.81387,23.7,"facade","225363"
5.110223,50.99737,14.7,"facade","225372"
3.99399987265976,51.2259462264017,16.7,"facade","225375"
3.724989,51.06502,24.9,"facade","225387"
2.666529,51.06264,23.4,"facade","225396"
4.899755,50.96328,20.5,"facade","225399"
4.819155,51.03783,16.7,"facade","225402"
4.011587,51.05651,24.4,"facade","225405"
4.287275,51.13022,24.1,"facade","225414"
2.982397,50.87735,17.7,"facade","225420"
4.75151,50.95689,17,"facade","225432"
4.383167,51.21871,30.8,"facade","225438"
4.397869,51.20591,42.2,"facade","225450"
4.123185,50.94665,18.1,"facade","225453"
4.509978,51.22898,24.4,"facade","225459"
4.66617,50.84253,16.9,"facade","225462"
5.44477,50.77494,16,"facade","225480"
4.427768,51.17533,29.2,"facade","225486"
4.71064,51.0988,20.9,"facade","225495"
3.116364,50.95577,21,"facade","225504"
4.701616,50.88407,28,"facade","225510"
4.422244,51.30679,17,"facade","225513"
4.724363,50.86525,19.5,"facade","225516"
4.941382,51.09846,18.5,"facade","225537"
4.077403,51.13199,24.5,"facade","225546"
4.42194,51.28216,25.7,"facade","225555"
5.356856,50.99957,18,"facade","225558"
2.880438,50.84082,17.9,"facade","225561"
3.273179,50.81915,26.8,"facade","225567"
4.206795,51.32167,24,"facade","225570"
4.325287,50.93794,28.5,"facade","225594"
4.275196,51.2299,24.2,"facade","225600"
3.259869,50.94188,17.5,"facade","225603"
3.183165,50.8731,28.7,"facade","225624"
4.097993,50.94581,18.1,"facade","225630"
4.946199,50.7619,15.5,"facade","225639"
4.502181,51.39953,20.2,"facade","225642"
4.522489,50.90242,27.6,"facade","225651"
4.698392,50.87755,26,"facade","225663"
4.180114,51.18816,28,"facade","225675"
5.482102,51.26128,14.5,"facade","225678"
3.999093,50.96422,27.6,"facade","225681"
3.63431009353342,51.1006189031475,21.7,"facade","225684"
4.490611,51.08927,21.4,"facade","225687"
3.694122,51.08548,20.5,"facade","225690"
4.394701,51.17102,45.5,"facade","225699"
3.304095,50.91687,20.3,"facade","225720"
4.411075,51.23367,29.9,"facade","225723"
4.49779872599016,51.1374960899753,20.9,"facade","225738"
4.795882,51.43169,16.9,"facade","225747"
4.669393,51.05758,30.8,"facade","225756"
4.619908,50.97858,16.3,"facade","225762"
4.751396,50.86725,12.7,"facade","225765"
3.824492,50.89655,20.5,"facade","225768"
4.419849,51.2268,31.3,"facade","225780"
4.402345,51.22218,34.8,"facade","225792"
2.959584,51.15839,20.1,"facade","225804"
3.698046,50.95632,17,"facade","225810"
4.519693,51.23562,20.5,"facade","225813"
3.119263,50.93997,21.5,"facade","225816"
4.280326,51.04705,18.9,"facade","225819"
4.74809311335433,50.89325246015,15.5,"facade","225822"
3.619201,51.10456,19.4,"facade","225828"
4.45278071133797,51.1779111564609,25.8,"facade","225831"
4.589369,50.90826,16.1,"facade","225849"
4.42542,51.20129,32.7,"facade","225861"
4.59792,50.80219,16.4,"facade","225864"
5.428034,50.82923,13.5,"facade","225870"
4.155243,51.16707,34.3,"facade","225879"
4.20684,51.00696,24.5,"facade","225891"
4.919987,51.11365,18.6,"facade","225894"
2.864626,50.94765,18,"facade","225903"
3.174439,50.88018,19.7,"facade","225924"
3.718325,51.05099,29,"facade","225945"
3.547085,51.15967,17.3,"facade","225954"
3.935805,50.79176,17.9,"facade","225969"
4.08573,51.03201,21.6,"facade","225972"
4.151024,50.8884,19.9,"facade","225984"
4.42358,50.92772,38.3,"facade","225999"
3.1294,50.94961,30.7,"facade","226005"
5.332165,50.93641,23,"facade","226017"
4.699332,50.92555,21.9,"facade","226059"
5.287236,51.03565,31.1,"facade","226062"
4.10971,50.90901,36.5,"facade","226071"
4.942096,50.80723,23.9,"facade","226080"
3.122216,50.94719,30.9,"facade","226083"
4.549964,51.25764,19.7,"facade","226101"
3.738081,51.05109,30.4,"facade","226104"
4.525336,51.08074,21.7,"facade","226122"
4.477346,51.22384,26.3,"facade","226128"
4.082609,51.03203,30,"facade","226173"
4.494398,51.1914,22.7,"facade","226179"
3.636191,51.016,20.6,"facade","226203"
3.187556,50.79675,27.7,"facade","226209"
3.209352,51.20833,25.9,"facade","226224"
5.166157,51.04924,21,"facade","226230"
4.505331,50.82342,26.9,"facade","226233"
4.285208,50.87924,38.6,"facade","226236"
5.020567,51.05883,14.8,"facade","226242"
4.665816,50.87306,22.7,"facade","226251"
4.687003,50.91852,20.9,"facade","226254"
3.680685,51.01844,25,"facade","226260"
4.122302,50.82769,17.8,"facade","226269"
5.297884,50.94184,23.3,"facade","226275"
4.263851,50.86556,32.5,"facade","226278"
5.119448,50.90736,14.2,"facade","226290"
3.725629,51.05743,29.2,"facade","226293"
4.189827,50.90737,19.2,"facade","226296"
3.411818,50.8355,17.4,"facade","226302"
3.873279,50.76877,37.9,"facade","226305"
3.978003,50.96575,28.9,"facade","226317"
4.472676,50.89222,31.5,"facade","226323"
3.679872,50.99974,20.3,"facade","226332"
4.232422,50.73512,24,"facade","226344"
4.585418,51.21333,19.1,"facade","226350"
5.287856,51.06162,17,"facade","226371"
5.439709,51.18068,20.5,"facade","226374"
4.821889,51.20152,20.4,"facade","226386"
3.889766,50.84064,17.6,"facade","226422"
4.781593,51.29789,20.9,"facade","226428"
5.254183,50.94729,29,"facade","226440"
3.100453,51.26208,24.4,"facade","226467"
3.731588,51.05315,40.2,"facade","226476"
4.879848,51.32078,22.2,"facade","226479"
5.177086,50.79167,18.1,"facade","226500"
4.578409,51.04614,19.6,"facade","226512"
3.12313814248378,50.7996593161971,26.4,"facade","226524"
5.514689,51.01143,20.5,"facade","226527"
4.373543,51.0944,25.7,"facade","226542"
5.272498,50.87033,18.2,"facade","226569"
4.233856,50.81818,21.3,"facade","226575"
4.496488,51.21848,41.3,"facade","226578"
4.478139,51.21909,27.6,"facade","226581"
3.880974,51.05119,23.6,"facade","226614"
4.595116,51.01492,17.2,"facade","226632"
3.341877,50.80113,19.9,"facade","226650"
3.256824,51.21113,19.4,"facade","226656"
5.657575,50.89215,26,"facade","226665"
3.668429,51.07097,14.9,"facade","226671"
5.380427,51.23891,16.1,"facade","226680"
4.385475,51.15296,30,"facade","226683"
4.421108,51.28338,27.4,"facade","226716"
4.401878,51.22151,38.8,"facade","226719"
4.741285,51.19342,20.1,"facade","226725"
3.473896,50.83925,30,"facade","226728"
4.43159,51.21944,35.5,"facade","226749"
4.579074,51.15315,21.9,"facade","226758"
3.980093,50.98033,22.3,"facade","226782"
3.489578,50.95818,28.3,"facade","226806"
4.071267,50.91596,26.3,"facade","226812"
3.187343,50.79284,25.5,"facade","226815"
3.750115,50.96166,24.8,"facade","226827"
4.492552,51.4708,18.1,"facade","226830"
4.518703,50.96367,18.2,"facade","226836"
4.222741,51.12989,19.7,"facade","226842"
2.924724,50.83703,15.9,"facade","226860"
4.461678,51.22783,26.5,"facade","226878"
3.150754,51.1933,21.3,"facade","226881"
4.06465,51.21967,30.8,"facade","226887"
4.452851,51.30815,17.9,"facade","226899"
4.416165,51.01809,22.4,"facade","226908"
5.541662,51.23544,17.3,"facade","226911"
4.503076,51.31443,19.5,"facade","226926"
4.418666,51.22269,36.7,"facade","226929"
4.328178,51.1972,44.5,"facade","226962"
3.695683,51.06237,29.1,"facade","226965"
5.072419,50.77033,17.3,"facade","226974"
4.730763,50.83137,18.3,"facade","226980"
4.725856,51.10258,18,"facade","226983"
4.446993,51.18075,33.4,"facade","226992"
3.16869654300771,50.9298086373647,25.4,"facade","226998"
3.241602,51.21521,22.4,"facade","227004"
2.973852,50.85034,17.7,"facade","227007"
4.802055,51.39846,20.6,"facade","227010"
3.661376,51.07298,25.7,"facade","227016"
5.683356,50.9961,15.1,"facade","227028"
3.639009,51.10274,20.8,"facade","227031"
3.678845,51.02649,23.9,"facade","227034"
4.892427,51.31062,21.7,"facade","227040"
4.34648468033291,50.9125036465804,35.6,"facade","227043"
4.830759,50.84282,24.2,"facade","227046"
5.19313081855439,51.1158797180774,16.2,"facade","227076"
3.32263,51.20324,17.7,"facade","227079"
5.12481,50.82302,15.6,"facade","227088"
4.941641,51.0143,14.6,"facade","227094"
3.99147,50.82153,14.6,"facade","227127"
4.871812,50.91826,14.5,"facade","227130"
5.380134,51.04165,18,"facade","227136"
4.788541,50.8453,17.1,"facade","227145"
4.206256,51.01304,19.5,"facade","227151"
5.484673,51.25143,15.9,"facade","227154"
3.76263,51.07163,24.7,"facade","227181"
4.490776,51.25629,25,"facade","227187"
4.708166,50.87892,28,"facade","227229"
3.652842,51.08495,21.7,"facade","227232"
3.056801,50.786,18.2,"facade","227238"
4.914817,51.02899,18.4,"facade","227247"
3.728742,51.06263,30.1,"facade","227256"
3.207391,51.22252,31,"facade","227268"
3.701795,51.07588,24.5,"facade","227280"
3.579146,50.86237,17.1,"facade","227289"
4.506154,50.81975,22.6,"facade","227292"
4.416712,51.19326,37.3,"facade","227295"
3.65956,51.25264,20.8,"facade","227298"
4.451593,51.24716,34.2,"facade","227301"
5.670628,50.91231,15.6,"facade","227304"
4.812471,51.21017,18.9,"facade","227310"
3.623481,51.10408,20.4,"facade","227319"
4.413313,51.10422,24.4,"facade","227328"
5.543254,50.98345,17.5,"facade","227331"
5.429784,51.22993,24,"facade","227334"
4.506041,50.91707,25.3,"facade","227343"
4.419136,51.19768,37.3,"facade","227346"
3.531889,50.98873,17.5,"facade","227355"
4.435026,51.20421,40.1,"facade","227358"
4.632009,51.01454,18.2,"facade","227361"
4.443756,51.20204,32.7,"facade","227391"
4.966227,51.31913,26,"facade","227397"
4.43058776536939,51.2029198657269,34.1,"facade","227400"
4.337893,50.90457,28.3,"facade","227403"
5.717459,50.94108,18.9,"facade","227406"
3.226764,50.77773,19.4,"facade","227415"
4.636661,51.23916,17.9,"facade","227424"
5.44770626097473,50.8307501484381,14.2,"facade","227433"
5.362368,50.98722,19.6,"facade","227442"
4.73020946725974,50.8923811536823,24.4,"facade","227469"
4.5896,50.88511,17.4,"facade","227472"
3.979963,50.87981,13.1,"facade","227478"
4.45852555122277,51.1687375954981,27.2,"facade","227487"
3.908689,50.78541,16.2,"facade","227493"
4.354311,51.1813,28.1,"facade","227496"
3.93916,50.95559,19.8,"facade","227499"
4.303942,50.90636,26,"facade","227511"
5.456674,51.13506,17.4,"facade","227517"
4.20958977154863,50.8340015707753,17.7,"facade","227526"
5.217766,50.80374,16.7,"facade","227529"
4.439268,51.29428,21.7,"facade","227535"
3.545025,50.99946,19.2,"facade","227538"
3.807364,51.05728,29.3,"facade","227541"
3.023437,50.97264,19.6,"facade","227550"
3.739667,51.03845,29.9,"facade","227559"
4.788609,51.38972,16.9,"facade","227562"
3.23534,51.19906,27,"facade","227568"
3.929341,51.00689,19.7,"facade","227574"
3.826176,51.0212,22.9,"facade","227577"
4.567556,50.90393,23.1,"facade","227592"
3.714736,50.95394,18.1,"facade","227616"
4.050082,51.10793,24.4,"facade","227622"
5.445701,50.85501,15.3,"facade","227640"
5.094905,51.32924,27.1,"facade","227655"
4.420559,51.04857,22.2,"facade","227661"
3.744548,51.17879,28.4,"facade","227673"
4.692455,50.97205,20,"facade","227679"
5.33374,50.92822,37.2,"facade","227682"
3.937226,50.95491,20.1,"facade","227688"
4.838641,51.07299,18.3,"facade","227718"
4.556845,51.12756,30.9,"facade","227727"
2.62538982997559,50.9163453582343,17.4,"facade","227742"
4.312416,50.92704,17.3,"facade","227760"
3.690208,51.0348,28.2,"facade","227763"
5.315892,51.24,17.6,"facade","227778"
3.434819,50.87846,21.8,"facade","227781"
4.087124,51.03539,19,"facade","227784"
5.015691,51.41325,32.1,"facade","227787"
4.432212,51.18731,29,"facade","227790"
3.747219,50.9893,32.5,"facade","227796"
5.333352,50.9316,42.8,"facade","227814"
3.17242087965912,50.7901276225755,18.4,"facade","227823"
4.021075,50.96302,23.8,"facade","227826"
4.488962,51.19472,37.9,"facade","227835"
3.140878,50.93895,24.4,"facade","227838"
4.869345,51.26251,16.9,"facade","227847"
4.095666,51.05972,17,"facade","227859"
3.637945,50.75766,13.4,"facade","227865"
5.203921,50.83017,37.7,"facade","227871"
4.545548,50.82414,15.9,"facade","227874"
3.73615182632898,51.0427497309154,32.3,"facade","227877"
4.537244,50.89181,19,"facade","227880"
3.91764,51.00797,16.2,"facade","227901"
3.019604,51.09525,26.1,"facade","227913"
4.099458,51.01957,18.3,"facade","227925"
3.673453,51.13503,20.8,"facade","227928"
4.234671,51.21114,24.2,"facade","227934"
4.41425053589789,51.031651349596,24.3,"facade","227940"
4.177724,50.95445,20.7,"facade","227955"
4.382441,51.14113,27.3,"facade","227958"
4.716277,51.25497,15.8,"facade","227970"
4.447091,51.18797,26.2,"facade","227982"
4.384395,50.91949,21.7,"facade","227991"
3.762589,51.02712,26.8,"facade","227994"
4.573931,51.15047,21.2,"facade","227997"
4.619648,50.81875,17.2,"facade","228006"
4.473578,51.04947,22.8,"facade","228012"
4.479451,51.30107,21.1,"facade","228018"
4.372795,51.09707,25.6,"facade","228021"
3.829769,51.09243,21.6,"facade","228030"
4.476063,50.98396,26.3,"facade","228033"
4.515901,50.96832,19.5,"facade","228039"
4.868891,51.18191,16.2,"facade","228054"
4.200326,50.9494,15.1,"facade","228057"
4.402649,51.35352,16.7,"facade","228063"
4.652573,51.0287,15,"facade","228066"
4.212895,50.85483,17.6,"facade","228102"
4.007356,51.06837,22.8,"facade","228108"
5.78233177952106,51.0972182722982,24.9,"facade","228114"
4.459722,51.46024,18.2,"facade","228117"
4.04538013094432,51.2016095537214,20.2,"facade","228120"
5.266604,50.9255,17.7,"facade","228123"
4.85213809061973,50.8940120342831,14.5,"facade","228126"
4.259942,50.71338,21.6,"facade","228141"
3.310927,51.21716,17.7,"facade","228147"
3.717004,51.03893,28.6,"facade","228153"
4.269955,50.85136,25.4,"facade","228162"
4.498134,51.09856,22,"facade","228165"
4.776228,51.20043,18,"facade","228177"
4.245006,51.20857,29.4,"facade","228204"
4.627413,50.90684,15.3,"facade","228207"
3.638673,51.06247,20,"facade","228213"
4.476754,51.30147,18.3,"facade","228219"
4.195673,50.93972,17.9,"facade","228225"
5.076634,50.74136,16.3,"facade","228228"
4.466419,50.94897,19,"facade","228240"
4.563989,51.2568,15.4,"facade","228261"
4.088611,50.87712,23.9,"facade","228270"
3.27673432439336,50.7745261378776,20.1,"facade","228279"
4.19617,51.10345,17.8,"facade","228282"
4.415412,51.2271,41.2,"facade","228288"
4.189655,50.80061,15.1,"facade","228291"
3.863853,50.7942,18.1,"facade","228306"
3.954938,51.10136,20.9,"facade","228309"
3.490832,50.76383,14.5,"facade","228327"
5.510594,50.95312,21.7,"facade","228330"
4.433377,51.17409,26.7,"facade","228333"
5.305947,51.23141,21.1,"facade","228336"
4.523601,51.27924,24.5,"facade","228339"
3.439138,50.97902,20.8,"facade","228351"
4.197761,50.96618,24.8,"facade","228354"
2.878053,51.07504,19,"facade","228357"
3.88873671505743,51.0007216547901,22.3,"facade","228381"
4.191629,50.9683,22.4,"facade","228384"
3.801118,51.03998,22.6,"facade","228402"
3.234205,50.80785,24.3,"facade","228408"
3.133457,50.93955,20.2,"facade","228426"
5.57562078651325,50.8765901609617,20.8,"facade","228441"
3.617081,50.91135,23.6,"facade","228444"
5.425154,51.24527,16.1,"facade","228447"
3.183214,51.29604,24.2,"facade","228450"
4.36283,51.11218,23.8,"facade","228453"
4.061735,51.14599,20.1,"facade","228462"
3.405978,50.94435,18.9,"facade","228471"
3.936879,51.17388,26.1,"facade","228480"
4.300656,51.03747,20.9,"facade","228483"
4.23912,51.07809,18.2,"facade","228495"
5.500876,50.98533,25.7,"facade","228501"
5.332933,50.78321,18.4,"facade","228507"
3.302946,50.80797,19.2,"facade","228525"
4.409363,50.92362,35.7,"facade","228528"
5.425734,50.86337,14.7,"facade","228546"
4.605239,50.94607,18.2,"facade","228564"
4.011287,51.08786,23,"facade","228573"
3.436408,51.20437,26.7,"facade","228579"
3.063318,50.8929,35.3,"facade","228585"
3.229435,51.04944,16.5,"facade","228594"
4.04062,50.82726,16.7,"facade","228600"
3.861322,51.17195,26.7,"facade","228609"
4.491836,51.32794,16.6,"facade","228612"
4.15687702158709,50.8546196103928,22.8,"facade","228618"
3.801255,50.9966,26.2,"facade","228627"
4.154697,51.17127,24.8,"facade","228633"
4.692012,50.86111,21.8,"facade","228639"
5.109181,51.24656,20.4,"facade","228642"
4.483872,51.04545,22.7,"facade","228648"
3.237232,50.80418,19.2,"facade","228660"
4.695091,50.92722,19.7,"facade","228666"
4.52442,51.17306,24.4,"facade","228669"
3.459762,51.08245,18.4,"facade","228687"
4.340291,51.09943,28.9,"facade","228705"
3.699513,51.05759,24.9,"facade","228708"
4.24081061401883,50.8708455711692,21.7,"facade","228723"
4.514707,51.10368,25.8,"facade","228729"
4.487582,51.37256,17,"facade","228732"
3.154167,51.13031,21.1,"facade","228744"
3.773956,50.79316,18.9,"facade","228753"
4.971037,51.33664,22.8,"facade","228759"
3.58353,51.05727,19.9,"facade","228768"
4.734598,50.86661,24.7,"facade","228786"
4.256864,50.86906,21.1,"facade","228798"
3.988356,50.96491,25.6,"facade","228801"
3.67162786092851,50.9290358737224,20.6,"facade","228804"
5.211071,51.02921,19.3,"facade","228807"
3.135578,51.0484,22.3,"facade","228810"
3.816201,50.85755,18.6,"facade","228816"
4.265713,50.84694,26.1,"facade","228819"
4.83263,51.17807,27.7,"facade","228822"
4.613048,51.25259,20.6,"facade","228825"
4.478348,51.38161,19.5,"facade","228831"
3.314783,51.01269,21,"facade","228849"
3.214928,51.21829,27.5,"facade","228855"
4.505112,50.73987,15.1,"facade","228891"
4.298689,51.14428,18.1,"facade","228894"
4.356028,51.06942,31,"facade","228903"
4.995357,51.40973,20.3,"facade","228909"
4.376345,51.17792,33.6,"facade","228918"
4.623698,51.15844,16.1,"facade","228924"
3.16034,50.78021,20.9,"facade","228927"
3.242815,51.20138,38.3,"facade","228930"
3.557083,50.90421,17.2,"facade","228933"
3.90646,50.891,33.9,"facade","228936"
4.167379,50.96858,18.9,"facade","228942"
4.476475,51.02197,26.9,"facade","228948"
4.786342,50.98693,22.6,"facade","228954"
5.249684,50.92114,20,"facade","228957"
4.458204,51.2264,40.1,"facade","228975"
5.335342,50.83403,16.5,"facade","228978"
4.447185,51.3156,17.1,"facade","228996"
4.222031,51.09352,17.6,"facade","228999"
4.430385,51.20889,36,"facade","229008"
4.354528,51.03839,25.5,"facade","229032"
4.833005,51.17221,38.1,"facade","229035"
3.659048,50.99301,19.2,"facade","229041"
3.417296,50.99794,18.2,"facade","229044"
4.830003,51.17798,26.1,"facade","229047"
4.499248,51.21015,38.2,"facade","229050"
4.100881,51.01884,19,"facade","229053"
4.615683,51.4144,19.3,"facade","229062"
3.683172,50.88394,26.9,"facade","229071"
3.602509,51.09661,23.1,"facade","229077"
4.41533,51.22953,47.2,"facade","229083"
3.755623,50.79682,17.7,"facade","229089"
4.628049,51.26656,17.6,"facade","229092"
3.685157,51.06843,37.7,"facade","229095"
3.012478,50.93249,24,"facade","229107"
3.989835,51.0492,17.6,"facade","229113"
3.248754,50.81263,29,"facade","229128"
4.414635,51.20492,37.2,"facade","229131"
4.364016,51.18434,29.5,"facade","229161"
4.932135,51.43158,19.4,"facade","229164"
4.635012,50.99537,17.9,"facade","229170"
4.438676,51.29265,20.1,"facade","229179"
4.536283,50.87401,21.4,"facade","229182"
3.253326,50.8104,21,"facade","229185"
4.797217,51.39882,16.6,"facade","229203"
5.257677,50.83351,17.7,"facade","229206"
3.766511,51.02407,24.3,"facade","229209"
5.728885,51.05781,17,"facade","229212"
3.449154,50.87741,20.8,"facade","229227"
4.354248,50.90128,28.7,"facade","229236"
4.685139,51.16517,26.1,"facade","229239"
4.494174,50.84453,20.9,"facade","229245"
4.59097,51.2329,17.1,"facade","229260"
5.602301,51.14246,22.6,"facade","229263"
3.031469,50.9982,17.6,"facade","229269"
3.221884,51.20817,28.7,"facade","229272"
3.704005,51.06375,31,"facade","229281"
4.390487,51.15414,28.4,"facade","229284"
3.710668,51.09543,24.3,"facade","229287"
4.702073,51.00529,15.3,"facade","229290"
5.310996,51.24239,15.8,"facade","229293"
5.23286972717558,51.2242546451703,14.5,"facade","229305"
4.702362,50.86248,20.2,"facade","229314"
4.941192,50.84089,13.9,"facade","229317"
3.350683,50.87956,22.7,"facade","229323"
3.802918,51.00226,42.6,"facade","229329"
4.22239,51.14766,24.8,"facade","229353"
4.70636,50.86782,19.9,"facade","229362"
4.68413,50.88607,23.4,"facade","229365"
4.357452,50.93667,20,"facade","229371"
3.21067666117541,51.2026840001413,30.8,"facade","229380"
3.478225,51.11625,17.1,"facade","229383"
4.722376,50.88093,24.7,"facade","229389"
5.367282,50.98659,26.3,"facade","229398"
3.073562,51.09672,18.9,"facade","229407"
5.37923,50.86338,29.5,"facade","229413"
4.348185,51.17233,25.8,"facade","229416"
3.831226,51.10402,23.1,"facade","229425"
3.572139,51.09654,19.8,"facade","229428"
3.142356,51.18079,20.3,"facade","229431"
4.84037,50.99426,20.9,"facade","229440"
5.357702,50.92718,27.3,"facade","229443"
4.510625,50.85995,22.7,"facade","229455"
4.601008,51.14558,19,"facade","229458"
4.261582,51.21028,26.6,"facade","229464"
5.30284,51.22456,17.6,"facade","229467"
3.217562,50.97656,17.9,"facade","229479"
5.07195678280866,51.3183308558459,15.5,"facade","229482"
4.39098305096955,51.1716509865098,38,"facade","229497"
4.08530923748037,50.9626214710213,18.9,"facade","229500"
4.439133,51.23777,35.4,"facade","229518"
2.932628,51.20354,19.9,"facade","229542"
4.39451,51.19873,28.8,"facade","229545"
4.834177,51.1732,37.3,"facade","229563"
4.155095,50.80254,24.4,"facade","229575"
4.48986,51.13242,19.9,"facade","229581"
3.655665,51.0529,24.3,"facade","229584"
4.367809,50.94996,18.9,"facade","229608"
4.836138,51.13536,20.5,"facade","229620"
4.74231,51.38761,21.6,"facade","229623"
4.457422,51.24888,28.8,"facade","229626"
3.70946,50.7984,15.9,"facade","229629"
2.897795,50.76667,25,"facade","229632"
4.60313,51.01703,19.2,"facade","229644"
3.295794,50.81386,23.1,"facade","229650"
4.415139,51.10222,24,"facade","229668"
4.554549,50.9707,17.5,"facade","229683"
3.282564,50.82476,19.9,"facade","229692"
5.423918,51.21038,21.1,"facade","229701"
4.415745,51.22715,43.8,"facade","229713"
3.610894,50.85357,17.9,"facade","229716"
4.922801,50.8416,20.2,"facade","229719"
4.14389859852417,50.9838889291471,14.9,"facade","229725"
3.147403,51.12709,20,"facade","229731"
4.33042998231933,51.0771038124999,20.9,"facade","229737"
3.714151,51.00551,33.5,"facade","229746"
4.249288,50.90442,16.1,"facade","229749"
4.664754,50.96185,16.6,"facade","229755"
4.423142,51.04851,19.5,"facade","229761"
4.449451,51.24436,54.1,"facade","229776"
4.5612,50.79668,16.7,"facade","229779"
3.237209,51.20989,25.2,"facade","229788"
4.417103,51.10266,22.2,"facade","229791"
4.831411,50.89894,16.3,"facade","229809"
3.088427,51.17929,21.9,"facade","229812"
4.007102,50.89204,16.8,"facade","229821"
5.111436,51.08525,23.2,"facade","229824"
4.464112,51.08815,27.9,"facade","229830"
3.29456,50.82361,23.6,"facade","229848"
4.543519,50.85926,17.6,"facade","229863"
4.26894,51.0266,16.4,"facade","229881"
2.915857,51.22595,33.4,"facade","229887"
4.214561,51.02192,26.8,"facade","229902"
4.483903,51.02938,32.2,"facade","229905"
3.602985,50.95122,18.6,"facade","229908"
4.599812,51.18879,21.9,"facade","229911"
3.275668,50.86169,17.9,"facade","229917"
3.39984,50.92947,35.5,"facade","229920"
4.510175,51.22282,21.4,"facade","229929"
5.045968,50.84454,19.7,"facade","229932"
4.834638,51.26356,21.2,"facade","229938"
4.611582,51.09334,29.8,"facade","229965"
4.177211,51.17217,19.8,"facade","229968"
5.003827,51.12723,19,"facade","229980"
3.277003,50.7813,21.9,"facade","229983"
4.582958,50.84923,20.2,"facade","229986"
4.574502,51.29116,19.6,"facade","229995"
4.508302,51.29022,20.1,"facade","230001"
4.11006617242935,51.0950993219403,22,"facade","230007"
5.144485,51.09676,15.3,"facade","230016"
5.387081,51.15726,16.4,"facade","230028"
4.738815,50.87734,17,"facade","230031"
4.939446,50.8824,17.3,"facade","230037"
4.744843,51.04787,18,"facade","230040"
5.365511,51.03413,17.4,"facade","230049"
3.335573,51.03314,19.2,"facade","230055"
3.87688074199176,50.9864300222193,18.3,"facade","230061"
3.600011,51.18333,18.8,"facade","230064"
3.295292,50.88194,25.1,"facade","230073"
4.154152,51.16585,22.7,"facade","230088"
4.375242,51.04901,24.1,"facade","230091"
3.795229,51.05732,24.6,"facade","230097"
3.269302,51.05558,18.3,"facade","230115"
5.09665,51.32649,17.8,"facade","230121"
4.195186,51.12103,21.7,"facade","230127"
2.697504,51.12696,20.8,"facade","230130"
4.728459,51.10513,21.6,"facade","230139"
4.725324,51.08221,19.7,"facade","230142"
3.522291,51.24253,18,"facade","230145"
4.902404,50.8691,16.4,"facade","230154"
5.354312,50.89019,17.6,"facade","230181"
4.224707,50.93606,16.5,"facade","230184"
3.821433,51.06335,20.9,"facade","230193"
4.170346,50.98964,18.8,"facade","230196"
4.603169,51.14649,18.6,"facade","230214"
5.317013,50.93042,20.6,"facade","230223"
4.702711,50.89674,22.5,"facade","230226"
4.38354074844055,50.9124431837629,30.5,"facade","230229"
4.727743,50.87044,32.6,"facade","230232"
5.546722,51.24473,27,"facade","230244"
4.896193,51.24,16.4,"facade","230283"
5.491218,50.90363,18.8,"facade","230292"
3.111312,50.98363,21.3,"facade","230298"
3.609353,50.86135,18.5,"facade","230307"
4.386636,50.93977,18.7,"facade","230319"
3.7332,50.84366,16,"facade","230328"
5.362293,51.02962,18.4,"facade","230343"
4.40901,51.19262,49,"facade","230349"
3.573822,51.18926,26.3,"facade","230370"
3.313927,50.81755,27.1,"facade","230379"
3.531625,50.96901,21,"facade","230382"
4.543053,50.77486,17.7,"facade","230409"
4.412401,51.05003,20.6,"facade","230412"
3.738988,51.03543,35.4,"facade","230415"
5.349987,50.9212,23.4,"facade","230418"
3.87031,51.03249,21,"facade","230421"
3.430952,50.86852,18.4,"facade","230427"
3.955604,51.12324,20.8,"facade","230433"
3.85572569100942,51.0965671658529,21.2,"facade","230445"
4.084516,51.10785,17.9,"facade","230454"
3.175265,51.08053,21,"facade","230475"
4.476928,50.8328,23.3,"facade","230478"
2.59797,51.10439,22.3,"facade","230502"
4.880694,51.13022,18.3,"facade","230508"
5.759933,51.10959,18.7,"facade","230517"
2.96259813199179,51.2463290238085,29.2,"facade","230523"
5.734994,50.9895,19.3,"facade","230541"
4.399838,51.20721,36.6,"facade","230544"
4.243726,51.09443,21.4,"facade","230553"
4.419294,51.225,47.7,"facade","230556"
5.239985,50.83401,15,"facade","230607"
4.676407,50.89915,18.6,"facade","230610"
4.478263,50.91679,19.1,"facade","230616"
4.382026,51.21677,28.2,"facade","230619"
4.168171,51.29345,30.9,"facade","230631"
3.236997,51.19928,23.4,"facade","230640"
3.270413,50.85843,36.6,"facade","230643"
3.726182,51.05496,34.5,"facade","230646"
4.405207,51.17195,34.5,"facade","230649"
3.008237,50.86139,20,"facade","230655"
3.825499,50.95082,20.5,"facade","230658"
4.486734,50.83353,25.2,"facade","230661"
4.001857,50.8987,18.5,"facade","230664"
4.988528,51.15853,23.6,"facade","230667"
4.481397,51.21014,51.8,"facade","230670"
3.701616,51.06887,26.6,"facade","230673"
4.474347,51.03307,29.9,"facade","230682"
4.711841,51.26375,27.3,"facade","230685"
4.45950957588079,51.1427015895767,27.5,"facade","230697"
4.313395,50.95403,27.8,"facade","230703"
4.649946,50.81212,19.7,"facade","230706"
4.491334,51.06331,20.5,"facade","230712"
5.2412,51.05114,19,"facade","230724"
4.131141,50.82385,19.4,"facade","230754"
4.945423,51.31952,13.7,"facade","230784"
4.30213,51.10148,21.3,"facade","230787"
3.993733,51.1309,19.7,"facade","230793"
4.257671,50.71265,27.5,"facade","230796"
4.544244,50.92221,19,"facade","230808"
3.965964,50.8011,17.1,"facade","230835"
3.190258,51.1495,23.1,"facade","230844"
4.133743,51.16709,30.2,"facade","230853"
4.479578,51.34039,15.9,"facade","230868"
2.939234,50.97839,21.9,"facade","230871"
4.76544071984722,51.1415508101447,19.5,"facade","230877"
4.166878,50.81603,17.2,"facade","230907"
5.496941,50.96419,40.1,"facade","230919"
3.690556,51.07097,24.1,"facade","230928"
3.226432,50.84905,25.2,"facade","230949"
2.913898,50.86835,23.1,"facade","230973"
3.935383,50.7197,15.8,"facade","230982"
3.18989,50.84942,21.6,"facade","230991"
3.775566367083,50.8818741167157,17.8,"facade","231003"
4.134484,51.1643,36.2,"facade","231009"
4.417328,51.21002,37.7,"facade","231021"
3.102365,50.94009,24.3,"facade","231030"
3.814692,51.12753,21.3,"facade","231033"
5.27805,50.97781,17.9,"facade","231051"
3.691179,51.08697,23,"facade","231057"
4.189465,50.81151,22.2,"facade","231060"
2.680635,51.11654,19.4,"facade","231072"
4.399872,50.9839,17.9,"facade","231081"
4.924572,50.89604,21.4,"facade","231105"
3.179377,51.19762,24.4,"facade","231129"
4.595024,51.42028,18.4,"facade","231147"
5.443901,50.81476,14,"facade","231156"
5.275645,51.05133,29.9,"facade","231159"
4.701552,50.89132,21.4,"facade","231174"
3.471322,50.81197,16.3,"facade","231180"
4.56067828296845,51.1289412705201,24,"facade","231192"
2.87206981732669,51.0000977522392,23,"facade","231195"
4.3925,51.1739,36.7,"facade","231204"
4.294356,51.14705,23.5,"facade","231207"
4.696655,50.89143,21,"facade","231213"
4.476042,51.20112,29.1,"facade","231216"
4.118647,50.87647,18.5,"facade","231240"
4.488923,51.15998,23.3,"facade","231246"
3.605023,51.08402,19.3,"facade","231249"
4.844853,50.84677,14.9,"facade","231255"
4.476177,51.08925,21.3,"facade","231264"
4.29437,50.72302,19,"facade","231267"
4.401067,51.20922,36.7,"facade","231285"
4.463551,51.19463,35.9,"facade","231291"
4.29100467127348,51.220534894588,27.5,"facade","231300"
4.735244,50.88166,22.3,"facade","231306"
5.224852,51.10709,21.2,"facade","231315"
5.256525,50.98601,17.3,"facade","231321"
4.233832,51.20824,21.8,"facade","231324"
4.506989,50.82457,22.9,"facade","231327"
4.04625,50.94988,23.6,"facade","231336"
3.333151,51.15867,19,"facade","231345"
2.874993,50.83141,16.3,"facade","231348"
4.358643,51.17406,32.5,"facade","231360"
3.851199,50.86295,20.5,"facade","231363"
4.53121,51.174,21.9,"facade","231366"
4.72883,50.99358,14.3,"facade","231369"
5.655636,51.11296,17.3,"facade","231375"
3.449364,51.08708,22,"facade","231381"
4.872064,51.31851,21,"facade","231387"
4.593217,51.21334,19.1,"facade","231426"
4.042295,51.2071,27.8,"facade","231435"
4.291082,51.22279,28.8,"facade","231438"
4.25574,50.83927,22.4,"facade","231447"
4.480539,51.35373,16.7,"facade","231465"
4.761106,50.8742,17.9,"facade","231468"
4.287425,50.91741,20.7,"facade","231471"
4.519286,51.20709,24.4,"facade","231489"
4.978754,51.33617,16.3,"facade","231498"
5.166234,50.94313,19.8,"facade","231504"
5.039488,51.1912,16.1,"facade","231516"
4.449209,51.14893,30.8,"facade","231525"
4.798645,51.02226,19,"facade","231531"
4.471152,51.22706,31.1,"facade","231540"
3.564473,51.19155,21.3,"facade","231546"
4.399019,51.08032,20.3,"facade","231564"
3.279951,50.77308,19.4,"facade","231567"
4.226677,50.95509,22.5,"facade","231573"
4.439959,51.25445,28.8,"facade","231576"
4.39608,51.15494,30.1,"facade","231588"
4.288112,51.22006,28.3,"facade","231600"
4.418165,51.17196,30.4,"facade","231609"
4.753455,51.14496,26,"facade","231618"
3.705106,51.0426,26.7,"facade","231633"
4.17986,50.89845,21.4,"facade","231651"
5.05366,50.98301,23.1,"facade","231690"
3.771982,50.81541,17.7,"facade","231702"
3.753957,51.05429,27.1,"facade","231708"
3.413408,50.93015,19.6,"facade","231726"
5.046603,50.99788,15.5,"facade","231732"
5.718626,50.94221,20.9,"facade","231750"
4.320434,50.93546,20.8,"facade","231753"
5.38056312107892,50.9750041657471,15.5,"facade","231756"
5.302735,51.22588,18.2,"facade","231759"
4.429746,51.21899,41.3,"facade","231768"
4.324704,51.11207,25.9,"facade","231780"
3.119928,50.96935,28.8,"facade","231786"
4.685466,50.89927,20,"facade","231795"
3.77084953097311,51.0308415899192,25.3,"facade","231804"
4.018897,50.76911,16.4,"facade","231807"
4.653475,51.23939,18.7,"facade","231816"
5.329852,50.9208,32.3,"facade","231819"
3.187161,51.15749,25.9,"facade","231825"
3.226209,50.84417,25.2,"facade","231849"
4.735466,51.29715,21.5,"facade","231858"
4.456878,51.06388,22.8,"facade","231876"
3.971177,50.74893,26.6,"facade","231882"
4.416719,51.27602,29.4,"facade","231891"
4.739913,51.19498,18,"facade","231906"
4.374733,50.73756,18.6,"facade","231912"
3.428743,51.10689,20,"facade","231933"
5.315525,51.04047,16.9,"facade","231939"
4.97365132932219,51.1574570093504,19,"facade","231951"
4.390731,51.20424,35.3,"facade","231954"
4.435366,51.08701,30,"facade","231960"
4.163758,51.14558,31.2,"facade","231969"
4.102141,50.91183,18.5,"facade","231993"
3.735047,50.97575,20.4,"facade","232002"
2.952186,51.15385,22.9,"facade","232011"
4.71342787255392,50.9515948130597,18.3,"facade","232020"
4.536358,50.77415,18.1,"facade","232023"
4.651087,51.27843,16.8,"facade","232026"
3.239234,51.20266,22.7,"facade","232038"
3.127802,50.95349,23.4,"facade","232059"
3.753802,51.0449,26,"facade","232068"
3.216905,51.2078,28.9,"facade","232077"
3.686622,51.07941,19.4,"facade","232080"
4.280313,51.21982,45.8,"facade","232086"
4.436428,51.1842,31.9,"facade","232101"
4.897701,51.32116,14.2,"facade","232128"
4.398215,51.16417,32.6,"facade","232131"
4.639446,50.86335,20.9,"facade","232134"
3.550261,50.97677,21.9,"facade","232143"
3.568048,51.18556,23.4,"facade","232146"
4.501684,50.9661,20.2,"facade","232155"
3.757204,50.92505,17,"facade","232173"
3.97220606673327,50.9142059359239,21.6,"facade","232179"
4.377649,51.17351,29.9,"facade","232194"
4.689397,51.21252,18.1,"facade","232215"
4.04053355288991,50.9479784653107,30.8,"facade","232224"
4.480796,51.22735,26.5,"facade","232233"
4.03094031108178,50.7689403283471,16.2,"facade","232239"
5.418695,50.9026,18,"facade","232263"
4.638033,50.83821,19.7,"facade","232272"
4.507804,50.87674,36.2,"facade","232278"
4.162471,51.03788,30.1,"facade","232281"
4.421997,51.20947,38,"facade","232284"
4.563997,51.13121,28.4,"facade","232296"
4.850777,51.1087,19.3,"facade","232299"
4.817221,51.03001,22.1,"facade","232308"
4.114499,50.99941,21,"facade","232329"
4.841847,50.96717,19.6,"facade","232335"
3.997487,51.09934,23.4,"facade","232347"
4.106026,51.02913,23.6,"facade","232353"
4.679979,50.85722,21.3,"facade","232359"
3.724535,51.06132,34.5,"facade","232377"
4.783837,51.32221,16.5,"facade","232401"
4.52559,51.20618,24.2,"facade","232410"
4.379427,51.3318,19.8,"facade","232413"
2.66340824187501,51.069097233603,30.3,"facade","232428"
4.768343,50.89116,24.6,"facade","232434"
4.42513,51.30977,19.1,"facade","232452"
4.647606,50.94074,21.2,"facade","232461"
4.71914961415788,50.8864101077667,45.8,"facade","232464"
4.024569,50.93887,32.6,"facade","232467"
5.102554,51.14341,13.4,"facade","232479"
3.698645,50.9834,25.8,"facade","232497"
4.307996,50.92238,17.6,"facade","232503"
4.027126,51.04702,17.5,"facade","232506"
4.706157,51.25613,16.5,"facade","232509"
3.823341,51.09138,24,"facade","232515"
4.277562,51.07488,25,"facade","232518"
4.160431,51.1836,23.4,"facade","232524"
4.965249,51.25331,17.9,"facade","232530"
5.296506,50.89243,20.3,"facade","232533"
4.480829,51.21144,30.1,"facade","232539"
4.332192,51.22176,28.8,"facade","232542"
3.73902595550948,51.0650476483272,32,"facade","232560"
3.106266,50.94684,17.5,"facade","232569"
3.160912,50.96542,17.5,"facade","232578"
3.975225,50.97227,22.6,"facade","232581"
4.408794,51.20374,35.2,"facade","232587"
5.524806,50.87192,19.5,"facade","232590"
3.183602,51.32807,36.3,"facade","232593"
4.78679,50.91611,16.3,"facade","232599"
4.307666,50.763,19.9,"facade","232611"
3.315294,50.86093,21.2,"facade","232617"
4.635668,50.83681,18.6,"facade","232620"
3.718444,51.04044,30.1,"facade","232626"
4.95174,51.31754,22.2,"facade","232644"
3.752209,51.06663,32.8,"facade","232650"
4.856209,50.84662,18.3,"facade","232653"
4.546508,51.34895,18,"facade","232662"
5.1128691878247,51.1558651557742,15.6,"facade","232680"
3.117896,51.30496,23.3,"facade","232689"
4.60835,51.09653,19.9,"facade","232692"
4.60320044610163,50.7617551302397,17.5,"facade","232695"
3.505639,50.82912,16.8,"facade","232713"
3.319585,51.32038,23.3,"facade","232716"
4.662807,51.15583,24.8,"facade","232719"
3.78122,51.01079,25.4,"facade","232722"
5.487415,50.97852,25.7,"facade","232728"
4.222269,50.86353,21.3,"facade","232731"
4.957643,51.33198,25.7,"facade","232743"
5.168831,50.77709,19.3,"facade","232746"
4.331289,51.22031,34,"facade","232749"
3.716307,51.03518,36.2,"facade","232755"
3.889376,50.85784,15.7,"facade","232767"
3.237613,51.20816,26.5,"facade","232770"
4.577938,51.2369,17.7,"facade","232773"
4.295525,51.15945,21.5,"facade","232782"
4.44955,51.20383,30.6,"facade","232785"
5.604559,51.13503,18.6,"facade","232788"
3.207816,51.09197,21.4,"facade","232797"
5.095933,50.72366,16.7,"facade","232806"
4.42456,51.22506,33.3,"facade","232812"
3.753185,51.06543,36.1,"facade","232815"
4.405246,51.21843,36.4,"facade","232824"
3.618467,50.84377,16.8,"facade","232830"
4.492822,50.77236,19.8,"facade","232869"
4.507118,50.82244,22.1,"facade","232878"
3.70854462793514,51.0769725782118,23.2,"facade","232881"
3.339927,51.2456,18.2,"facade","232893"
4.458776,50.98215,24.6,"facade","232896"
3.140978,50.96934,23.2,"facade","232905"
4.454063,51.27868,24.1,"facade","232908"
3.810671,50.86503,24.4,"facade","232917"
4.457667,51.25148,26.8,"facade","232926"
4.902654,51.13495,20,"facade","232932"
4.47745,51.30653,18.3,"facade","232944"
4.517964,51.0991,18.1,"facade","232956"
4.337989,51.02041,21.9,"facade","232959"
3.505254,50.96273,23.8,"facade","232971"
4.470822,51.12803,18.6,"facade","232977"
3.82812,50.76227,17.5,"facade","232983"
4.919512,50.91077,15.9,"facade","232986"
4.412351,51.03398,20.6,"facade","233013"
5.581158,50.93519,18.2,"facade","233025"
3.232909,51.19044,29.2,"facade","233037"
4.347251,51.17691,33.5,"facade","233058"
5.364997,50.94559,17.9,"facade","233067"
4.314136,50.7763,22.1,"facade","233076"
4.01873,50.8501,18,"facade","233085"
5.31156,51.03018,17.1,"facade","233097"
4.334535,51.21797,37.9,"facade","233103"
5.081417,51.00263,16.3,"facade","233106"
4.52193,50.81774,17,"facade","233112"
4.101248,51.2595,18.1,"facade","233136"
3.652425,50.81593,20.9,"facade","233172"
3.333611,51.17086,17.8,"facade","233187"
4.736764,50.83455,18.7,"facade","233205"
5.276415,51.16982,15.5,"facade","233211"
5.095499,51.11262,15.5,"facade","233214"
4.327642,51.21058,33.4,"facade","233220"
4.704038,51.27422,15.5,"facade","233226"
5.210782,51.21865,16.7,"facade","233229"
3.680113,51.07458,28.9,"facade","233241"
3.797877,50.91316,19.3,"facade","233244"
3.704674,51.06514,37.7,"facade","233247"
5.141996,51.1028,15.2,"facade","233259"
3.892024,51.1999,20.6,"facade","233268"
5.632847,51.04545,14.8,"facade","233283"
2.944081,50.88261,20.9,"facade","233307"
3.81527337630427,51.0455216129063,24.1,"facade","233313"
3.15427,51.18713,20.9,"facade","233325"
3.326513,50.8109,22.5,"facade","233328"
4.4433,51.19327,29.8,"facade","233331"
4.104345,51.14317,19.4,"facade","233340"
3.216366,50.92212,23.4,"facade","233346"
4.374624,51.09587,22.8,"facade","233367"
3.902596,51.1075,32,"facade","233379"
3.890303,50.8382,18,"facade","233397"
5.813563,51.13543,14.1,"facade","233400"
4.072276,50.77569,13.2,"facade","233403"
4.275605,50.74638,29.9,"facade","233412"
3.741318,51.03186,32.1,"facade","233427"
4.14382350963565,51.1881776360129,19.4,"facade","233439"
3.749743,51.01625,21.3,"facade","233442"
4.138249,51.09089,22.4,"facade","233448"
3.54320669728314,50.8706060761524,15.9,"facade","233460"
3.796134,50.88959,19.6,"facade","233469"
2.91512,51.13613,20.3,"facade","233472"
3.266806,50.82329,27.9,"facade","233481"
3.584673,51.18648,16.4,"facade","233487"
4.698826,50.89577,22.5,"facade","233490"
3.751241,51.03845,23,"facade","233511"
4.73087,50.87216,30.6,"facade","233517"
4.414592,51.22278,24.4,"facade","233520"
4.598007,50.84786,15.6,"facade","233523"
3.645142,51.04244,20.8,"facade","233532"
3.41522,50.89639,17.4,"facade","233544"
2.991456,51.08615,18.1,"facade","233550"
3.74762,51.2175,21.9,"facade","233553"
5.258158,51.11855,27.2,"facade","233556"
3.248605,51.21215,25.2,"facade","233562"
3.632695,50.76119,15.5,"facade","233574"
3.764079,51.00972,24,"facade","233589"
3.572969,51.0808,21.4,"facade","233601"
4.417527,51.19528,33.4,"facade","233619"
4.553419,51.02441,17.4,"facade","233622"
5.317252,50.89403,23.4,"facade","233628"
4.800268,51.39537,24.1,"facade","233631"
3.682463,51.07321,19.7,"facade","233652"
4.215236,51.18389,20.5,"facade","233655"
3.512936,50.78492,17.5,"facade","233664"
4.585991,51.04162,21.9,"facade","233682"
4.764463,51.42103,16.8,"facade","233703"
4.438607,51.13915,27,"facade","233712"
3.723342,51.01903,26.5,"facade","233715"
5.351587,50.8942,18.5,"facade","233721"
3.706023,51.00398,23.8,"facade","233733"
4.778392,51.32869,20.5,"facade","233742"
3.452763,51.09497,17.5,"facade","233748"
4.301329,50.90479,20.4,"facade","233769"
4.499285,51.29257,21.4,"facade","233787"
4.032795,50.94023,29,"facade","233799"
4.477672,51.03308,26.3,"facade","233802"
3.788409,51.19474,27.8,"facade","233805"
4.963297,51.24555,15.9,"facade","233817"
3.3227,50.85942,23.5,"facade","233829"
4.745513,50.86644,22.7,"facade","233841"
5.119259,51.2766,15.8,"facade","233850"
5.202871,50.83285,17.4,"facade","233856"
3.699513,51.07388,20.9,"facade","233874"
3.646056,51.04748,21.3,"facade","233889"
3.725493,51.04099,26.7,"facade","233913"
3.76206,50.92286,17.5,"facade","233919"
2.66423841965299,51.0620860636222,20.4,"facade","233922"
4.009717,50.77029,16.8,"facade","233934"
3.261138,51.2037,19.3,"facade","233937"
4.355654,50.90454,27.2,"facade","233946"
3.614089,50.96157,22.3,"facade","233949"
4.14695,50.99945,18.6,"facade","233958"
3.824707,51.08661,20,"facade","233961"
4.358655,51.16359,30.8,"facade","233964"
4.437466,51.21222,39.3,"facade","233967"
4.301529,51.00629,29.4,"facade","233973"
4.43364,51.21926,53.9,"facade","233982"
3.743284,51.04762,30.5,"facade","233997"
3.713905,51.11647,21.9,"facade","234000"
3.111048,50.89348,17.4,"facade","234012"
4.432196,50.92507,34,"facade","234018"
4.54345395802818,51.2992465359991,21.6,"facade","234033"
3.891376,50.96066,17.8,"facade","234042"
4.709256,50.99716,16.8,"facade","234051"
4.059892,51.06162,21.5,"facade","234054"
3.644411,50.84644,16.1,"facade","234057"
4.318598,50.7671,19.9,"facade","234066"
3.254872,51.09194,18.1,"facade","234069"
3.055978,50.89202,25.1,"facade","234072"
3.152236,50.93711,21.2,"facade","234081"
5.11028328975095,51.2436040546266,18.3,"facade","234084"
4.320277,51.08225,21.2,"facade","234087"
3.239194,51.23272,19.9,"facade","234093"
5.599998,51.15814,17.8,"facade","234102"
3.697225,51.05641,47.6,"facade","234105"
4.42266,50.92943,36.6,"facade","234114"
5.450494,50.95851,18.8,"facade","234117"
4.652599,51.24408,16,"facade","234129"
4.393355,51.10275,22,"facade","234135"
4.719672,51.28274,17.3,"facade","234138"
4.008081,51.02813,19.7,"facade","234156"
4.465454,51.28479,18.8,"facade","234159"
4.984769,51.36379,16.4,"facade","234165"
4.481525,50.84245,30.5,"facade","234186"
4.130535,51.21588,21.5,"facade","234189"
4.276297,50.76277,37.1,"facade","234192"
3.036976,51.27837,22.6,"facade","234198"
4.407168,51.22601,30.7,"facade","234204"
4.233899,51.12563,23.5,"facade","234207"
3.74727,51.05851,43,"facade","234213"
4.400448,51.10217,22.5,"facade","234234"
4.346078,51.17589,30.8,"facade","234237"
5.4302,51.22246,17.4,"facade","234240"
3.808925,50.90415,17.9,"facade","234243"
4.518376,51.03499,23.8,"facade","234246"
4.631198,51.23538,19,"facade","234258"
4.867867,50.82987,19.8,"facade","234261"
5.325434,50.92023,21.3,"facade","234273"
5.242326,50.91679,19.3,"facade","234279"
4.474886,50.82742,19.3,"facade","234288"
4.05971,51.14509,21,"facade","234294"
4.634162,51.00243,21,"facade","234300"
3.705933,51.0358,31.1,"facade","234303"
3.121772,50.93186,22.3,"facade","234309"
5.380378,50.89023,17.8,"facade","234312"
4.07959,51.20109,26.1,"facade","234318"
3.753097,51.0208,32.7,"facade","234324"
3.2475,51.20033,31.4,"facade","234330"
2.689207,50.91496,18.8,"facade","234333"
4.546314,51.34904,18.1,"facade","234336"
5.351076,50.88427,24.9,"facade","234342"
3.709932,51.04923,31.4,"facade","234351"
3.744358,50.90163,16.4,"facade","234354"
3.448491,50.90538,19.8,"facade","234366"
3.739294,50.96111,22.3,"facade","234381"
4.557771,50.83192,17.4,"facade","234387"
3.174541,50.7611,22.4,"facade","234393"
3.276673,51.21763,20,"facade","234402"
3.88882,50.77501,17.6,"facade","234405"
4.421192,51.19791,32.7,"facade","234408"
4.371317,50.96356,28.8,"facade","234417"
4.469875,51.01736,28.9,"facade","234435"
3.334937,50.91759,23.9,"facade","234441"
4.63329,51.05159,18.5,"facade","234456"
4.732215,50.88859,20.4,"facade","234468"
3.268965,50.83832,20.6,"facade","234471"
5.385088,50.96871,14.4,"facade","234474"
4.553134,50.8382,16.9,"facade","234486"
5.364628,50.87913,15.2,"facade","234495"
4.763044,51.20254,19.6,"facade","234513"
5.410501,51.19448,17.9,"facade","234519"
4.454518,51.22424,39.9,"facade","234549"
5.338327,51.24283,17.2,"facade","234582"
5.250439,51.09086,11.3,"facade","234588"
5.575428,51.13161,18.3,"facade","234600"
5.145432,51.20071,25.8,"facade","234606"
4.302957,50.75929,20.5,"facade","234615"
3.856423,51.21085,23.5,"facade","234621"
3.307959,50.99434,21.2,"facade","234633"
3.17651,50.97744,24.9,"facade","234636"
4.287761,51.13334,20.4,"facade","234639"
4.072323,51.13705,28.5,"facade","234645"
3.407917,51.14535,19.4,"facade","234648"
4.915787,51.21837,15.8,"facade","234663"
3.758527,51.02967,32.3,"facade","234666"
4.432746,51.15403,27.5,"facade","234675"
4.279024,51.06952,20.6,"facade","234681"
4.037714,50.93583,36.2,"facade","234687"
3.746811,51.04538,26.2,"facade","234690"
4.428924,51.1827,31,"facade","234693"
4.51880029108913,50.9256555232596,23,"facade","234705"
4.306763,50.90356,30.5,"facade","234708"
3.202573,51.22115,22.7,"facade","234711"
4.427323,51.27931,26.4,"facade","234714"
3.61052,51.24866,28.3,"facade","234717"
3.27484193276426,51.219731914421,18.1,"facade","234720"
4.794287,51.39778,25.6,"facade","234726"
4.872953,50.87439,14.7,"facade","234738"
3.157124,51.15476,18.5,"facade","234741"
4.215465,50.92893,17.6,"facade","234747"
4.92307,51.3239,16.5,"facade","234768"
3.443571,51.21711,21.5,"facade","234771"
3.747412,51.04495,25.2,"facade","234789"
3.34976801981591,50.7487801904442,18.2,"facade","234795"
4.817199,51.47505,15.6,"facade","234828"
3.69040497966718,51.0834926706107,20.8,"facade","234834"
3.579523,51.05864,20.7,"facade","234837"
4.043507,50.75511,19.8,"facade","234840"
4.471303,51.26527,25.9,"facade","234849"
5.479248,50.86619,18.5,"facade","234852"
5.600944,51.02077,13.7,"facade","234855"
5.455672,50.9307,19.2,"facade","234858"
3.239202,51.21879,21.4,"facade","234861"
4.561397,50.78195,18.1,"facade","234870"
2.997129,50.86675,16.6,"facade","234882"
5.377841,51.1261,23.2,"facade","234897"
4.527499,51.32118,16.3,"facade","234903"
4.496946,50.82394,17.7,"facade","234915"
3.781292,51.07663,28.5,"facade","234921"
4.537708,50.80416,16.2,"facade","234933"
3.673371,51.02851,19.8,"facade","234942"
4.511289,50.74915,20.1,"facade","234945"
3.746593,51.03561,31.9,"facade","234960"
5.13584030969773,50.9244791187661,18.7,"facade","234966"
4.45186809852172,51.2120030612317,38.2,"facade","234975"
3.765647,50.93546,17.3,"facade","234978"
4.545221,51.34211,16,"facade","234981"
4.447282,51.12898,27.4,"facade","234990"
4.140198,51.0387,19.5,"facade","234999"
3.878788,51.01284,21.1,"facade","235011"
4.041047,51.24098,18.5,"facade","235014"
4.89761958307314,51.3023222852741,20.1,"facade","235017"
4.895679,51.24383,21.6,"facade","235026"
3.148496,51.11175,20.8,"facade","235035"
3.309576,50.83097,24.6,"facade","235041"
5.294922,50.91742,17.8,"facade","235044"
3.112286,50.94017,22.2,"facade","235059"
4.56487292605524,51.2376887012538,18.3,"facade","235065"
4.019171,50.84653,17,"facade","235071"
5.469082,50.79527,18.7,"facade","235113"
5.62512397421394,51.0461784327348,15.2,"facade","235125"
5.260419,50.80971,16.5,"facade","235128"
4.8792,50.77793,15.7,"facade","235131"
4.305969,50.72695,20.5,"facade","235146"
3.856689,51.13091,23.2,"facade","235152"
3.885094,50.77179,17.5,"facade","235155"
4.12344,51.09164,21.4,"facade","235164"
2.622069,51.11125,20.8,"facade","235182"
4.473549,51.1672,26,"facade","235191"
3.24322,50.80018,23.5,"facade","235206"
3.229025,51.20566,30.9,"facade","235224"
5.357488,50.97916,19.8,"facade","235236"
4.128521,51.19548,21.5,"facade","235248"
4.084667,50.83602,21.7,"facade","235254"
2.679781,51.11318,18.1,"facade","235266"
4.607473,51.04936,19,"facade","235272"
3.998396,50.96926,16.9,"facade","235281"
4.684585,51.0881,22.6,"facade","235284"
4.465884,50.85979,23.7,"facade","235293"
5.762187,51.10041,20.9,"facade","235311"
4.4359531022526,50.8957301322384,48.6,"facade","235314"
4.286778,51.07872,19.7,"facade","235338"
4.498554,50.79167,18.4,"facade","235344"
3.200352,50.84192,25.2,"facade","235362"
3.433722,51.07251,22.1,"facade","235377"
4.571604,51.13089,23.9,"facade","235380"
3.24151795349515,51.2190265442631,25.9,"facade","235395"
4.413926,51.12113,30.8,"facade","235398"
4.549591,51.12414,32.9,"facade","235410"
3.694634,50.83409,15.5,"facade","235422"
4.4276,51.21026,49.6,"facade","235425"
3.725839,51.0637,35.8,"facade","235428"
4.276503,50.884,29.7,"facade","235434"
4.699163,50.911,17.5,"facade","235446"
3.860484,50.76214,24.8,"facade","235449"
4.94639982166888,51.327947628246,23.4,"facade","235452"
4.424957,51.20695,40.2,"facade","235455"
4.486911,51.07082,22.6,"facade","235461"
3.158634,51.10094,17.6,"facade","235473"
4.471827,51.39658,19.1,"facade","235476"
5.528694,51.18979,17.7,"facade","235488"
4.441452,50.89266,30,"facade","235491"
4.261763,50.74855,53.5,"facade","235497"
4.62916476684937,50.8655039194017,26.8,"facade","235512"
4.896939,50.96365,19,"facade","235518"
4.836055,50.87308,14.6,"facade","235521"
4.505838,51.24228,18.8,"facade","235530"
4.842816,50.84514,20.9,"facade","235560"
4.536199,51.19833,19.8,"facade","235572"
3.639601,51.02756,19.9,"facade","235578"
4.425775,51.21566,47,"facade","235581"
4.08923,51.25318,24,"facade","235587"
5.266131,50.78265,16.5,"facade","235593"
4.44231974262789,51.170630770541,27.8,"facade","235602"
4.397051,51.1916,42.3,"facade","235608"
3.145914,51.31045,23.8,"facade","235614"
4.503482,50.86281,23.8,"facade","235623"
5.730907,50.93054,21,"facade","235638"
4.595723,51.21121,27.7,"facade","235641"
3.838417,50.77041,15.1,"facade","235653"
4.42205,51.16478,27.1,"facade","235665"
4.58188,50.97183,18.1,"facade","235671"
4.894767,51.24182,19.4,"facade","235674"
4.521039,51.07611,21.3,"facade","235680"
5.2751,50.98995,18,"facade","235689"
4.418728,51.21293,34.7,"facade","235704"
4.85732845808717,51.3041289238482,19,"facade","235716"
4.148336,51.15194,28.7,"facade","235719"
3.526253,51.07109,19.2,"facade","235722"
3.948408,50.99997,21.4,"facade","235731"
4.752426,51.4005,19.6,"facade","235734"
4.024769,50.95757,20.6,"facade","235737"
4.485725,51.25144,25.6,"facade","235740"
4.118331,51.14646,23,"facade","235749"
4.775164,51.04982,22.4,"facade","235752"
3.650353,51.00465,19.1,"facade","235761"
4.40758466617912,51.2216280106995,31.6,"facade","235764"
3.970767,50.82027,16.9,"facade","235785"
3.536255,50.94307,20.9,"facade","235788"
3.888888,51.07853,22.2,"facade","235794"
3.979935,50.95479,25.1,"facade","235797"
4.143318,51.11705,25.6,"facade","235800"
5.13651,50.96925,18.5,"facade","235809"
4.874701,51.27184,19.5,"facade","235818"
4.472277,50.97173,21.2,"facade","235827"
4.603199,50.96194,27.9,"facade","235836"
3.987548,50.92366,24.1,"facade","235842"
5.681565,50.94421,25.7,"facade","235845"
4.519798,51.19502,21.2,"facade","235848"
3.116987,50.96609,20.6,"facade","235851"
4.649627,51.08551,20.4,"facade","235857"
3.678218,50.91863,17.5,"facade","235860"
3.125459,50.78941,22.1,"facade","235866"
4.08190381421267,51.160269687269,16.2,"facade","235869"
5.028166,51.19566,16.1,"facade","235872"
4.415579,50.91724,21.8,"facade","235875"
4.159745,50.86741,26.5,"facade","235887"
4.2774,50.89708,23.2,"facade","235902"
3.825029,50.95063,16.1,"facade","235917"
4.682153,51.35744,20,"facade","235920"
2.712614,50.84865,16.7,"facade","235923"
5.51753,50.83931,19.8,"facade","235929"
3.781133,51.08068,21.1,"facade","235932"
3.570878,51.18716,21.8,"facade","235944"
5.109759,50.99575,14.9,"facade","235947"
4.035111,51.0479,20.1,"facade","235953"
4.902006,51.09799,17.7,"facade","235974"
4.910981,51.21678,15.9,"facade","235977"
4.33157,50.94608,20.7,"facade","235989"
4.538079,50.92951,18.5,"facade","235992"
3.417198,51.19203,19.5,"facade","236007"
4.040615,51.0787,29.3,"facade","236010"
3.189715,51.22914,34.5,"facade","236025"
4.530144,51.11751,19.2,"facade","236037"
5.453359,50.86898,15.9,"facade","236040"
4.613148,51.04408,17.2,"facade","236055"
4.416127,51.19688,29.5,"facade","236076"
4.718024,50.89265,32.2,"facade","236091"
5.025853,50.89554,14.9,"facade","236106"
4.09209,51.03176,28.4,"facade","236118"
4.674442,51.15843,20.6,"facade","236130"
3.696097,51.03613,25.4,"facade","236139"
4.521141,50.98509,18.7,"facade","236142"
3.282517,51.21553,15.9,"facade","236148"
4.563206,51.23055,18.1,"facade","236154"
4.843032,51.22745,15.5,"facade","236175"
4.757718,50.82685,16.9,"facade","236178"
3.668833,51.02339,32.2,"facade","236184"
4.401671,51.17778,25.9,"facade","236190"
4.798063,51.46907,16.3,"facade","236199"
4.541567,50.88679,26.4,"facade","236208"
4.237438,51.17888,24.4,"facade","236223"
5.405768,50.99321,17.4,"facade","236229"
4.687947,51.34523,21.2,"facade","236241"
3.201543,51.19797,25.5,"facade","236253"
3.467133,51.10251,19.4,"facade","236259"
4.106569,50.73184,16.6,"facade","236262"
4.762608,51.34784,42,"facade","236277"
3.318994,50.99951,20.5,"facade","236280"
4.556436,50.79698,16.3,"facade","236283"
5.477321,51.0271,15.7,"facade","236286"
4.486893,51.25375,24.6,"facade","236292"
4.241887,50.74605,23.3,"facade","236307"
4.913862,50.83803,14.2,"facade","236322"
4.204297,51.13724,21.6,"facade","236334"
4.780669,51.34006,19.1,"facade","236340"
4.76339110554263,50.8346853643081,19.6,"facade","236346"
4.277731,50.84507,55.2,"facade","236352"
3.71862514736169,51.0483030319337,21.8,"facade","236358"
3.745985,51.037,29.9,"facade","236367"
3.835625,50.75773,13.8,"facade","236373"
3.962379,50.92939,40.6,"facade","236376"
4.870391,50.77066,14.1,"facade","236379"
5.051734,51.17559,17.6,"facade","236391"
5.135805,50.77613,17,"facade","236394"
4.391625,51.1921,37.2,"facade","236397"
4.453914,51.27058,26.1,"facade","236415"
4.975406,51.17454,18.5,"facade","236430"
3.285298,50.80204,19.8,"facade","236457"
3.80386604583839,50.9983010762362,23.7,"facade","236463"
4.175577,51.12919,20.9,"facade","236472"
3.269398,51.34037,22.4,"facade","236484"
4.602634,50.96664,21.7,"facade","236496"
3.70231022036798,51.0819508053595,22,"facade","236499"
4.248998,51.21342,26.1,"facade","236505"
4.726217,50.96354,18.8,"facade","236508"
3.8627400908463,50.9340390940033,20,"facade","236520"
4.902607,51.22953,16,"facade","236523"
4.2691,50.74803,23.3,"facade","236553"
5.627138,50.86953,19.9,"facade","236559"
2.894233,50.76348,14.4,"facade","236583"
4.314655,50.90309,34,"facade","236592"
4.171286,50.94155,20.9,"facade","236595"
3.040155,50.77774,31.8,"facade","236601"
3.72441,51.03509,33.6,"facade","236610"
4.698076,51.1331,19.8,"facade","236613"
4.45539,51.30633,16.6,"facade","236640"
4.650852,51.40349,20.3,"facade","236649"
3.749572,51.03952,31,"facade","236652"
3.69205807477294,51.0598927901706,25,"facade","236658"
4.891888,50.82073,20.4,"facade","236673"
5.434299,50.9272,21.3,"facade","236676"
3.59866836045597,50.8266248531438,19.9,"facade","236685"
4.184892,50.87132,19.2,"facade","236691"
4.6659045500594,51.0099916964657,15.1,"facade","236697"
3.35984878127918,51.010110811211,19.4,"facade","236703"
4.662318,51.27699,16.5,"facade","236706"
4.900255,51.30609,16.3,"facade","236709"
4.752546,51.16274,21.7,"facade","236718"
4.844161,50.787,17.5,"facade","236730"
4.659927,50.80571,14.5,"facade","236733"
4.550254,50.80283,20.7,"facade","236736"
3.114823,50.7976,39.3,"facade","236739"
4.915614,51.10577,37.8,"facade","236742"
5.083872,50.75569,21.3,"facade","236748"
4.29896,51.0809,24.6,"facade","236757"
4.46480780588405,51.160260382287,22,"facade","236760"
4.0133,51.002,17.3,"facade","236775"
3.096136,50.80154,19.4,"facade","236787"
3.338638,50.80342,19.3,"facade","236790"
4.256719,51.22768,24.8,"facade","236793"
4.71585,50.87586,26.4,"facade","236805"
4.901722,50.9659,16.8,"facade","236814"
3.889423,50.97903,16.1,"facade","236826"
3.697774,51.10748,21.9,"facade","236829"
5.135822,50.74755,14.5,"facade","236835"
3.285793,51.07939,16.6,"facade","236850"
4.58579,51.00043,26.5,"facade","236856"
4.069382,51.00801,21.5,"facade","236862"
3.66302,50.98832,23,"facade","236877"
3.77664,50.85752,18.2,"facade","236883"
3.524925,50.90564,42.6,"facade","236910"
4.701733,51.36186,22.4,"facade","236913"
3.175456,51.20447,23.4,"facade","236919"
3.264243,50.76591,22,"facade","236943"
4.417184,51.19712,34.8,"facade","236946"
4.52152,51.03114,23.9,"facade","236964"
5.423161,50.95176,15.9,"facade","236997"
4.01952,50.94171,25.9,"facade","237009"
4.22488,51.20564,23.4,"facade","237018"
4.13499,51.15903,23.2,"facade","237030"
5.32642333088492,50.9276328041029,21.5,"facade","237033"
4.472504,51.13247,28,"facade","237039"
4.834296,50.98623,19.7,"facade","237042"
3.467196,51.20025,24.1,"facade","237045"
4.467679,51.19783,27.9,"facade","237057"
4.346985,51.14368,29.3,"facade","237066"
3.987964,51.10607,43.3,"facade","237084"
5.690105,50.98734,31.7,"facade","237087"
4.49742,50.96015,23.8,"facade","237099"
4.584986,51.29587,16,"facade","237108"
3.294773,50.85957,20.3,"facade","237114"
4.442238,51.15464,23.6,"facade","237132"
3.721613,51.03038,25.4,"facade","237141"
4.220368,50.95087,17.4,"facade","237147"
4.397744,51.21554,33.7,"facade","237150"
4.181094,51.00341,23.4,"facade","237162"
3.929227,50.73968,17.7,"facade","237165"
4.664045,51.2157,21.8,"facade","237177"
4.515116,50.78579,18.4,"facade","237180"
4.889886,51.24084,18,"facade","237186"
4.738378,51.31082,19.1,"facade","237189"
5.535631,50.81714,16.5,"facade","237192"
4.024143,50.96723,18.5,"facade","237225"
4.429002,51.20718,38.7,"facade","237231"
3.524116,51.24058,22.9,"facade","237234"
3.443483,50.9246,19.5,"facade","237246"
4.454526,51.20582,33.6,"facade","237252"
5.283917,50.90007,15.6,"facade","237258"
4.547348,50.79663,22.8,"facade","237270"
3.741795,50.99305,23.1,"facade","237318"
4.51048,51.35347,17.8,"facade","237321"
3.828739,50.76804,16.2,"facade","237333"
4.686104,51.15363,19.1,"facade","237336"
3.273635,51.3421,24.5,"facade","237339"
4.937306,50.78894,19.4,"facade","237345"
3.94294654514157,50.9575151721357,20.1,"facade","237372"
3.755861,50.98314,25,"facade","237375"
4.059122,51.07785,18.6,"facade","237378"
4.394839,51.18714,32.5,"facade","237390"
4.245055,51.21082,31.3,"facade","237396"
4.996968,51.096,17.1,"facade","237399"
4.986677,51.15667,24,"facade","237408"
3.219167,51.20486,31.2,"facade","237411"
5.65624,51.06797,17,"facade","237429"
4.654385,51.27455,16.3,"facade","237438"
4.469148,50.88325,35.7,"facade","237453"
4.868072,50.85757,18.9,"facade","237462"
4.418555,51.28274,27.4,"facade","237465"
4.49768664192775,50.9624548574677,24,"facade","237471"
3.719058,50.90989,21,"facade","237477"
5.309069,50.94973,19.9,"facade","237495"
3.748377,50.84669,16.7,"facade","237498"
3.716431,51.05848,24.3,"facade","237501"
4.13295,51.16117,26.9,"facade","237513"
4.931771,51.32908,18.5,"facade","237516"
3.203378,51.21714,31.1,"facade","237522"
4.040576,50.94863,30.6,"facade","237540"
5.682214,50.9029,17.6,"facade","237543"
3.341178,50.90656,19.5,"facade","237546"
4.572697,50.87427,18.6,"facade","237549"
4.148255,50.99247,19.8,"facade","237558"
3.759826,51.21493,21.2,"facade","237564"
4.524363,50.74563,26.4,"facade","237567"
4.063276,51.01693,20.3,"facade","237576"
5.352773,50.91696,18.4,"facade","237585"
4.484798,51.30204,19.6,"facade","237594"
4.721858,51.00284,14.5,"facade","237609"
4.456335,51.2748,31.2,"facade","237615"
2.863958,51.02889,37.3,"facade","237636"
3.707165,51.01656,35.3,"facade","237651"
3.958474,50.80485,14.3,"facade","237654"
4.127099,51.07637,19.1,"facade","237666"
4.487954,51.43382,20.2,"facade","237669"
4.344515,51.12305,26.2,"facade","237672"
4.40234,51.18421,30.2,"facade","237684"
5.004892,51.02153,12.7,"facade","237690"
4.526337,51.0987,20.4,"facade","237696"
3.905421,50.77876,18.1,"facade","237702"
3.82023129654077,51.0680431235492,22.7,"facade","237708"
4.767861,50.89592,22,"facade","237711"
4.7048788302683,50.8625589575037,16.8,"facade","237720"
5.066699,51.3165,17.8,"facade","237723"
4.040223,50.90018,22.3,"facade","237726"
2.87573,51.21053,24.5,"facade","237732"
3.644892,51.06615,21.2,"facade","237735"
3.913726,50.75351,15.2,"facade","237747"
4.431746,51.09594,25.8,"facade","237765"
4.420185,50.95275,19.6,"facade","237768"
3.147236,51.10873,20.2,"facade","237777"
3.155507,51.26352,22.2,"facade","237792"
4.049054,50.94157,41.8,"facade","237798"
4.554805,50.88822,18.3,"facade","237801"
3.043385,51.04,18,"facade","237819"
3.728145,51.03472,29.6,"facade","237822"
5.201407,51.19828,15.9,"facade","237825"
4.39441,51.15492,27.5,"facade","237828"
5.32329,50.87518,18.7,"facade","237843"
4.464757,51.17488,24.1,"facade","237858"
3.793899,51.07067,22.8,"facade","237861"
4.412196,51.19525,36.5,"facade","237876"
4.603378,51.21053,22.8,"facade","237888"
3.017852,50.82184,21.6,"facade","237891"
3.837004,50.89939,31.8,"facade","237903"
4.327924,50.93362,28.7,"facade","237912"
4.24557,51.21536,28.1,"facade","237915"
4.762487,51.4039,33.5,"facade","237927"
4.072558,51.23208,19.8,"facade","237942"
3.712307,50.99632,24.2,"facade","237948"
4.323536,50.91749,22,"facade","237957"
5.802878,51.10373,17.2,"facade","237972"
4.494591,51.06626,21.8,"facade","237984"
3.746507,51.05893,28,"facade","237987"
3.07721,51.20891,22.2,"facade","237993"
5.261597,50.91107,15.6,"facade","238023"
5.469314,50.91,18,"facade","238032"
2.741809,50.85523,18.2,"facade","238059"
5.062041,50.72881,14.5,"facade","238065"
3.879772,51.01833,18.6,"facade","238089"
4.40522,51.1745,28.2,"facade","238098"
4.93298227811517,50.8053889217871,23.4,"facade","238104"
4.8346,50.81106,17.9,"facade","238134"
5.345348,51.04148,14.7,"facade","238137"
3.8171,50.97116,21,"facade","238140"
4.573394,50.97545,18,"facade","238149"
4.897487,50.8005,16.7,"facade","238155"
4.419423,51.22856,38.4,"facade","238158"
5.451008,50.88696,19.3,"facade","238161"
4.324887,51.3486,22.7,"facade","238164"
4.134759,50.99076,22.3,"facade","238170"
4.676743,51.02101,17.3,"facade","238173"
2.955268,51.15467,27,"facade","238179"
4.34283,51.12921,22.7,"facade","238182"
3.211339,51.12378,19,"facade","238185"
3.907147,50.87689,15.9,"facade","238191"
4.021058,50.84475,23.2,"facade","238200"
3.889592,50.90746,20.6,"facade","238203"
3.669834,51.0699,19.6,"facade","238218"
4.837444,50.96205,34.6,"facade","238224"
4.531848,50.89671,18.4,"facade","238227"
5.420042,50.90583,20.7,"facade","238230"
4.326861,51.07994,26,"facade","238236"
5.524993,51.09134,18.4,"facade","238239"
4.447806,51.15974,24.1,"facade","238248"
4.126311,51.02114,24.2,"facade","238251"
3.499094,50.84429,18.9,"facade","238260"
4.934851,51.39891,17.3,"facade","238269"
4.397312,51.21115,39.8,"facade","238272"
3.284605,50.82742,20.6,"facade","238275"
3.170468,51.09978,19.7,"facade","238290"
3.418621,50.88513,23.3,"facade","238308"
4.871742,50.90282,17.8,"facade","238323"
4.757829,51.48095,16,"facade","238329"
3.108028,50.94026,18.6,"facade","238335"
4.193613,51.07755,19.2,"facade","238338"
4.535821,51.02338,18.5,"facade","238341"
5.015135,51.41848,20.1,"facade","238344"
3.701664,50.9574,18,"facade","238359"
4.464384,51.46227,20.9,"facade","238374"
4.945532,51.16748,21,"facade","238380"
5.352757,50.9702,18.6,"facade","238386"
3.56106,51.06503,17.8,"facade","238389"
3.432277,50.76091,18.2,"facade","238395"
4.662423,50.89042,17.3,"facade","238401"
4.482308,51.03536,39.9,"facade","238419"
4.70858,51.1986,19.1,"facade","238425"
4.041778,51.05803,20.6,"facade","238431"
4.001506,50.74286,17.6,"facade","238443"
5.648447,51.12017,16.5,"facade","238449"
5.622249,50.79249,20.8,"facade","238455"
4.484276,51.2943,18.2,"facade","238461"
4.33259,51.127,23,"facade","238464"
4.710741,50.8813,24.3,"facade","238470"
4.426624,51.04315,26.9,"facade","238482"
4.018613,50.9642,19.5,"facade","238494"
4.94004,50.80373,25.2,"facade","238497"
4.344676,51.14823,23.3,"facade","238503"
3.213042,51.18886,25.4,"facade","238512"
4.146295,51.06893,20.7,"facade","238518"
4.452568,51.30675,18.8,"facade","238530"
4.027722,50.93673,34.4,"facade","238536"
4.042699,50.94037,39.7,"facade","238542"
3.707213,51.07565,23.8,"facade","238545"
3.43404,51.08652,21.8,"facade","238548"
5.197866,50.94839,22.9,"facade","238578"
3.546042,50.97805,20.7,"facade","238599"
4.477039,51.13281,22.3,"facade","238605"
3.31758,51.20122,15.9,"facade","238611"
4.282113,50.80658,20.8,"facade","238638"
4.437803,51.18095,28.5,"facade","238644"
4.639694,51.39947,36.5,"facade","238650"
4.14595,50.87099,22.7,"facade","238659"
4.287215,50.79396,21.2,"facade","238668"
4.4545,51.21354,40.2,"facade","238671"
2.947076,50.8929,20.3,"facade","238686"
4.950981,51.33289,17.7,"facade","238692"
4.146639,51.16327,29.5,"facade","238698"
4.942819,51.39548,16.8,"facade","238707"
4.242863,50.73124,26.6,"facade","238713"
4.468349,51.19467,38.8,"facade","238749"
4.641736,51.35919,27.4,"facade","238752"
3.085746,50.95603,22.9,"facade","238761"
3.340816,50.92271,19,"facade","238767"
4.445527,51.17383,36.5,"facade","238770"
4.617122,50.96363,15.6,"facade","238788"
4.330278,51.2241,33.4,"facade","238806"
5.55341,51.14553,17.1,"facade","238809"
4.008122,50.81553,16.9,"facade","238812"
4.208926,51.00817,16.4,"facade","238827"
3.33629879561807,51.1312226682859,22,"facade","238833"
5.110806,51.01743,14.8,"facade","238845"
5.352614,50.92523,20.2,"facade","238851"
4.602775,51.07377,18.7,"facade","238854"
4.478462,51.08753,33.6,"facade","238857"
5.465191,50.78265,19.9,"facade","238872"
4.945438,51.3212,21.5,"facade","238887"
4.274176,51.25197,40.2,"facade","238890"
4.228466,51.01582,23.2,"facade","238893"
4.844685,51.32661,22.5,"facade","238908"
4.252356,51.22382,29.6,"facade","238926"
3.502729,50.8035,15.4,"facade","238932"
3.665589,51.0428,23,"facade","238935"
4.539762,50.88661,27,"facade","238941"
4.473523,51.03111,26,"facade","238953"
4.60102759508572,50.8520423925921,20.2,"facade","238956"
4.484069,50.87736,26.2,"facade","238965"
4.425837,51.21431,47.4,"facade","238971"
4.899893,50.95001,18.4,"facade","238974"
4.447596,51.35028,16.7,"facade","238983"
4.33456,51.11972,24.7,"facade","239010"
4.226646,50.96115,34.3,"facade","239016"
4.666362,50.87014,21.2,"facade","239040"
4.321461,51.22395,34,"facade","239043"
3.191614,50.81027,26.1,"facade","239070"
4.167499,51.13606,24.8,"facade","239073"
4.474408,51.15347,21.8,"facade","239091"
3.224198,51.2725,28.4,"facade","239094"
4.312646,50.92214,17,"facade","239109"
4.538942,51.3688,20.8,"facade","239118"
4.485988,51.29734,19.6,"facade","239127"
4.549515,51.26015,28.8,"facade","239133"
5.385932,50.99324,18.1,"facade","239142"
5.443847,50.74776,15.9,"facade","239145"
4.654532,50.93633,19.3,"facade","239148"
4.051731,50.95129,19.4,"facade","239151"
3.220071,51.20208,29.7,"facade","239154"
3.200921,51.19294,25,"facade","239163"
4.92230478545255,51.1090914161218,19.2,"facade","239169"
4.719476,50.88321,27.9,"facade","239175"
3.692881,51.01531,26.9,"facade","239178"
4.351823,51.14833,22.9,"facade","239187"
3.893826,51.0025,24.1,"facade","239190"
4.636636,51.15255,17.9,"facade","239193"
4.489436,51.41919,20.3,"facade","239196"
3.953802,51.01712,17.6,"facade","239202"
4.526693,51.01295,19.5,"facade","239208"
4.271356,50.74948,24.6,"facade","239220"
4.686204,51.23275,23.4,"facade","239229"
4.724208,50.86961,16.4,"facade","239241"
4.509375,50.77388,17.5,"facade","239268"
5.213091,51.08499,33.5,"facade","239274"
4.461594,51.31254,15.7,"facade","239295"
4.439212,51.21852,39,"facade","239310"
3.277025,51.34695,27.1,"facade","239334"
4.638192,50.95994,21.6,"facade","239352"
5.195945,51.00205,20.6,"facade","239361"
3.79261668858894,51.0562334271213,31.5,"facade","239364"
4.690681,50.87663,33.3,"facade","239367"
4.861786,51.1464,27.6,"facade","239379"
5.009642,50.81304,16.9,"facade","239388"
4.328946,51.10534,28.3,"facade","239394"
4.505016,51.22108,23.2,"facade","239400"
5.389004,51.26774,16.4,"facade","239412"
4.701715,50.83775,16.7,"facade","239427"
4.373352,51.3282,22.1,"facade","239430"
3.598481,50.84946,32.3,"facade","239433"
5.678716,50.81085,16.4,"facade","239439"
4.555362,50.89731,22.7,"facade","239442"
3.033166,51.02941,17.7,"facade","239448"
4.095634,51.1895,18.3,"facade","239460"
4.513474,51.16426,23.2,"facade","239466"
3.334389,50.98817,18.7,"facade","239472"
4.486084,51.02674,30.6,"facade","239481"
4.45085,51.24801,32.3,"facade","239490"
3.371412,50.7526,15.6,"facade","239496"
5.188293,50.96115,18.2,"facade","239511"
3.681361,50.82892,17.8,"facade","239517"
4.90052319467283,50.8754101429923,15.9,"facade","239526"
4.882798,50.90825,19,"facade","239562"
4.573298,51.12885,23,"facade","239565"
4.017453,50.94051,25.1,"facade","239568"
5.605395,51.17597,18.3,"facade","239577"
3.585374,51.1882,18.4,"facade","239580"
3.198546,51.22405,23.6,"facade","239589"
4.541468,50.98187,23.2,"facade","239610"
4.343984,51.14883,24.7,"facade","239619"
3.816457,51.19317,23.3,"facade","239622"
3.808229,50.9456,23.5,"facade","239628"
4.489633,51.19631,36.6,"facade","239634"
4.487075,51.02213,50.4,"facade","239643"
4.483682,51.03134,37.7,"facade","239670"
3.414997,50.80227,17.2,"facade","239673"
3.373183,51.02413,20,"facade","239679"
3.649197,50.98708,18.5,"facade","239685"
4.30059,51.14799,23.2,"facade","239688"
4.322563,51.3476,20.9,"facade","239691"
4.419521,51.19971,38.5,"facade","239694"
5.079724,51.05697,17.9,"facade","239703"
4.705577,50.99222,31.9,"facade","239715"
3.421984,50.89151,25.2,"facade","239727"
3.652845,51.1486,20.1,"facade","239733"
4.468665,51.17133,21.9,"facade","239739"
4.41837901140318,51.226440861273,42.4,"facade","239742"
3.788912,51.00031,30.6,"facade","239760"
4.66938483637354,51.0765385216707,20.6,"facade","239772"
4.473719,51.02633,38.1,"facade","239787"
3.772858,50.98132,20.6,"facade","239796"
4.361358,50.9644,17.7,"facade","239802"
5.492963,50.82819,16.8,"facade","239823"
4.136531,51.13601,26.7,"facade","239826"
4.419474,51.16515,27.2,"facade","239847"
4.219451,50.90299,16.8,"facade","239865"
3.305433,50.79644,18.3,"facade","239880"
3.808635,50.95311,24.2,"facade","239889"
4.259634,50.86261,26.8,"facade","239919"
4.949065,51.30955,39.7,"facade","239922"
4.642322,50.80398,13.8,"facade","239928"
4.16112,51.03786,37,"facade","239934"
4.463772,51.41984,21,"facade","239940"
4.067141,50.70551,16.3,"facade","239943"
4.492019,51.19702,29,"facade","239955"
4.428949,51.21993,35.1,"facade","239970"
4.466844,51.26415,24.4,"facade","239988"
4.480592,51.15616,35.1,"facade","239994"
3.019192,51.26557,23.5,"facade","239997"
4.511828,50.81945,20.5,"facade","240000"
3.861641,50.79337,16.6,"facade","240003"
4.50666359232058,51.0085709437499,21,"facade","240012"
5.354474,50.92864,25.1,"facade","240015"
5.388195,51.01907,28.5,"facade","240030"
4.828023,50.78428,16.1,"facade","240033"
4.478685,51.03172,26.6,"facade","240036"
4.362138,51.33205,29.8,"facade","240054"
5.546473,51.03015,15,"facade","240057"
3.031696,51.1239,24.5,"facade","240072"
4.699546,50.90442,19.6,"facade","240075"
5.133965,50.94196,16.3,"facade","240078"
4.77645,50.94288,20.3,"facade","240093"
4.505982,51.10192,19.6,"facade","240102"
4.711033,50.9258,20.7,"facade","240108"
4.028822,51.06521,34.1,"facade","240111"
3.26306,50.79401,29.6,"facade","240114"
3.780225,51.0117,27.7,"facade","240120"
4.55999,51.02052,17,"facade","240123"
4.278902,50.84043,29.4,"facade","240147"
3.144435,50.90111,20.8,"facade","240153"
4.990811,51.1668,32.4,"facade","240162"
4.482651,51.37663,17.1,"facade","240168"
4.361395,51.18188,34.2,"facade","240174"
3.41003507999746,50.890387853393,20.4,"facade","240177"
4.611938,51.24387,17.7,"facade","240180"
4.060845,50.94713,17.8,"facade","240192"
4.510691,50.88122,19.4,"facade","240195"
3.23381935836665,51.2082509945938,30.8,"facade","240198"
3.429113,50.88837,28.5,"facade","240201"
5.010786,51.25662,18.8,"facade","240207"
5.341015,50.9289,25.9,"facade","240210"
4.225968,51.13182,23.4,"facade","240222"
3.657827,51.04855,24.9,"facade","240249"
4.267231,50.85441,29.7,"facade","240255"
4.643364,51.06228,19.9,"facade","240273"
3.785085,51.09798,20.8,"facade","240279"
3.718116,51.03021,24.3,"facade","240306"
5.480372,51.25792,16,"facade","240315"
3.304951,50.77604,19,"facade","240327"
3.582786,50.79421,16.6,"facade","240342"
3.632876,51.19524,41.2,"facade","240345"
4.280824,51.22653,27.6,"facade","240363"
5.679483,50.96698,21.5,"facade","240369"
3.847244,51.08827,23.8,"facade","240378"
3.2756106822648,50.7766043342528,24.3,"facade","240381"
4.329006,50.76588,23.2,"facade","240387"
3.565861,51.11961,18.9,"facade","240399"
2.896162,51.2169,21.2,"facade","240402"
4.791902,50.89141,32.7,"facade","240405"
5.075334,51.16472,14.2,"facade","240408"
4.450916,50.96902,19.8,"facade","240426"
5.298304,50.93873,26.5,"facade","240429"
4.186639,51.12396,22.1,"facade","240435"
4.332163,50.77037,18,"facade","240441"
3.978405,50.98574,20.2,"facade","240447"
3.293113,50.82386,23.8,"facade","240453"
4.571514,51.18738,23,"facade","240456"
2.848309,50.9561,17.7,"facade","240459"
2.913354,50.84909,19.5,"facade","240468"
4.242821,51.06302,18.5,"facade","240483"
3.43054,50.88622,30.7,"facade","240489"
4.987494,51.09409,16.6,"facade","240495"
4.429039,50.93006,33.6,"facade","240501"
5.365385,50.94492,21.7,"facade","240510"
4.23391,51.09481,23,"facade","240522"
4.443056,51.19956,31.3,"facade","240525"
3.707645,51.10802,22.6,"facade","240567"
4.092488,51.1427,23.2,"facade","240576"
4.397382,51.12331,26.7,"facade","240588"
4.584259,50.85326,21.7,"facade","240612"
5.322786,51.22067,20.4,"facade","240621"
5.356553,51.02767,20,"facade","240636"
5.123168,51.20001,16.1,"facade","240639"
3.332095,50.89631,20.4,"facade","240648"
4.263894,50.94955,17.4,"facade","240678"
4.198518,51.07902,24.6,"facade","240705"
4.628712,50.89936,19.9,"facade","240708"
5.536904,51.25361,16.9,"facade","240723"
3.191416,50.80622,20.7,"facade","240726"
4.990275,51.24312,18.5,"facade","240747"
3.746338,51.03984,28.3,"facade","240750"
3.4035,51.2084,19.5,"facade","240777"
2.789641,50.9027,19.4,"facade","240780"
4.723621,50.92456,21.7,"facade","240783"
2.861167,51.02119,18.9,"facade","240792"
3.656601,51.04795,26.2,"facade","240798"
4.458452,51.3701,17,"facade","240801"
3.219459,50.90683,20.9,"facade","240807"
5.306,51.23193,18.2,"facade","240858"
3.174832,51.18602,20.4,"facade","240870"
4.98958,51.00653,27.5,"facade","240882"
5.187703,50.95108,16.6,"facade","240888"
4.049279,50.9853,24.6,"facade","240903"
4.748497,50.83424,17.1,"facade","240912"
5.278511,51.06018,19.2,"facade","240924"
3.575077,50.84124,16.4,"facade","240930"
4.352533,50.9057,26.6,"facade","240945"
4.540889,51.14601,27.6,"facade","240963"
4.195066,51.22537,23.8,"facade","240972"
3.281922,50.86013,19.4,"facade","240975"
3.271772,50.82165,26.9,"facade","240978"
4.37375,51.0299,23,"facade","240987"
3.73944,51.11715,22.3,"facade","240990"
4.525934,51.22811,27.6,"facade","240999"
4.693425,50.89049,29.5,"facade","241011"
3.720105,51.01993,32.8,"facade","241017"
4.400066,51.19655,32.3,"facade","241020"
4.054426,50.94941,36.8,"facade","241023"
4.439112,51.2885,20.5,"facade","241029"
3.2013,51.20153,34.4,"facade","241035"
4.48728,50.98951,20.2,"facade","241044"
4.497298,51.00408,20,"facade","241047"
4.117276,50.87881,21.1,"facade","241050"
4.714988,50.87283,25,"facade","241059"
4.39141,51.19051,42.2,"facade","241074"
4.230078,50.80922,18.8,"facade","241077"
4.003861,50.76609,15.3,"facade","241083"
3.845024,51.12787,25.1,"facade","241098"
5.790867,51.0903,19.8,"facade","241101"
5.111368,50.94533,19.5,"facade","241110"
2.846152,50.86611,17.1,"facade","241113"
3.763851,51.05008,25.8,"facade","241116"
5.287986,51.05233,16.5,"facade","241125"
4.432389,50.91221,38.9,"facade","241134"
4.043192,50.76997,14.1,"facade","241155"
3.714246,51.04063,23.2,"facade","241161"
4.850555,50.97832,15.6,"facade","241170"
3.65037,51.01957,19.8,"facade","241179"
3.6173530100521,51.1022147196077,20.4,"facade","241182"
3.205805,51.20351,22.8,"facade","241185"
4.703318,50.81996,29.4,"facade","241188"
5.509379,50.9985,21.2,"facade","241197"
5.004736,51.18002,23.2,"facade","241203"
5.170128,50.93883,17.9,"facade","241215"
4.42956353020842,51.2059741298414,30.2,"facade","241218"
4.44065,51.01069,24.4,"facade","241230"
4.48285,51.29688,20.8,"facade","241236"
4.833506,50.98734,36.2,"facade","241242"
4.349359,50.90769,31.2,"facade","241245"
4.174356,51.189,21.5,"facade","241251"
2.651177,50.8878,18.6,"facade","241257"
4.46114,51.29139,18.7,"facade","241260"
4.556128,50.81803,16.4,"facade","241266"
4.394138,51.21632,39.8,"facade","241269"
4.698917,51.20562,15.9,"facade","241302"
4.66857,50.83654,14.3,"facade","241320"
5.450511,51.17346,20.4,"facade","241323"
4.700162,50.88716,27.1,"facade","241326"
3.178325,51.07374,18,"facade","241329"
3.745615,51.03091,35.4,"facade","241338"
4.367378,50.74911,18,"facade","241347"
3.103537,50.93621,18,"facade","241353"
4.497805,51.00785,20.5,"facade","241362"
5.375664,50.9917,19.6,"facade","241368"
4.867087,51.09103,18.5,"facade","241377"
4.163936,51.07411,19.9,"facade","241398"
4.953202,51.30958,19,"facade","241407"
4.487226,51.28801,44,"facade","241416"
3.834579,51.03195,20,"facade","241419"
5.012715,51.30296,16.2,"facade","241422"
3.596466,50.97545,20.8,"facade","241431"
4.2538,50.90962,18.8,"facade","241434"
4.211649,51.16928,21.6,"facade","241437"
4.75582364176898,50.8278011382635,27.4,"facade","241452"
3.806142,50.8425,16.5,"facade","241455"
3.193521,51.19307,27.6,"facade","241476"
3.708691,51.05001,34.2,"facade","241479"
4.664115,51.08376,23.3,"facade","241509"
4.969256,50.9415,16.3,"facade","241512"
4.733856,50.89956,25,"facade","241518"
4.50489,51.2905,20.1,"facade","241539"
4.435064,51.21659,37.1,"facade","241548"
4.862105,51.13061,19.9,"facade","241554"
4.907528,51.22564,16,"facade","241557"
4.0939642550313,50.7836714441296,14.9,"facade","241575"
3.236301,51.2024,37.5,"facade","241593"
3.639122,50.95751,32.2,"facade","241605"
4.578191,51.10778,21,"facade","241608"
5.549387,50.83846,17.2,"facade","241611"
4.508439,50.8844,29,"facade","241617"
4.171514,51.19138,28.8,"facade","241620"
3.60718,50.83769,30.2,"facade","241644"
3.149125,51.13216,21.8,"facade","241647"
4.159624,50.86715,30.3,"facade","241650"
4.884495,51.31537,20.5,"facade","241668"
4.450731,51.20697,34.5,"facade","241671"
4.158181,51.16093,25.7,"facade","241677"
4.500203,51.04698,22.2,"facade","241692"
4.84329,50.90648,17.7,"facade","241698"
3.483176,51.12767,19,"facade","241704"
4.429105,51.20032,45.5,"facade","241713"
4.426059,51.18393,30.1,"facade","241719"
3.279729,50.84535,21.3,"facade","241722"
3.188544,51.23197,24.4,"facade","241728"
3.175623,50.80386,18.7,"facade","241740"
3.265272,50.99303,25.7,"facade","241761"
4.466812,51.14519,25.3,"facade","241779"
3.275048,50.83086,42.1,"facade","241782"
3.070773,50.80683,17.7,"facade","241785"
4.676971,50.91039,22.9,"facade","241791"
5.096937,51.32314,17.3,"facade","241797"
4.677203,51.16583,22.9,"facade","241800"
4.469891,50.84032,22.7,"facade","241803"
4.279094,50.79157,21.9,"facade","241806"
5.17281,50.98732,22,"facade","241809"
3.634776,50.86248,30.3,"facade","241848"
3.880663,50.87984,18.7,"facade","241863"
3.560422,51.10184,19.6,"facade","241872"
5.35591,50.89533,17.3,"facade","241875"
4.006884,50.9047,20.6,"facade","241878"
3.219606,51.21891,26.5,"facade","241881"
4.62752119336928,50.8621660569862,21.9,"facade","241890"
4.798766,51.47597,18.5,"facade","241893"
3.211817,51.0049,20,"facade","241905"
3.490513,51.20169,21.8,"facade","241908"
4.836875,51.17562,28.5,"facade","241923"
3.601482,50.85049,31.9,"facade","241926"
4.099895,51.06925,17.1,"facade","241935"
4.444283,51.17617,35.4,"facade","241938"
4.651464,50.81402,15.9,"facade","241941"
3.42866,51.12584,19,"facade","241944"
4.131753,51.05833,16.6,"facade","241953"
3.553885,50.83426,18.5,"facade","241956"
4.262739,50.78498,21.5,"facade","241962"
4.120149,50.76125,17,"facade","241977"
3.307355,51.32198,21,"facade","241986"
4.243419,51.18353,24,"facade","242001"
5.052497,50.97989,19.6,"facade","242004"
4.365691,50.94667,26.8,"facade","242007"
3.84709689455699,51.0316908324423,22.8,"facade","242016"
4.43836,51.2201,45.5,"facade","242022"
4.202267,50.90959,38.6,"facade","242028"
5.793314,51.1004,19,"facade","242034"
3.75409,51.01389,21.9,"facade","242040"
3.663686,50.97341,22.6,"facade","242046"
4.920297,50.81461,16.8,"facade","242049"
3.924537,50.99405,18.6,"facade","242055"
5.339285,50.95146,18.2,"facade","242061"
4.093722,51.03957,18,"facade","242064"
4.416505,51.0508,20.3,"facade","242070"
4.389432,51.16301,37.5,"facade","242076"
4.582246,50.75997,17.2,"facade","242085"
4.69792,50.88075,31.2,"facade","242091"
4.287078,50.73135,19.5,"facade","242100"
4.626179,50.8801,18.3,"facade","242112"
5.078536,51.06709,15.9,"facade","242130"
3.256071,51.07469,15.3,"facade","242136"
3.821389,50.85936,19.2,"facade","242142"
4.232114,50.80951,19.1,"facade","242148"
2.946294,51.23256,23.3,"facade","242151"
3.02928,50.7777,17.7,"facade","242160"
4.405928,50.92891,20.4,"facade","242181"
4.060752,50.80254,17.7,"facade","242187"
4.205917,50.90721,37.9,"facade","242202"
4.45631,51.20428,31.1,"facade","242211"
3.231166,51.22503,24.2,"facade","242217"
3.996686,51.13077,20.4,"facade","242232"
4.43022,51.20232,35.4,"facade","242238"
4.75738,51.16383,19,"facade","242241"
3.361228,51.01108,23.7,"facade","242250"
4.431996,51.08269,26.9,"facade","242259"
4.365017,51.08034,24.8,"facade","242268"
5.245051,50.94149,16.7,"facade","242271"
3.349471,50.85292,27.6,"facade","242292"
4.602627,50.7711,16.5,"facade","242298"
5.228089,51.09005,16.8,"facade","242304"
4.425195,51.17445,34.3,"facade","242310"
4.478065,51.1964,27,"facade","242313"
4.74617181426495,50.9635190226086,15.5,"facade","242319"
4.233022,50.95905,24.7,"facade","242322"
2.621024,50.98657,16.7,"facade","242328"
4.454694,51.15182,23.2,"facade","242334"
5.381769,51.05153,31.7,"facade","242352"
4.772382,50.82412,18.5,"facade","242355"
4.05104,50.9873,20,"facade","242361"
3.127568,50.93967,30.9,"facade","242364"
4.650752,51.16661,22,"facade","242370"
3.733862,51.03277,26.6,"facade","242373"
4.83312193813574,50.7852784925045,15.8,"facade","242391"
4.709129,51.27705,18.3,"facade","242394"
3.193163,51.19605,25.2,"facade","242403"
3.325615,50.85028,23.6,"facade","242427"
3.793392,50.98035,19.9,"facade","242454"
4.65321,51.21897,22.6,"facade","242457"
4.727499,50.88993,30.2,"facade","242460"
4.48999,51.07552,23.9,"facade","242472"
4.268887,51.03551,14.4,"facade","242484"
5.41489,50.90671,19.1,"facade","242490"
4.162044,51.17934,23,"facade","242499"
4.947022,51.32613,29.1,"facade","242502"
5.50114,50.87699,18.9,"facade","242508"
4.698755,50.89407,20.2,"facade","242511"
3.69299,51.07511,23.1,"facade","242514"
4.464855,51.02779,28,"facade","242523"
4.60623,51.37883,19.2,"facade","242529"
5.197454,51.21838,16.6,"facade","242532"
5.466259,50.92601,19.5,"facade","242535"
3.943297,50.93448,18.4,"facade","242538"
3.445957,51.03971,18.9,"facade","242541"
4.638385,50.97881,26.1,"facade","242556"
4.998762,51.16455,19.7,"facade","242577"
4.47334784871157,51.4132029251131,17.5,"facade","242586"
4.465591,51.25108,31.2,"facade","242604"
4.430127,51.31161,34.8,"facade","242625"
2.946115,50.97927,17.7,"facade","242628"
4.755057,50.95438,16.9,"facade","242634"
4.777736,51.50164,17.6,"facade","242637"
3.168629,50.99273,22.2,"facade","242640"
3.17368,51.20729,21.1,"facade","242652"
4.510497,51.22625,26,"facade","242658"
5.312464,51.20233,14.1,"facade","242661"
4.56778927524644,50.9783715127013,20.9,"facade","242679"
5.77409,51.10024,17.9,"facade","242682"
2.978124,51.15559,22.7,"facade","242688"
4.705807,50.88042,25.4,"facade","242703"
2.981109,50.99741,17.4,"facade","242706"
3.926067,51.12524,17.9,"facade","242709"
3.72735625982569,51.0365808382853,35.9,"facade","242712"
4.467159,51.26085,23,"facade","242715"
3.39551406286033,50.8384750420852,19.6,"facade","242745"
4.992468,51.16748,20,"facade","242751"
4.012076,51.02109,18,"facade","242772"
3.237983,50.83475,23.8,"facade","242781"
3.78110197408884,51.0764354902008,24.7,"facade","242784"
3.71655,51.06184,24.6,"facade","242787"
4.882874,50.82732,16.8,"facade","242808"
5.315896,50.92373,23,"facade","242826"
4.503134,51.24626,30.3,"facade","242832"
3.29319783355859,50.8218018798706,22.9,"facade","242838"
3.830846,50.78556,14.6,"facade","242841"
5.533801,50.94157,18.6,"facade","242856"
3.259314,50.82336,38.2,"facade","242859"
4.718581,51.08451,18.6,"facade","242868"
3.344104,50.99777,26.3,"facade","242877"
3.286146,51.21166,21.8,"facade","242880"
4.584068,51.11986,23.1,"facade","242913"
5.531334,50.99366,20.7,"facade","242928"
4.727911,50.88854,19.5,"facade","242937"
4.485094,51.1284,22.4,"facade","242955"
4.062199,51.18653,19.2,"facade","242961"
3.76557,50.8338,14.2,"facade","242991"
5.411472,51.20631,18,"facade","243000"
4.25422,50.76177,22.7,"facade","243015"
4.909013,50.84114,16.3,"facade","243027"
4.464893,50.84768,27.1,"facade","243033"
4.514315,51.24754,20.3,"facade","243039"
4.430802,51.08037,32.8,"facade","243060"
3.64699,51.00362,21.1,"facade","243063"
4.103316,51.05858,18.3,"facade","243066"
4.951502,51.33066,18.7,"facade","243081"
3.567221,50.82484,16.6,"facade","243084"
4.169502,50.83814,19.6,"facade","243087"
3.778175,51.0781,25.4,"facade","243099"
3.349174,51.08121,22,"facade","243111"
4.566767,51.18563,22.6,"facade","243120"
3.216951,51.20443,35.2,"facade","243129"
4.38349,51.1785,30.5,"facade","243144"
4.026203,50.94392,26.6,"facade","243150"
4.51569963701321,51.1621584029006,21.6,"facade","243156"
4.696023,50.90376,26.6,"facade","243159"
3.698296,51.03608,24.8,"facade","243162"
4.421187,51.22933,47.6,"facade","243165"
2.913077,51.21185,34,"facade","243171"
4.546784,51.19434,22.1,"facade","243174"
4.468791,51.38732,16.8,"facade","243177"
3.633385,50.93977,29,"facade","243189"
3.729443,51.02863,28.1,"facade","243195"
3.557011,51.02908,24.4,"facade","243201"
4.768814,51.40129,17.9,"facade","243210"
3.70561,51.0399,23.5,"facade","243213"
5.592471,51.00665,26.1,"facade","243219"
5.369206,51.12641,17.1,"facade","243231"
5.234417,51.05292,16.6,"facade","243237"
4.445057,51.20303,38.7,"facade","243246"
5.060936,50.92735,14.5,"facade","243264"
4.399463,51.2196,36.7,"facade","243267"
4.352519,51.18263,30,"facade","243285"
3.398432,51.01343,17.5,"facade","243288"
4.421176,51.16737,25.1,"facade","243300"
4.019196,50.87429,26.3,"facade","243303"
4.026038,51.15684,20,"facade","243306"
4.971173,50.89533,19.2,"facade","243327"
4.241594,50.78432,19.9,"facade","243333"
4.713393,50.86174,19.1,"facade","243336"
3.69207,51.10766,21.6,"facade","243345"
4.22102530874804,50.8782861797081,25.2,"facade","243348"
3.134324,50.95496,29.7,"facade","243351"
4.145869,50.86751,15.5,"facade","243354"
4.464769,51.16256,26.7,"facade","243366"
5.097447,51.33241,19.7,"facade","243387"
4.071655,50.93555,18.2,"facade","243390"
3.739079,51.04464,27,"facade","243399"
3.269518,50.81439,26.9,"facade","243405"
4.778601,50.9006,15.9,"facade","243414"
4.604911,51.00909,24.5,"facade","243417"
3.926473,51.03842,18.7,"facade","243420"
5.181498,50.98312,19.8,"facade","243423"
4.46756,51.22496,27.7,"facade","243426"
2.882316,50.8536,25.3,"facade","243438"
4.684234,51.01821,15.6,"facade","243444"
4.054938,50.85499,18.9,"facade","243447"
4.835669,50.89907,16,"facade","243453"
4.424969,51.23056,32.6,"facade","243456"
4.654542,50.85958,19.1,"facade","243459"
4.223848,50.90585,19.2,"facade","243462"
2.883002,50.85349,22.5,"facade","243465"
3.75819049987988,51.0424302845882,27.7,"facade","243468"
4.460569,51.1592,22.7,"facade","243477"
4.248282,50.7303,18.9,"facade","243489"
4.52424,51.19867,23.4,"facade","243513"
5.426361,50.93353,19.2,"facade","243534"
4.693324,51.2998,17.2,"facade","243543"
4.43432769035293,50.9274099066379,45.6,"facade","243546"
5.793366,51.07183,16.2,"facade","243552"
4.322579,51.21773,35.6,"facade","243558"
4.136929,51.16293,22.5,"facade","243561"
5.353866,50.94919,18.1,"facade","243573"
3.721772,51.04398,32.9,"facade","243585"
4.386941,50.92091,23.9,"facade","243597"
3.938176,50.91212,19.5,"facade","243603"
4.301583,50.96824,20.2,"facade","243615"
4.550614,50.81803,18.5,"facade","243627"
4.528859,51.06594,22,"facade","243636"
5.430524,50.93171,19.3,"facade","243696"
4.399883,51.20378,28.3,"facade","243702"
4.832865,50.87769,14.6,"facade","243705"
4.02399,51.21564,22.7,"facade","243711"
3.873389,51.07992,25.4,"facade","243714"
5.400679,50.79449,12.9,"facade","243726"
4.120881,50.89407,21.2,"facade","243729"
4.578108,50.84569,17.3,"facade","243732"
5.321767,50.93479,37.2,"facade","243741"
3.570715,51.18024,26.4,"facade","243750"
4.94245539301164,50.8060837736822,24.3,"facade","243765"
4.03415,51.21323,20.4,"facade","243768"
3.796378,50.98334,22.1,"facade","243777"
4.692819,50.88072,46.8,"facade","243786"
4.666769,51.21107,19.1,"facade","243789"
4.464593,51.01622,24.8,"facade","243801"
4.4765,50.76548,28.3,"facade","243807"
4.700351,50.97415,17.4,"facade","243837"
4.812598,51.02709,16.5,"facade","243846"
4.027665,50.9091,32.2,"facade","243861"
4.70817,50.86476,19.8,"facade","243864"
4.454575,51.3746,17,"facade","243867"
4.388196,51.1844,37.8,"facade","243873"
4.707843,50.99455,20.2,"facade","243879"
4.162935,50.85557,18.9,"facade","243882"
5.361354,50.9058,20.2,"facade","243903"
4.423032,51.2479,38.8,"facade","243912"
3.891838,51.00307,28.3,"facade","243915"
3.273862,50.8262,26.7,"facade","243921"
4.577987,51.13235,21,"facade","243948"
3.699461,50.94437,17.5,"facade","243963"
4.381115,51.23063,29.8,"facade","243972"
4.534765,51.03389,20.3,"facade","243978"
4.4606,51.14815,22.9,"facade","243987"
4.468817,51.16258,24.6,"facade","243993"
3.752641,51.07783,30.5,"facade","244002"
5.37284,50.96848,16.8,"facade","244008"
3.222424,51.20942,42.1,"facade","244017"
3.716215,51.02751,22.9,"facade","244050"
3.032706,50.96416,19.7,"facade","244059"
5.5326,50.86386,17.8,"facade","244074"
4.822361,50.94698,15.9,"facade","244083"
5.543019,51.25034,24.2,"facade","244089"
4.506185,51.17101,22.7,"facade","244092"
4.405387,51.22479,44.7,"facade","244095"
4.387059,51.13856,25.1,"facade","244128"
3.445384,51.0388,17.8,"facade","244134"
5.582576,51.13252,19.4,"facade","244143"
4.4006,51.33513,17.8,"facade","244161"
3.136425,51.30837,29.5,"facade","244185"
4.426885,50.99422,20.2,"facade","244191"
4.058058,50.89278,21.7,"facade","244194"
4.498923,50.76991,23.1,"facade","244206"
4.297508,51.00169,21.9,"facade","244209"
4.692294,50.82734,16.7,"facade","244224"
3.65261,50.90441,33.5,"facade","244227"
4.576911,51.24834,18.6,"facade","244233"
4.634232,51.00395,21.5,"facade","244242"
4.435053,50.92941,29.3,"facade","244245"
3.218776,50.77975,24.2,"facade","244254"
4.653545,50.79716,15.5,"facade","244257"
4.553106,51.14128,27.8,"facade","244263"
3.742547,50.9446,18.8,"facade","244275"
3.258284,50.83761,26,"facade","244281"
4.292755,51.05016,24.5,"facade","244305"
5.061284,50.97736,19.6,"facade","244320"
3.45147,51.20988,21.4,"facade","244332"
5.397142,50.82503,14.7,"facade","244344"
3.737664,51.05225,30.3,"facade","244353"
5.050061,50.985,19,"facade","244356"
3.784465,51.17458,27.7,"facade","244368"
4.029309,50.97417,19.5,"facade","244374"
4.377888,51.17765,31.1,"facade","244380"
3.561021,51.03582,23.1,"facade","244386"
4.458337,50.87358,34.7,"facade","244392"
4.460598,50.96745,21.7,"facade","244398"
4.481772,51.02956,26.4,"facade","244404"
3.791362,51.00541,25.7,"facade","244410"
5.515561,50.94665,19.5,"facade","244413"
3.883382,50.8956,20,"facade","244416"
3.71318450361108,51.0450141160956,33,"facade","244428"
5.222494,51.11918,15.6,"facade","244434"
4.905072,51.17804,18.3,"facade","244464"
3.899179,51.05734,20.2,"facade","244470"
3.590018,50.74141,18.7,"facade","244482"
4.529674,51.17375,22,"facade","244488"
3.80165924658236,50.9478681999932,19.4,"facade","244491"
3.875578,50.77397,24.1,"facade","244506"
3.618296,51.2169,28.5,"facade","244521"
4.520409,51.0705,23,"facade","244530"
5.401749,51.18321,17.6,"facade","244536"
4.322544,51.10658,23.5,"facade","244542"
4.406818,51.20931,40.6,"facade","244545"
4.483497,51.16076,21.5,"facade","244584"
2.908858,50.88941,18,"facade","244587"
4.660171,51.15845,21.7,"facade","244596"
5.237045,50.91063,14.8,"facade","244605"
4.54314415213765,50.8902624718954,21.8,"facade","244623"
4.938626,51.16689,19.8,"facade","244632"
5.30413,50.94132,19.6,"facade","244644"
4.585811,50.84304,17.8,"facade","244650"
4.66164,50.83749,19.4,"facade","244653"
5.343526,50.94888,19.3,"facade","244671"
4.079634,50.75862,16.9,"facade","244680"
4.294332,51.03114,17.7,"facade","244683"
4.460325,51.40303,16.8,"facade","244686"
4.825152,51.1818,19,"facade","244704"
4.566873,50.97948,23.1,"facade","244719"
3.861412,50.80796,16.6,"facade","244740"
4.583638,50.93536,15.9,"facade","244743"
4.555713,50.98745,17.8,"facade","244746"
4.32650929096045,51.1957094426243,39.9,"facade","244749"
3.366047,51.09752,19,"facade","244785"
5.358483,50.9034,20.6,"facade","244794"
5.489346,50.85301,22.9,"facade","244806"
4.171901,50.96563,16,"facade","244809"
3.646441,50.87618,19.2,"facade","244815"
3.248215,51.24032,21.7,"facade","244824"
4.602501,50.80808,14.5,"facade","244830"
3.644617,50.9704,21.7,"facade","244839"
4.438894,51.29031,24,"facade","244845"
4.265868,50.86923,28.7,"facade","244854"
4.497466,51.0039,20.9,"facade","244863"
3.758479,51.03854,26.6,"facade","244866"
4.701552,51.05081,19.8,"facade","244893"
3.365401,50.90852,24,"facade","244902"
5.679043,50.98929,14.5,"facade","244920"
3.386283,50.91645,17.7,"facade","244929"
3.967177,50.81804,20.1,"facade","244935"
3.733304,51.02662,31.9,"facade","244938"
5.47334,50.78011,17.7,"facade","244941"
4.722109,50.90038,19.6,"facade","244944"
3.79673363256393,51.2025350310768,27.4,"facade","244950"
4.427133,51.20352,39,"facade","244956"
4.266196,50.84884,28.2,"facade","244959"
5.279459,51.01438,21.7,"facade","244968"
4.175516,51.28935,35,"facade","244986"
4.863736,51.35767,42,"facade","244992"
4.271022,51.13274,23,"facade","245016"
3.363542,50.88676,19.7,"facade","245019"
4.440106,51.18092,30.5,"facade","245040"
4.675981,51.34751,22.5,"facade","245052"
4.191142,50.9621,19.3,"facade","245055"
3.712326,51.05938,31,"facade","245058"
4.020294,50.93103,21.6,"facade","245061"
4.767292,51.02655,17.8,"facade","245073"
4.412966,51.05342,22.9,"facade","245097"
4.082682,51.15848,21.6,"facade","245103"
4.389848,51.17458,30.1,"facade","245109"
4.06916,51.00859,18.6,"facade","245112"
4.476156,50.91355,20.8,"facade","245127"
5.068952,51.31286,19.2,"facade","245130"
4.858624,50.83289,25.2,"facade","245136"
4.45999,51.20256,30.5,"facade","245154"
4.280819,51.21526,23.6,"facade","245169"
4.49759,51.03305,21.1,"facade","245172"
3.700634,51.00937,28.2,"facade","245178"
3.336442,50.99831,24.4,"facade","245193"
5.154112,51.14097,15.6,"facade","245196"
3.345578,51.10931,18.9,"facade","245208"
4.299358,51.0128,19,"facade","245223"
4.544743,51.13928,20.8,"facade","245226"
3.059716,50.8384,21.2,"facade","245232"
2.734153,50.85921,21.8,"facade","245244"
3.204542,50.88534,18.3,"facade","245247"
4.883976,51.04948,18.8,"facade","245256"
5.654108,50.89061,20.8,"facade","245265"
4.246283,50.84469,26.8,"facade","245274"
4.392772,51.13602,23.7,"facade","245280"
3.157693,50.84205,18.8,"facade","245283"
3.811827,50.86602,23.3,"facade","245286"
4.627105,50.90475,16.9,"facade","245292"
4.287067,50.73498,29.1,"facade","245304"
4.407242,51.21972,37.5,"facade","245307"
4.199621,50.8491,21.5,"facade","245316"
4.939984,51.13948,25.5,"facade","245331"
4.514696,50.90969,19.1,"facade","245340"
3.126054,50.95891,19.5,"facade","245343"
4.108926,51.04767,19,"facade","245346"
3.45179943464147,50.7790253322129,17.4,"facade","245349"
4.712593,51.20446,22.7,"facade","245361"
4.581139,51.23152,18.9,"facade","245367"
3.731291,51.05114,25.5,"facade","245373"
4.47912,51.28876,19.7,"facade","245385"
4.695169,50.86344,22.4,"facade","245388"
3.083022,51.0733,20.2,"facade","245400"
3.7192,51.01588,39.1,"facade","245403"
3.240576,51.20181,40.9,"facade","245406"
4.440804,51.19501,29.3,"facade","245412"
3.798142,51.07068,24.8,"facade","245418"
4.166266,51.18307,23,"facade","245439"
3.1566399328723,50.8536672277262,22.3,"facade","245442"
3.708189,51.02616,23.1,"facade","245445"
4.700631,50.87077,22.7,"facade","245451"
4.72192527357404,50.8865695305609,29.7,"facade","245457"
4.125704,50.98353,21.2,"facade","245469"
4.354285,51.1733,28.9,"facade","245475"
3.737266,51.141,20.3,"facade","245481"
4.424581,51.004,25,"facade","245487"
4.28596398000144,51.1139461867008,16.5,"facade","245511"
3.743529,51.05969,27.2,"facade","245514"
3.145353,51.18613,19.9,"facade","245526"
5.195011,50.81105,23,"facade","245532"
4.689317,50.93222,25.2,"facade","245535"
3.524284,50.96567,19.5,"facade","245541"
5.307184,50.89677,17.6,"facade","245544"
4.538831,51.2676,16.6,"facade","245547"
4.984512,51.00024,18,"facade","245553"
4.560451,51.03452,19.2,"facade","245568"
4.333596,50.76372,18.3,"facade","245571"
4.646504,51.16632,16.7,"facade","245580"
3.675768,51.07074,22.1,"facade","245592"
4.499436,50.91887,24.8,"facade","245595"
5.056237,51.11379,18,"facade","245601"
4.575995,51.30943,21.6,"facade","245607"
3.451665,51.17627,19.6,"facade","245610"
3.127546,50.95082,30.7,"facade","245613"
5.385096,50.99651,17.3,"facade","245616"
5.506315,50.98798,37.7,"facade","245619"
5.146817,51.10005,17.4,"facade","245631"
5.38558,51.01914,18.3,"facade","245640"
5.105351,51.21474,18.4,"facade","245643"
4.440039,51.01865,21.4,"facade","245646"
5.065686,50.80659,19.9,"facade","245649"
4.761225,51.01633,16.3,"facade","245652"
4.399273,51.16843,26.6,"facade","245661"
2.830764,50.91335,20.7,"facade","245664"
4.601563,50.95017,24.3,"facade","245670"
5.604708,51.15744,19.2,"facade","245685"
4.610886,50.96401,20.1,"facade","245691"
5.498406,50.99659,20,"facade","245694"
3.541951,51.24537,21.2,"facade","245703"
4.399473,51.19517,39.8,"facade","245706"
3.549368,51.03268,23.8,"facade","245709"
4.798415,51.40007,16.8,"facade","245712"
3.736141,51.0555,27,"facade","245724"
3.766636,51.0304,24.7,"facade","245727"
3.29103,50.85209,21.8,"facade","245733"
2.917762,50.91576,30.6,"facade","245736"
4.476722,51.12757,19.8,"facade","245751"
4.449843,51.3103,17.5,"facade","245769"
3.565188,50.86188,17.6,"facade","245796"
4.223286,50.8437,18.9,"facade","245802"
5.206622,50.93104,15.2,"facade","245805"
4.695865,50.86042,33.5,"facade","245808"
4.240454,50.73467,24.7,"facade","245826"
4.534593,50.88076,18.4,"facade","245835"
4.390266,51.26393,40.4,"facade","245841"
3.336123,51.17268,17.7,"facade","245853"
4.41456778009865,51.2070534318752,35.7,"facade","245859"
4.439756,51.22397,37.3,"facade","245865"
3.147983,50.94188,31.9,"facade","245871"
4.243093,50.72106,26.2,"facade","245880"
3.619524,51.09498,18.5,"facade","245892"
3.714079,51.04691,25.6,"facade","245895"
4.453641,51.25029,27.3,"facade","245898"
4.88077,51.04343,16.3,"facade","245907"
4.456148,51.2513,28.3,"facade","245913"
4.513985,51.12307,18.9,"facade","245916"
4.133083,51.15163,31.3,"facade","245931"
5.785511,51.09613,23.9,"facade","245949"
3.601127,51.14644,20.8,"facade","245964"
3.337242,51.14118,21.1,"facade","245976"
4.620333,51.25287,17.4,"facade","245979"
3.550887,51.00106,21.2,"facade","245982"
4.464436,51.3589,17.6,"facade","245991"
3.607663,50.8502,21,"facade","246003"
4.224211,50.83737,21,"facade","246009"
4.87826568100606,50.874539204594,13.1,"facade","246012"
5.520014,50.9766,19.6,"facade","246015"
5.760325,50.75734,17.4,"facade","246027"
3.187805,51.07525,21.1,"facade","246036"
4.129633,50.9109,24.6,"facade","246039"
4.877307,50.82679,18.1,"facade","246048"
3.6284,51.02305,18.8,"facade","246054"
3.974544,50.73715,16.4,"facade","246057"
4.476288,50.83544,19.6,"facade","246060"
4.673987,50.82402,18.4,"facade","246075"
3.415496,50.96758,20.8,"facade","246090"
4.918164,51.05478,17.1,"facade","246093"
4.002588,50.98023,19.6,"facade","246099"
4.764486,51.05625,18.7,"facade","246120"
4.513374,50.79067,17.5,"facade","246123"
4.180192,51.00229,19.2,"facade","246129"
4.707221,51.11021,18,"facade","246147"
5.726236,51.01984,27,"facade","246150"
4.276478,51.21906,48.7,"facade","246162"
3.230395,51.15547,24.2,"facade","246168"
4.668879,51.06241,16.5,"facade","246177"
5.099976,50.83056,12.8,"facade","246180"
3.777911,51.0211,23.5,"facade","246186"
4.551319,50.90197,20.4,"facade","246204"
3.743662,51.03909,25.7,"facade","246225"
4.837916,51.01587,17.9,"facade","246231"
3.891442,50.91986,18.7,"facade","246234"
4.09141,51.1147,21.8,"facade","246237"
4.957849,51.24347,18,"facade","246240"
3.66917,51.00992,20.7,"facade","246246"
3.582636,50.89788,18.5,"facade","246249"
4.805174,51.4719,15.6,"facade","246252"
3.992079,50.89872,18.5,"facade","246255"
4.012847,50.77582,18.4,"facade","246258"
3.441515,50.89739,21,"facade","246279"
3.41734,50.81206,16.2,"facade","246291"
4.179671,51.09541,15.4,"facade","246303"
3.944473,51.04729,17.8,"facade","246318"
5.448984,50.97661,16.3,"facade","246321"
4.670039,51.08125,21,"facade","246330"
3.450466,50.9238,19,"facade","246339"
4.430308,50.92683,29.7,"facade","246342"
4.301589,50.72808,17.3,"facade","246369"
2.892514,50.80975,24.5,"facade","246381"
3.936203,50.96821,15.9,"facade","246396"
4.439262,51.19277,31.6,"facade","246399"
3.557741,51.13361,16.8,"facade","246402"
4.508355,51.2928,18.7,"facade","246405"
5.049567,51.28631,22,"facade","246408"
3.325095,50.96344,21,"facade","246411"
4.493045,51.02113,28,"facade","246414"
4.474374,51.01766,22.5,"facade","246420"
4.925651,51.32568,24.4,"facade","246423"
4.017281,50.83319,21.6,"facade","246426"
4.37667191771803,50.9059233282328,30.7,"facade","246435"
4.722604,50.87309,22.8,"facade","246438"
2.917828,51.22449,29,"facade","246441"
2.971151,51.01994,18.1,"facade","246447"
4.446899,51.16884,33.5,"facade","246453"
3.710869,51.2532,21.6,"facade","246459"
4.39448270288316,51.3526730462715,23.6,"facade","246462"
5.13194102982256,51.0307477507984,15.2,"facade","246465"
5.18716,50.81397,20.3,"facade","246471"
4.439581,51.22231,36.1,"facade","246477"
4.248344,50.83795,22.5,"facade","246480"
3.126667,50.95419,19.6,"facade","246498"
5.724483,50.92211,17.4,"facade","246504"
4.501809,50.86567,20.2,"facade","246522"
4.754459,50.877,21.7,"facade","246528"
5.374696,50.94434,16.3,"facade","246537"
5.478437,50.7815,16.9,"facade","246540"
5.441451,50.8997,18.5,"facade","246549"
4.56462,50.93225,16.1,"facade","246567"
4.750398,50.88777,21.7,"facade","246573"
4.487565,51.1919,31.1,"facade","246576"
5.293705,51.16383,12.9,"facade","246594"
4.748526,50.89462,18.3,"facade","246609"
3.753094,51.03842,26.6,"facade","246639"
3.266972,50.97177,20.5,"facade","246642"
4.044859,51.19515,23.3,"facade","246654"
4.736486,51.19406,32.1,"facade","246672"
4.483324,51.04101,20.9,"facade","246675"
3.13947,51.18388,22.1,"facade","246681"
4.480853,51.02155,28.4,"facade","246684"
4.480671,51.14183,19.8,"facade","246687"
4.78721,51.04147,17.6,"facade","246693"
3.056416,50.91692,18.3,"facade","246705"
4.882113,51.04873,18.6,"facade","246711"
4.43241,51.20116,36.9,"facade","246714"
3.131673,50.96859,18.2,"facade","246723"
5.503109,50.95148,21.2,"facade","246726"
3.800251,51.06822,23.7,"facade","246729"
4.153779,51.03332,20.6,"facade","246732"
4.89058,51.30204,20,"facade","246738"
3.754773,51.04916,27.5,"facade","246741"
3.499825,50.83478,17,"facade","246744"
4.720252,50.87794,22.7,"facade","246747"
5.507987,51.00681,20.1,"facade","246750"
2.867093,51.02475,17.8,"facade","246768"
4.032535,50.94531,25,"facade","246780"
4.69651,51.04262,18.3,"facade","246783"
4.746245,51.16545,24.8,"facade","246786"
4.836565,51.05864,17.2,"facade","246801"
3.714932,51.05889,24.3,"facade","246813"
4.338981,51.18715,26.3,"facade","246819"
4.41143,51.2973,29.3,"facade","246879"
4.14051,51.16004,26.7,"facade","246882"
4.351237,51.03452,23.3,"facade","246888"
3.489221,50.7634,14,"facade","246891"
4.728081,50.89666,16.7,"facade","246903"
4.36595,51.33029,23.2,"facade","246921"
4.42416,51.22125,38.6,"facade","246942"
3.21335,51.23246,27.7,"facade","246945"
3.680111,51.07696,30.9,"facade","246948"
4.517264,51.22676,34.8,"facade","246954"
4.075729,50.88341,24.3,"facade","246963"
4.183046,50.73789,17.5,"facade","246966"
2.9595,51.01757,24.1,"facade","246978"
4.753991,51.13836,28.1,"facade","246984"
4.443752,51.28137,21,"facade","247005"
3.831624,51.08283,20.3,"facade","247020"
3.613367,50.86963,18.5,"facade","247026"
4.14496,50.89147,24.4,"facade","247029"
4.31571,50.76046,19.7,"facade","247032"
5.144039,51.00875,15,"facade","247041"
3.088681,50.86761,20.7,"facade","247047"
5.116784,50.80912,20.1,"facade","247059"
4.40464,51.21221,36.6,"facade","247068"
4.287924,51.07433,22.6,"facade","247071"
3.452446,51.07128,25.5,"facade","247074"
4.625502,50.9606,22.2,"facade","247089"
4.334045,51.01468,32.5,"facade","247092"
3.178492,50.80487,20.8,"facade","247107"
4.779865,50.90899,15,"facade","247113"
4.724813,50.92246,22.1,"facade","247140"
4.54082,51.34858,20.9,"facade","247143"
3.83296,51.1223,21.9,"facade","247146"
3.759525,51.0427,42.4,"facade","247149"
4.810625,50.94876,17,"facade","247152"
4.23671,50.84889,22.1,"facade","247155"
3.345395,50.87338,34.3,"facade","247161"
3.503721,50.99746,18,"facade","247182"
3.14059160753822,50.9677597873265,32.9,"facade","247212"
2.949413,51.22258,20.4,"facade","247218"
3.96825,51.11431,16.8,"facade","247239"
3.241117,50.88957,21.5,"facade","247242"
3.715819,51.0052,32.9,"facade","247263"
4.093412,51.07362,22.8,"facade","247293"
3.774139,51.03075,19.1,"facade","247299"
3.1604471315653,50.8940998747177,18.4,"facade","247305"
4.401039,51.10526,20.1,"facade","247311"
3.9912393294399,50.8804205543692,15.2,"facade","247335"
2.996775,50.98869,19.7,"facade","247341"
5.158241,51.04345,17.5,"facade","247350"
3.212928,51.21493,23.8,"facade","247359"
4.601296,51.39785,21.5,"facade","247362"
4.509441,51.03841,28.3,"facade","247365"
3.432951,51.0205,19,"facade","247368"
4.567308,50.81616,18.7,"facade","247386"
4.89525,51.20587,15.2,"facade","247389"
4.031927,50.92641,26.8,"facade","247395"
4.337961,50.74085,43.4,"facade","247401"
4.632679,51.27009,18.4,"facade","247404"
3.060804,50.88973,29.3,"facade","247419"
4.321277,51.08445,20.1,"facade","247434"
2.873221,51.21052,24.3,"facade","247437"
5.088208,51.31871,24.5,"facade","247440"
3.656961,51.09967,22.4,"facade","247443"
5.148346,51.06125,22,"facade","247452"
4.760351,51.39963,37.9,"facade","247458"
4.408008,51.27594,28.9,"facade","247461"
3.798847,51.00557,20.2,"facade","247488"
4.254453,50.99221,18.5,"facade","247491"
5.26794618755349,51.062818414118,17,"facade","247497"
3.217158,51.21187,28.6,"facade","247515"
3.723554,51.02966,26,"facade","247521"
3.708111,51.03478,32.8,"facade","247536"
4.458108,51.31463,28.2,"facade","247542"
4.258145,51.21762,28.5,"facade","247551"
5.251335,50.92303,15.8,"facade","247554"
4.391632,51.20203,38.6,"facade","247557"
4.254471,51.22247,33.2,"facade","247572"
4.695971,50.86463,39.7,"facade","247575"
2.766135,50.81459,21.7,"facade","247578"
4.214775,50.84228,22.7,"facade","247581"
3.777969,51.06629,21.9,"facade","247599"
4.428417,51.17701,27.5,"facade","247602"
3.726291,51.08435,25.4,"facade","247617"
3.172542,50.81081,23.3,"facade","247635"
4.055064,50.94275,39.5,"facade","247641"
4.467613,51.24245,25.8,"facade","247650"
4.392747,51.16773,38.3,"facade","247659"
2.978752,50.91563,19.3,"facade","247665"
4.73504,50.87535,18.6,"facade","247677"
4.68975135642527,50.997643899508,16.4,"facade","247683"
4.894263,51.10172,17.6,"facade","247692"
3.62287,51.02151,19,"facade","247695"
4.202526,50.95631,18.3,"facade","247698"
4.4474678144418,51.2009692353275,33.1,"facade","247716"
3.858034,51.12063,21,"facade","247719"
4.757072,50.81173,16.9,"facade","247722"
4.126072,50.97883,19,"facade","247725"
5.254299,50.91944,15.7,"facade","247737"
5.53071,50.98742,18.2,"facade","247749"
3.296719,50.95666,19.7,"facade","247755"
2.915847,51.23107,35.4,"facade","247761"
3.718351,51.03288,24.1,"facade","247764"
4.778872,50.90782,15.9,"facade","247773"
5.093979,50.76694,20.4,"facade","247788"
4.167051,50.87084,22.6,"facade","247791"
3.309867,50.85705,28,"facade","247794"
3.193375,51.18293,20.7,"facade","247800"
4.212105,50.87708,27.6,"facade","247803"
3.09698255162406,51.0659974265828,26.6,"facade","247806"
4.876954,51.01543,16.6,"facade","247812"
4.688122,50.82363,13.5,"facade","247821"
4.693628,50.89961,19.8,"facade","247830"
3.123431,50.91834,17.2,"facade","247851"
4.306307,51.09141,31,"facade","247860"
3.575537,50.98839,18.2,"facade","247878"
3.646297,51.2802,23.9,"facade","247890"
4.448986,51.20001,33,"facade","247905"
4.0727,50.88713,26.9,"facade","247914"
3.590477,50.98205,17.7,"facade","247920"
3.325958,50.99124,18.9,"facade","247935"
4.457812,51.21912,29.3,"facade","247950"
4.433324,51.17853,32.6,"facade","247968"
4.249981,50.83948,23.4,"facade","247977"
5.341991,50.87025,16.5,"facade","247980"
3.259123,51.20339,19.1,"facade","247983"
3.038005,50.78173,23,"facade","248016"
3.845646,50.90957,16.4,"facade","248031"
3.879921,50.99704,29,"facade","248040"
3.713482,51.08092,21.7,"facade","248046"
4.725889,50.8823,23,"facade","248052"
3.060618,50.80056,19.9,"facade","248055"
3.759817,51.02883,24,"facade","248061"
5.356147,51.12619,20.2,"facade","248067"
2.889924,50.85346,41.1,"facade","248079"
4.68548,50.91631,24.5,"facade","248082"
4.927187,51.33076,14.3,"facade","248094"
4.153709,50.99686,20.1,"facade","248100"
3.153062,51.13075,21.5,"facade","248103"
3.453928,51.0688,26.5,"facade","248115"
4.366208,50.73665,16.3,"facade","248118"
4.579539,51.1294,22.7,"facade","248121"
4.654765,51.02107,21.1,"facade","248124"
4.556268,51.13716,25.4,"facade","248130"
4.103081,50.92101,19.3,"facade","248133"
4.648049,51.18811,24,"facade","248136"
5.07864193412999,51.177916215386,16.1,"facade","248148"
4.247626,50.73504,25.1,"facade","248154"
4.411584,51.19999,42.9,"facade","248157"
2.681699,50.91526,20.5,"facade","248181"
4.391999,51.20007,40.6,"facade","248196"
4.248137,50.83748,22.8,"facade","248202"
5.281506,50.96739,18.2,"facade","248208"
5.346362,50.93058,24.6,"facade","248211"
4.640556,51.10487,18.7,"facade","248229"
4.4826,51.02473,25,"facade","248238"
5.423738,51.21361,25.1,"facade","248262"
3.104453,50.96432,20.4,"facade","248265"
4.961925,51.32144,23.6,"facade","248268"
5.34538,50.80252,17.6,"facade","248271"
3.706125,51.02959,26.8,"facade","248283"
3.565377,50.97766,20.5,"facade","248289"
3.710909,51.02237,26.5,"facade","248295"
5.07219793475525,51.2524329068645,17.3,"facade","248316"
4.887849,50.90989,16.6,"facade","248322"
3.200006,50.83119,21.6,"facade","248325"
4.370605,50.90464,22.6,"facade","248343"
4.619526,50.89415,18.6,"facade","248349"
3.773573,50.90503,20.5,"facade","248352"
4.386643,51.05119,21,"facade","248364"
5.256484,51.12719,22.6,"facade","248367"
4.878569,51.0576,15.6,"facade","248382"
3.555855,50.82997,20,"facade","248385"
5.509158,50.90282,17.8,"facade","248388"
4.420955,51.30464,21,"facade","248394"
3.014092,50.97471,29.3,"facade","248415"
3.912085,50.75647,18.8,"facade","248421"
4.934921,51.30955,17.7,"facade","248430"
3.728616,51.06091,27.6,"facade","248466"
3.136551,50.99978,19.4,"facade","248469"
4.657456,51.11979,17.8,"facade","248478"
4.2996,51.06916,25.1,"facade","248502"
4.548135,51.05733,24.7,"facade","248508"
3.872846,51.1787,19.7,"facade","248511"
3.289802,50.94441,26.9,"facade","248541"
3.758535,51.09546,27.2,"facade","248544"
4.438488,51.21191,37.9,"facade","248565"
4.206052,50.91005,20.1,"facade","248574"
3.205761,50.88146,21.1,"facade","248583"
3.719642,51.0284,28.1,"facade","248592"
3.012308,50.97947,19.5,"facade","248604"
4.676493,51.16417,23.8,"facade","248613"
5.72671,50.98947,18.8,"facade","248619"
5.129079,50.77995,17,"facade","248628"
4.688087,50.82776,14.2,"facade","248640"
4.532239,50.92475,18.8,"facade","248643"
2.722538,50.85234,19.7,"facade","248655"
5.22746,51.03364,20.7,"facade","248661"
2.830303,50.78844,15.3,"facade","248664"
4.3927,51.18552,34.8,"facade","248670"
4.376825,51.17557,29.5,"facade","248685"
3.215081,51.0993,21.5,"facade","248688"
4.42768,51.18377,29.5,"facade","248691"
5.651097,50.89158,21.8,"facade","248697"
4.239345,50.73165,39,"facade","248706"
4.140454,50.98799,19.1,"facade","248709"
3.24765977491077,51.1990017614956,23.3,"facade","248712"
4.56807,51.01705,17.7,"facade","248718"
4.974536,51.15246,37.7,"facade","248727"
3.461303,50.93551,17.1,"facade","248730"
4.455922,51.16485,25.3,"facade","248736"
3.327504,50.89855,19.4,"facade","248757"
4.915168,51.22739,24,"facade","248760"
4.098296,50.84697,20.9,"facade","248775"
5.340055,50.93396,42.5,"facade","248778"
4.450775,51.15405,22.4,"facade","248781"
3.784251,51.08292,26.6,"facade","248790"
4.70461344034774,50.8823299711897,24.6,"facade","248793"
3.6087677285644,50.8898560831869,17.5,"facade","248811"
4.13901,51.16093,32.8,"facade","248814"
3.705544,50.85641,16.2,"facade","248817"
3.580904,51.17202,19,"facade","248820"
4.854449,51.31942,35.7,"facade","248826"
3.077382,50.80804,21.3,"facade","248829"
4.034631,51.06906,25.3,"facade","248841"
4.443213,51.17122,27.8,"facade","248850"
5.376692,51.0321,63.1,"facade","248862"
4.641722,50.94881,24.9,"facade","248865"
4.437619,51.19563,31,"facade","248868"
5.343439,50.93629,21.3,"facade","248898"
5.455748,50.92836,27.5,"facade","248904"
3.190315,51.20112,27.6,"facade","248907"
4.936655,51.0295,14.8,"facade","248922"
5.148299,51.04138,16.3,"facade","248934"
4.76455,51.20359,19.9,"facade","248940"
3.714182,51.05772,25.6,"facade","248943"
3.70899,51.06529,49,"facade","248967"
4.467464,50.97104,21.9,"facade","248970"
4.984965,51.20734,15.8,"facade","248973"
4.364883,51.08515,29.7,"facade","248988"
3.831694,51.06084,26.4,"facade","248997"
3.594986,50.85213,41.6,"facade","249000"
4.710249,51.03386,17.6,"facade","249012"
4.450082,51.15169,23,"facade","249024"
3.761369,51.07959,27.7,"facade","249027"
4.313156,51.08374,23.1,"facade","249033"
4.983251,51.15996,17.9,"facade","249039"
5.102325,51.0215,14.7,"facade","249042"
4.679195,50.90586,29.9,"facade","249045"
4.365429,51.185,30.8,"facade","249048"
4.920618,50.98937,14.7,"facade","249051"
5.428641,51.22515,24.5,"facade","249057"
4.353952,51.1831,27,"facade","249063"
3.74825718328984,51.0536643354015,30.3,"facade","249066"
4.694885,50.90586,20.6,"facade","249072"
3.33026309485013,51.0023345338181,25.3,"facade","249084"
3.56546,50.9215,19.5,"facade","249087"
4.683905,51.18975,19.6,"facade","249090"
4.405069,51.22154,47.9,"facade","249093"
4.169464,50.87315,22.8,"facade","249105"
3.759275,51.09361,27,"facade","249111"
5.428944,51.22499,25.8,"facade","249120"
5.316945,50.8759,16.7,"facade","249129"
3.740214,51.03885,28.1,"facade","249141"
2.727402,50.85513,26,"facade","249150"
4.345069,51.20136,34,"facade","249159"
4.380927,51.13969,30.4,"facade","249180"
4.72212512491527,50.8729239447618,22.4,"facade","249183"
3.200599,51.20288,24.3,"facade","249186"
3.717825,51.00451,32.6,"facade","249198"
4.690212,50.92201,20.1,"facade","249204"
5.258965,50.87638,15.6,"facade","249213"
4.727843,50.89928,22.7,"facade","249216"
3.62830058604755,51.0714753321307,18.9,"facade","249228"
4.966013,51.02468,13.9,"facade","249234"
4.40994933462361,50.9271132316791,24.6,"facade","249240"
4.4847,51.02095,42,"facade","249246"
4.139552,51.03358,18.3,"facade","249252"
4.902928,51.00413,16.6,"facade","249261"
4.47265330751769,51.0554589974605,26.6,"facade","249276"
5.62843,50.87796,22.3,"facade","249279"
4.668298,50.9219,16.3,"facade","249294"
4.106305,51.02098,21.5,"facade","249297"
4.420997,50.92952,27.2,"facade","249300"
4.720707,50.87004,22.6,"facade","249309"
3.986692,51.12768,16.9,"facade","249318"
4.459845,50.86023,24.1,"facade","249330"
4.149486,50.80618,19.9,"facade","249339"
4.54404943783791,51.2237897050882,31.6,"facade","249345"
4.594617,50.78219,16.9,"facade","249357"
3.812218,51.03897,21.1,"facade","249366"
2.717909,51.14581,19.6,"facade","249399"
3.54122569613117,51.1709067528219,24.2,"facade","249405"
3.961715,50.80907,18.4,"facade","249408"
4.935332,50.9422,15.6,"facade","249417"
4.62975,50.92614,19,"facade","249438"
3.392977,51.04178,21.2,"facade","249450"
4.066999,50.9715,28.1,"facade","249453"
4.973923,50.98123,15.8,"facade","249474"
5.394573,50.85483,18.5,"facade","249480"
3.239792,51.17602,17.8,"facade","249501"
4.664923,50.86907,18.7,"facade","249519"
4.606071,50.76729,14.4,"facade","249525"
3.67141,51.12685,21.9,"facade","249537"
4.476621,51.34537,16.7,"facade","249543"
3.465044,51.07922,18.2,"facade","249552"
4.474809,51.02312,39.1,"facade","249564"
4.643024,50.86837,22.7,"facade","249570"
3.712469,51.04102,25.9,"facade","249582"
3.714223,51.03536,34.5,"facade","249588"
3.236464,51.13731,21.7,"facade","249591"
4.86222,51.31855,16,"facade","249603"
4.971933,51.13635,18.8,"facade","249618"
4.471324,51.46545,30.1,"facade","249621"
4.462405,50.88871,26.4,"facade","249660"
4.258978,50.95432,24.4,"facade","249678"
4.381796,51.04931,22.3,"facade","249693"
3.710238,51.06314,32.6,"facade","249702"
4.426349,51.21864,34.5,"facade","249714"
3.297546,50.88168,21.3,"facade","249723"
4.785148,51.06678,18.1,"facade","249750"
4.130709,51.08546,21.3,"facade","249762"
4.600784,51.32749,24.9,"facade","249765"
4.728569,50.87295,20.5,"facade","249771"
4.738563,50.88059,19.7,"facade","249774"
4.414672,51.01476,22.5,"facade","249777"
5.689885,50.92792,17.3,"facade","249780"
5.435433,51.2005,17.2,"facade","249786"
2.91807,51.23342,30.4,"facade","249789"
4.432939,51.25603,34.5,"facade","249792"
5.792721,51.09009,24.8,"facade","249795"
4.418596,51.20845,36.7,"facade","249807"
4.089404,51.255,31.6,"facade","249810"
4.54989,51.11998,17.9,"facade","249825"
3.227724,50.86267,20.8,"facade","249828"
4.739393,50.91318,14.5,"facade","249831"
3.30258,51.32346,20.8,"facade","249843"
4.690361,50.88994,27.2,"facade","249846"
3.534468,50.99807,20.3,"facade","249852"
3.197917,50.97606,27.7,"facade","249855"
4.622096,50.81528,19,"facade","249858"
4.400844,51.21579,33.3,"facade","249861"
4.573907,50.75732,22.3,"facade","249870"
3.768745,51.04356,22.6,"facade","249876"
3.279135,50.82612,22.8,"facade","249888"
3.169507,51.19464,23.8,"facade","249897"
4.865414,51.10861,19.6,"facade","249900"
3.254132,51.13598,28.8,"facade","249906"
4.536703,50.77624,20.5,"facade","249909"
5.425699,51.13062,22.1,"facade","249921"
4.296987,51.01274,23.3,"facade","249924"
3.249508,51.19043,24.9,"facade","249939"
4.43012,51.31713,17.8,"facade","249951"
4.488306,51.02455,35.1,"facade","249960"
4.756144,50.96214,18.3,"facade","249978"
3.725686,51.02942,25.4,"facade","249981"
5.325619,50.93001,21.7,"facade","249984"
4.610364,51.00671,18.6,"facade","249990"
3.803869,51.05612,26.1,"facade","249993"
3.529822,50.97551,21.6,"facade","250002"
4.14702,51.16958,32.9,"facade","250011"
3.083339,50.97722,34,"facade","250014"
4.483387,50.78418,22.6,"facade","250020"
4.57512583727671,51.1423110875788,27.3,"facade","250023"
4.080863,51.09497,22.4,"facade","250026"
4.25833045916634,50.8410408240093,24.8,"facade","250032"
4.995467,51.24576,18.3,"facade","250044"
4.300619,51.22869,27.7,"facade","250047"
4.383084,51.2157,27.3,"facade","250053"
3.722653,51.05097,39.7,"facade","250062"
5.484802,50.79167,18,"facade","250077"
4.89252,50.77297,17.4,"facade","250080"
4.229383,50.74328,22.9,"facade","250086"
4.940074,51.0955,24.8,"facade","250101"
5.347618,50.95118,34.7,"facade","250110"
3.700627,51.10857,24,"facade","250116"
5.305314,50.87475,22.2,"facade","250125"
3.313475,50.83877,20.6,"facade","250137"
4.390051,51.26493,33.5,"facade","250140"
4.103293,50.84639,15.8,"facade","250149"
4.405081,51.22568,39.1,"facade","250155"
3.23422,51.19392,21.8,"facade","250164"
3.905572,51.03116,19.7,"facade","250179"
3.8464,50.80965,19,"facade","250185"
3.746099,51.05034,38.4,"facade","250215"
4.544949,51.05481,21.9,"facade","250224"
4.345904,50.74637,17.8,"facade","250230"
5.066401,51.08531,18.2,"facade","250233"
2.733381,50.85466,23.7,"facade","250239"
4.025874,50.82342,22.2,"facade","250251"
4.49951,50.77357,25.7,"facade","250254"
3.878894,51.00461,39,"facade","250260"
3.119657,50.8927,18.4,"facade","250272"
4.724933,51.07847,19.2,"facade","250281"
3.917184,50.81499,17.5,"facade","250287"
4.342811,51.20075,33.7,"facade","250290"
5.341891,50.80942,16.9,"facade","250302"
2.905732,51.21424,58.1,"facade","250314"
4.167288,50.82721,22.2,"facade","250320"
5.5353,50.97444,20,"facade","250326"
4.118816,50.80406,15.5,"facade","250332"
4.085872,50.87194,21,"facade","250338"
4.191673,50.97788,15.9,"facade","250341"
4.48045242880536,51.0624482492994,27.2,"facade","250356"
3.278132,50.8644,20.6,"facade","250362"
3.591932,51.28752,24.8,"facade","250371"
5.074704,51.1762,17.4,"facade","250377"
5.461464,50.78291,47,"facade","250383"
5.303406,51.04238,30.2,"facade","250398"
3.256238,50.82207,27.3,"facade","250401"
4.242047,50.73018,31.8,"facade","250404"
3.708499,51.0852,21.4,"facade","250413"
4.852305,51.17737,22.8,"facade","250440"
5.34276,50.96001,18.8,"facade","250452"
5.232433,50.81513,15.2,"facade","250455"
4.213241,50.86134,22.8,"facade","250479"
3.408527,50.96371,17.5,"facade","250485"
4.062974,51.04107,17.5,"facade","250488"
3.73679534218364,51.0228968706344,33.5,"facade","250494"
4.222322,50.98491,21.6,"facade","250500"
3.71567,51.0506,22.7,"facade","250509"
4.933444,51.09389,20,"facade","250512"
4.856622,50.9668,20.5,"facade","250515"
3.632602,51.09856,20.4,"facade","250524"
5.003851,50.81582,14.8,"facade","250530"
5.318539,50.91355,21.1,"facade","250539"
3.648253,50.90267,19.5,"facade","250551"
5.03781,50.79639,15.9,"facade","250572"
4.863712,51.31256,17.4,"facade","250581"
4.476767,51.03883,26.8,"facade","250587"
4.095088,50.95117,19.4,"facade","250590"
5.339681,50.92532,25,"facade","250593"
5.262155,51.08492,14.7,"facade","250599"
4.38027810016184,51.1442625347542,50.6,"facade","250620"
4.432084,50.86786,23.9,"facade","250635"
2.988106,51.07566,22.8,"facade","250644"
3.141325,50.92252,32.7,"facade","250647"
4.84782,51.17826,20.6,"facade","250650"
5.521179,50.76853,19.5,"facade","250659"
3.404609,50.84488,22,"facade","250677"
3.14651,50.93874,19.3,"facade","250683"
3.602414,50.74518,24.4,"facade","250686"
2.82022415952419,50.8813153607765,17,"facade","250701"
3.355092,50.82142,20.8,"facade","250707"
5.128156,51.31902,11.9,"facade","250719"
5.272468,50.98839,17.6,"facade","250728"
3.790979,50.91974,18,"facade","250740"
4.316396,50.90236,32.2,"facade","250743"
4.397214,51.08004,35.2,"facade","250749"
2.903403,51.21552,23.5,"facade","250764"
3.64587,50.86581,19.1,"facade","250776"
4.446083,51.19959,34.3,"facade","250782"
3.692116,51.0566,24.8,"facade","250785"
3.27970258796789,50.8253217340073,23.5,"facade","250788"
4.029841,51.21588,22.3,"facade","250794"
3.061265,51.12267,19.9,"facade","250797"
4.46587,51.17757,24.7,"facade","250800"
4.241445,50.86204,23.1,"facade","250803"
4.801487,50.96497,18.1,"facade","250824"
4.735373,50.99661,16.2,"facade","250833"
3.766755,50.99221,30.7,"facade","250845"
3.285166,50.84872,26.7,"facade","250860"
3.97532297386934,51.1045537604717,20,"facade","250863"
4.467595,51.02127,24.4,"facade","250866"
4.484289,50.94339,23.4,"facade","250908"
4.172965,51.29364,23.5,"facade","250917"
3.442496,51.09205,21,"facade","250935"
4.500811,51.29063,25.3,"facade","250938"
4.079958,50.83271,17.6,"facade","250944"
3.963502,51.11802,21,"facade","250947"
5.175201,50.90653,15.4,"facade","250953"
4.077722,51.20682,26.6,"facade","250962"
3.736068,51.04163,35.2,"facade","250965"
4.559991,51.26301,20.9,"facade","250974"
4.376635,51.23012,27.3,"facade","250992"
4.093966,51.03132,22.3,"facade","250998"
4.455923,51.21555,44.5,"facade","251004"
3.589284,50.91282,17.9,"facade","251010"
3.705272,51.04254,23,"facade","251019"
4.658298,51.11369,19.4,"facade","251022"
4.886401,50.94576,15.8,"facade","251025"
3.339899,50.81362,30.3,"facade","251031"
4.415574,50.90942,46.4,"facade","251037"
4.873492,50.77283,15.2,"facade","251040"
3.24512,51.23645,20.3,"facade","251043"
4.464693,51.17686,22.3,"facade","251046"
3.380939,50.86072,28.8,"facade","251055"
4.234954,50.88816,23.5,"facade","251058"
4.689576,50.85997,20.8,"facade","251061"
4.302275,50.91085,22.2,"facade","251064"
5.03623829424358,50.9797945295244,17.9,"facade","251073"
3.947372,51.07882,20.5,"facade","251097"
4.924642,51.30718,22.5,"facade","251112"
4.838892,50.81127,20,"facade","251130"
4.470082,51.15309,24.9,"facade","251136"
3.408947,50.80543,18.6,"facade","251139"
3.778089,50.88271,17.9,"facade","251154"
3.264372,50.76227,19.9,"facade","251157"
4.331434,51.11921,24.5,"facade","251160"
4.598269,50.96627,17.5,"facade","251175"
4.47788,51.03774,27.2,"facade","251178"
4.645121,51.23998,29.4,"facade","251184"
4.523336,50.83625,15.5,"facade","251190"
4.983266,51.16979,20.2,"facade","251193"
4.916556,50.78133,20.4,"facade","251199"
3.876503,50.92099,19.2,"facade","251208"
4.011885,51.11058,23.1,"facade","251211"
3.644716,51.28355,20.9,"facade","251223"
3.280748,50.80976,23.9,"facade","251238"
4.039219,51.06635,23.9,"facade","251247"
5.308832,51.08115,13.8,"facade","251253"
4.716508,50.91727,20.1,"facade","251265"
4.407988,51.20757,31.3,"facade","251268"
4.377533,51.18674,34.4,"facade","251274"
3.26998,50.82154,26,"facade","251280"
4.648584,50.83146,12.9,"facade","251301"
2.979207,51.03631,18.5,"facade","251304"
4.179167,51.28771,20.7,"facade","251316"
5.48879172865401,50.9758556589318,24.1,"facade","251322"
3.276647,50.82959,22.6,"facade","251325"
5.108778,50.8281,14.4,"facade","251328"
4.763198,51.42087,16.1,"facade","251334"
5.066415,50.88336,16.6,"facade","251337"
4.626465,51.05828,17.3,"facade","251340"
4.157107,50.87557,27.9,"facade","251346"
4.696943,50.92989,21.3,"facade","251355"
5.252168,50.82462,14.4,"facade","251364"
4.304694,51.15343,21.8,"facade","251370"
4.507154,50.96639,19.8,"facade","251373"
3.665121,50.94116,17.8,"facade","251376"
4.187597,51.02897,29.6,"facade","251382"
5.575571,50.80277,15.8,"facade","251388"
4.462572,50.92786,24.8,"facade","251391"
5.458822,50.92435,19.9,"facade","251400"
4.853804,51.17984,19,"facade","251403"
4.400384,51.21548,32.2,"facade","251406"
3.67247,51.12929,25.8,"facade","251412"
4.409257,51.21027,48.1,"facade","251415"
4.447345,51.11989,22.2,"facade","251427"
4.449214,51.29141,19,"facade","251436"
5.241808,51.11804,14.2,"facade","251439"
5.202805,51.01202,21,"facade","251448"
4.46061798968451,51.0316495223813,27.5,"facade","251451"
4.723211,50.86694,20.9,"facade","251457"
4.023998,50.82596,18.9,"facade","251469"
4.516192,50.85952,20.5,"facade","251487"
3.610413,51.01491,17.8,"facade","251502"
5.281613,51.0416,24,"facade","251508"
3.602778,51.02614,22.4,"facade","251520"
4.740847,50.87332,17.8,"facade","251526"
2.99256,50.94748,14.8,"facade","251535"
3.260378,50.82904,26.9,"facade","251538"
4.499613,51.00028,19.1,"facade","251541"
4.865111,50.83077,19.2,"facade","251544"
4.323077,51.35989,23.2,"facade","251547"
3.212391,50.90814,23.4,"facade","251562"
4.402908,51.10863,23.5,"facade","251565"
3.999581,51.01894,20.5,"facade","251571"
5.450189,50.96553,17.5,"facade","251577"
4.632984,50.97741,24.1,"facade","251580"
4.958082,51.32521,17.3,"facade","251595"
4.492449,51.19367,28.2,"facade","251601"
4.305584,50.73082,16.6,"facade","251604"
4.742396,50.98008,17.2,"facade","251607"
3.217052,51.17405,22.6,"facade","251610"
3.79794,51.05748,24.5,"facade","251613"
5.496955,50.88698,18.7,"facade","251625"
4.118385,51.15841,19.6,"facade","251628"
4.319879,51.00778,26.5,"facade","251640"
4.572068,51.13504,25.1,"facade","251643"
3.938025,50.96991,17.8,"facade","251661"
4.105004,51.02014,19.6,"facade","251670"
3.769424,51.01714,24.2,"facade","251679"
3.29574,51.14235,21.2,"facade","251685"
4.897691,50.79849,21.1,"facade","251691"
4.775751,50.89992,13,"facade","251697"
3.872469,51.04206,22.5,"facade","251715"
5.042535,51.45013,19.3,"facade","251736"
3.724384,51.04403,33.3,"facade","251742"
4.533359,51.01862,15.7,"facade","251751"
4.745435,50.91624,17.6,"facade","251754"
3.593384,50.73513,15.8,"facade","251757"
3.536279,51.07086,22.6,"facade","251760"
5.809323,51.14783,28,"facade","251769"
5.112693,50.88509,20.4,"facade","251778"
4.495992,51.25251,31.2,"facade","251784"
4.521376,51.24139,19.3,"facade","251799"
3.680996,50.99262,21,"facade","251802"
3.71582754273956,51.0409314785255,29.5,"facade","251805"
4.643416,51.34812,23.3,"facade","251808"
3.176364,51.19639,25.3,"facade","251817"
3.727714,51.0909,28.7,"facade","251820"
4.671508,50.95679,15.5,"facade","251826"
3.232085,51.20727,26,"facade","251835"
5.097256,51.17851,17.7,"facade","251841"
3.696516,50.94388,18.8,"facade","251847"
3.789359,51.05488,22.8,"facade","251850"
4.361708,50.92649,19,"facade","251865"
4.791548,51.10799,25.7,"facade","251871"
4.721228,51.01424,17.4,"facade","251877"
4.024719,50.94232,26.9,"facade","251880"
3.086202,51.18267,23.3,"facade","251892"
3.978643,50.9331,18.3,"facade","251895"
4.052441,50.85589,31.3,"facade","251898"
4.303012,50.9122,22.7,"facade","251901"
2.736713,50.84769,18.3,"facade","251904"
2.868484,51.03612,16,"facade","251922"
3.218194,51.20445,33.5,"facade","251928"
3.731258,51.02742,26.2,"facade","251934"
4.75907,50.90317,14.3,"facade","251940"
5.752164,51.06859,27.9,"facade","251946"
4.495588,51.16063,25.3,"facade","251955"
4.696809,50.99491,23,"facade","251964"
4.559791,51.17852,20.6,"facade","251967"
2.979853,51.19528,20.3,"facade","251976"
5.306465,50.81344,13.5,"facade","251988"
4.450221,50.92613,31.4,"facade","251991"
4.917324,50.98759,15.3,"facade","251997"
5.021085,50.96686,19.3,"facade","252000"
4.716407,51.00645,16.2,"facade","252003"
5.29766619842693,51.2342977705356,16.2,"facade","252006"
5.585521,50.91087,14.5,"facade","252009"
3.352765,50.86051,18.2,"facade","252012"
4.984628,51.20714,15.4,"facade","252015"
4.926357,51.32511,17.1,"facade","252021"
3.236963,51.21124,27.2,"facade","252024"
3.185229,51.17189,19.7,"facade","252027"
3.513583,50.79011,18.1,"facade","252033"
4.42825,51.1975,41,"facade","252051"
4.357139,51.17402,39.6,"facade","252063"
4.407026,51.17945,27.9,"facade","252075"
4.146362,51.16008,19.5,"facade","252087"
4.322052,51.22114,26.4,"facade","252093"
4.32705,50.94747,21.9,"facade","252111"
4.92236,51.3394,23.4,"facade","252114"
4.832941,50.98491,18.7,"facade","252117"
4.989027,51.00547,26.3,"facade","252150"
3.775735,51.17531,22.7,"facade","252162"
4.223936,50.72892,29.1,"facade","252168"
3.541325,51.0171,20.9,"facade","252174"
4.841136,51.31853,17.1,"facade","252183"
4.416256,51.21649,59.4,"facade","252189"
4.096978,50.88624,25.7,"facade","252192"
3.708571,51.00622,21.3,"facade","252198"
4.468341,51.02585,25.8,"facade","252219"
5.217316,51.19525,17.1,"facade","252243"
3.594527,50.90148,18.2,"facade","252246"
4.990425,51.15659,22.8,"facade","252249"
4.584564,51.1588,18.8,"facade","252252"
4.447302,51.15695,24.6,"facade","252255"
4.719758,50.88528,28.1,"facade","252267"
3.305985,51.1411,18.3,"facade","252270"
3.801746,51.02486,24.1,"facade","252276"
4.813908,51.2287,14.4,"facade","252294"
4.452981,51.2888,20.9,"facade","252303"
4.37637,51.2213,26.6,"facade","252321"
5.329017,50.92989,24.1,"facade","252324"
3.302274,50.84565,20.3,"facade","252327"
5.139592,51.17176,15.5,"facade","252339"
4.76107,50.86708,16.5,"facade","252342"
3.735767,51.00051,27.1,"facade","252351"
4.69688,51.0092,14,"facade","252354"
4.874501,51.26453,18.5,"facade","252369"
4.556405,50.99131,19.3,"facade","252375"
3.277788,50.8489,20.8,"facade","252381"
3.138876,50.93384,22.5,"facade","252390"
5.512093,50.95862,18.5,"facade","252393"
2.702517,51.13868,18.9,"facade","252402"
4.94947382939198,51.0090856584819,17.5,"facade","252411"
4.004899,50.81777,18.1,"facade","252414"
5.263427,51.11701,25.8,"facade","252432"
4.384377,51.16749,33.6,"facade","252441"
2.888888,50.84886,23.4,"facade","252444"
3.610316,51.21563,21.1,"facade","252453"
5.076651,50.75219,16.4,"facade","252483"
3.708124,51.05807,21.8,"facade","252486"
4.773375,50.8907,18.1,"facade","252489"
4.087764,51.11424,22.3,"facade","252495"
4.49605,51.09896,23.1,"facade","252498"
5.108596,51.18492,22.3,"facade","252510"
5.046347,51.04381,14.7,"facade","252513"
4.435589,51.31534,19.7,"facade","252516"
4.697783,51.301,18.7,"facade","252531"
4.188177,50.90426,22.6,"facade","252558"
4.959448,51.01527,15,"facade","252561"
3.412797,50.96761,23.4,"facade","252573"
5.456212,50.97286,18.9,"facade","252579"
5.177958,50.8116,20.3,"facade","252588"
3.351259,50.85338,35.7,"facade","252591"
3.74326,51.03909,30.5,"facade","252594"
4.468686,51.03221,26.5,"facade","252597"
3.768167,51.0556,24.1,"facade","252609"
5.045788,51.45064,18.9,"facade","252621"
3.251071,50.82173,26.4,"facade","252627"
4.202631,51.05344,19.9,"facade","252630"
2.97823366549285,51.1623097455351,23.5,"facade","252636"
4.466263,51.01874,26.7,"facade","252651"
4.088627,50.86548,19.3,"facade","252654"
4.383844,50.97059,19.3,"facade","252660"
3.271306,51.10532,20.5,"facade","252666"
4.417257,51.19652,31.8,"facade","252690"
5.207802,50.94656,20.2,"facade","252693"
4.392927,51.16903,32.9,"facade","252696"
3.646413,50.98821,21.1,"facade","252714"
4.032473,50.93799,30.1,"facade","252717"
4.694016,50.92078,18,"facade","252720"
3.407647,50.8891,21,"facade","252723"
3.649369,50.99362,18.9,"facade","252726"
3.713963,51.04407,30.2,"facade","252738"
5.463025,50.92167,18,"facade","252750"
4.753621,50.96516,15.6,"facade","252756"
3.749219,51.03895,26.1,"facade","252792"
4.999046,50.97014,17.8,"facade","252810"
2.71835085684957,50.8553247676751,21.9,"facade","252819"
4.329728,51.0332,24.9,"facade","252825"
3.071853,51.21546,22.7,"facade","252828"
4.0963265827883,50.846316764173,17.8,"facade","252867"
3.680737,50.94778,26.7,"facade","252870"
3.203296,51.19175,25.3,"facade","252873"
4.459638,51.02518,23.5,"facade","252882"
4.002129,51.02587,31.3,"facade","252891"
4.100836,50.9499,21.5,"facade","252894"
4.429349,51.16879,25.7,"facade","252903"
3.57503,50.93378,16.5,"facade","252909"
4.448156,51.13111,27.3,"facade","252927"
4.558007,50.94935,18.8,"facade","252936"
4.528645,50.76619,20,"facade","252939"
4.070986,51.20401,26,"facade","252942"
4.449413,51.2132,48.2,"facade","252945"
4.157643,51.12526,23.5,"facade","252951"
3.77624,50.77464,14.9,"facade","252960"
3.748641,51.01432,23.4,"facade","252969"
4.310438,51.35784,24.8,"facade","252975"
4.391762,51.23101,28.6,"facade","253002"
4.397331,50.94518,24.8,"facade","253014"
5.355198,50.92993,20.6,"facade","253023"
3.87273353357168,51.0772813732339,21.4,"facade","253026"
4.457965,51.21098,40.3,"facade","253032"
3.662028,50.84158,16.6,"facade","253035"
3.4709,50.9337,21.1,"facade","253038"
5.322621,50.83576,15.8,"facade","253041"
4.691193,51.06518,17.2,"facade","253050"
3.70947,51.01905,28.5,"facade","253053"
3.822365,51.15453,24.6,"facade","253056"
4.03676,51.06987,26,"facade","253059"
5.570654,50.87964,16.7,"facade","253062"
4.068064,50.96574,19.6,"facade","253065"
3.940484,50.98384,15.3,"facade","253068"
4.16602,50.85291,22.9,"facade","253077"
3.219973,51.18622,25.2,"facade","253104"
4.223345,50.709,20,"facade","253113"
4.281199,50.89108,23.7,"facade","253116"
3.788126,50.93842,20.5,"facade","253125"
4.947419,50.81501,15.3,"facade","253128"
3.8067,51.06472,22.8,"facade","253134"
3.118406,50.79648,37.8,"facade","253137"
4.443892,51.45557,17.6,"facade","253146"
4.865093,51.12584,19.3,"facade","253152"
5.391292,50.80472,16,"facade","253164"
4.439537,51.24538,26.8,"facade","253182"
4.5541181902041,51.2142461489246,23.6,"facade","253200"
3.561308,50.98284,24.8,"facade","253206"
4.140081,51.09385,31.5,"facade","253212"
4.659609,51.00235,15.9,"facade","253227"
4.678403,51.26473,15.8,"facade","253230"
4.286124,50.87625,37.4,"facade","253233"
3.986997,50.82846,19.7,"facade","253236"
4.206182,51.09304,17.8,"facade","253251"
4.357147,50.75788,17.5,"facade","253260"
4.504147,51.25584,26.6,"facade","253263"
3.755276,51.05296,27,"facade","253296"
3.567434,51.00264,20.3,"facade","253308"
4.52736107908604,50.7492170676545,22.4,"facade","253317"
4.483346,51.01976,42.2,"facade","253323"
4.309778,51.1717,29.4,"facade","253335"
4.317307,51.22214,27.9,"facade","253338"
3.75983390885995,51.0723358380517,26,"facade","253341"
3.183328,51.15836,20.4,"facade","253353"
3.95491,50.92066,20.7,"facade","253368"
4.417207,51.16502,29.7,"facade","253398"
3.240772,51.1537,23.9,"facade","253407"
4.86354037357451,51.3243644031113,15,"facade","253419"
4.020637,51.20259,18.3,"facade","253428"
4.270782,51.13411,22.5,"facade","253449"
3.069273,50.89594,18.1,"facade","253455"
4.50309,51.00765,18.6,"facade","253461"
5.384477,51.06258,19,"facade","253467"
4.265907,50.80336,20.7,"facade","253473"
5.344815,50.88855,17.5,"facade","253482"
4.430101,51.32244,17.3,"facade","253500"
3.67338,51.14761,20.6,"facade","253503"
2.851263,50.89632,19.9,"facade","253518"
3.617976,50.87601,20.2,"facade","253524"
3.984327,50.97961,20.7,"facade","253530"
4.475587,51.29419,19.4,"facade","253536"
2.699018,51.13807,18.5,"facade","253539"
3.16802,50.80787,19.2,"facade","253548"
4.497592,51.16359,31.3,"facade","253551"
4.17256,51.1965,27.4,"facade","253566"
4.325274,50.95689,20.4,"facade","253578"
3.703286,51.05341,29,"facade","253584"
4.134053,51.09032,23.3,"facade","253587"
3.955127,50.97048,19,"facade","253614"
5.086084,50.76727,15,"facade","253647"
3.834743,51.09801,19.9,"facade","253659"
4.772191,50.90406,18,"facade","253668"
5.172435,50.9819,16.7,"facade","253674"
4.790051,51.39838,16.8,"facade","253683"
4.360406,51.17568,30,"facade","253689"
4.466898,51.16705,24.1,"facade","253692"
4.503127,51.25414,29.8,"facade","253743"
3.536467,50.96931,27.4,"facade","253749"
4.622543,50.89907,19.3,"facade","253755"
4.892966,51.00439,14.2,"facade","253770"
2.860763,51.20639,24.8,"facade","253797"
3.769317,51.07973,24.5,"facade","253809"
3.758085,50.96376,21,"facade","253812"
4.874869,51.21181,12.9,"facade","253821"
4.347125,50.91168,29.8,"facade","253836"
5.270359,51.02777,28.8,"facade","253839"
5.348063,50.92414,23.9,"facade","253851"
4.00157,51.09878,19.9,"facade","253860"
3.606048,51.09721,22,"facade","253869"
5.73662178786711,50.9973310596161,16.6,"facade","253872"
4.44606,51.16996,27.6,"facade","253875"
5.369149,51.03392,16.1,"facade","253878"
3.7703,51.08545,24.7,"facade","253881"
3.131685,50.85617,18.6,"facade","253884"
3.112822,50.95051,25,"facade","253893"
5.342251,50.76183,14,"facade","253896"
3.186266,50.81402,32.1,"facade","253905"
3.195187,51.22422,22.8,"facade","253911"
4.172602,50.80336,13.8,"facade","253920"
2.92407,51.20888,23.7,"facade","253923"
3.734849,51.05861,36.2,"facade","253935"
3.198597,51.18131,22.3,"facade","253944"
4.78394,51.20398,16.1,"facade","253956"
2.92571,50.82114,18.3,"facade","253959"
3.06802978712573,50.8862044756573,19.8,"facade","253965"
4.189991,50.91647,34,"facade","253968"
3.537838,50.98298,22.7,"facade","253980"
4.094913,50.74112,19.6,"facade","253986"
3.025355,51.13347,18.6,"facade","254007"
4.297631,50.79071,31.6,"facade","254010"
3.356324,50.95419,18.5,"facade","254013"
4.2611,50.99495,19.4,"facade","254016"
4.215332,50.97521,22.1,"facade","254019"
4.643661,50.90393,18.5,"facade","254028"
3.289115,51.3442,33.9,"facade","254034"
3.21655648198687,50.818252204698,24.5,"facade","254043"
4.817021,51.15929,28.5,"facade","254046"
4.448311,51.17891,24.6,"facade","254061"
3.3496,50.81579,18.5,"facade","254070"
4.146275,51.26093,27.5,"facade","254076"
3.223608,50.7984,20.6,"facade","254079"
4.520244,50.88109,20.5,"facade","254094"
4.528782,50.76118,19,"facade","254100"
4.478925,51.04469,21.3,"facade","254115"
3.152204,50.9323,28.9,"facade","254127"
4.412092,51.23104,43.5,"facade","254133"
4.748086,51.29953,21,"facade","254154"
4.723477,51.18973,24.4,"facade","254160"
4.719438,50.89951,21.4,"facade","254169"
4.507154,50.96355,20.2,"facade","254181"
4.453788,51.13564,21.2,"facade","254187"
4.224624,50.81479,19.7,"facade","254193"
4.342623,50.73872,18.3,"facade","254196"
3.973878,50.72926,17,"facade","254208"
2.99851088397218,51.1828144127053,18.6,"facade","254217"
3.023983,51.26066,23.9,"facade","254247"
4.387245,51.10825,22.2,"facade","254250"
3.248071,51.21088,22.5,"facade","254265"
4.432814,51.18536,31.9,"facade","254271"
3.661856,51.10187,20.2,"facade","254280"
4.815176,50.98971,20.6,"facade","254289"
4.605959,50.77096,17.2,"facade","254295"
4.398607,51.14437,29.2,"facade","254301"
5.303664,50.93533,22.7,"facade","254310"
3.290331,50.8006,20.8,"facade","254313"
2.97604039249184,51.0925174072057,22.9,"facade","254325"
4.835453,51.00662,19,"facade","254328"
3.748652,51.02547,35.1,"facade","254331"
4.482597,51.16755,25.8,"facade","254337"
4.355055,50.91129,30.8,"facade","254349"
2.938979,51.09763,19.5,"facade","254364"
4.472729,50.88545,27.2,"facade","254373"
4.700113,50.87,22.5,"facade","254376"
5.650673,51.01569,14.6,"facade","254382"
3.010941,51.09605,19.3,"facade","254397"
3.347429,51.14113,17.1,"facade","254424"
2.887365,50.8503,25.2,"facade","254427"
3.483513,51.19757,19.4,"facade","254439"
2.88024296137641,51.2098172975949,23,"facade","254448"
4.216732,51.05249,18.4,"facade","254451"
3.901062,50.99979,17.2,"facade","254460"
3.844969,50.95937,18.7,"facade","254463"
5.471992,50.7799,51.4,"facade","254466"
4.256113,50.80057,19.8,"facade","254469"
2.657989,51.07682,21.5,"facade","254472"
4.921819,51.34285,15.9,"facade","254481"
4.470972,50.76854,23.7,"facade","254499"
3.853439,51.03149,22.4,"facade","254505"
5.46409,51.02659,17.9,"facade","254511"
5.279868,51.03252,42.2,"facade","254517"
4.471592,51.12675,21.2,"facade","254526"
5.085116,51.12964,16.6,"facade","254529"
4.401236,51.35479,17.8,"facade","254532"
5.249486,51.16254,15.3,"facade","254538"
3.988706,51.08363,22.3,"facade","254541"
3.12823267038777,51.0241836356709,21.5,"facade","254547"
5.509762,50.95847,17.3,"facade","254559"
4.003397,51.01124,18.1,"facade","254562"
3.654429,50.9885,18.7,"facade","254568"
4.486163,51.29381,21.6,"facade","254577"
3.37135865915066,51.2493269722409,18,"facade","254580"
3.260544,50.8311,20.1,"facade","254586"
5.0937408709679,51.0380519303604,18.7,"facade","254595"
5.370618,50.9489,19.7,"facade","254604"
2.730118,50.85649,19.6,"facade","254613"
4.142596,51.16483,29,"facade","254616"
4.970188,51.16482,20.8,"facade","254622"
4.676012,51.27683,15.7,"facade","254628"
2.768895,51.15486,20.4,"facade","254640"
4.666757,51.06324,23.6,"facade","254643"
4.46394,51.01297,31.8,"facade","254661"
5.471795,51.2494,16.1,"facade","254664"
3.578624,51.07312,24.1,"facade","254667"
3.689212,51.19177,24.9,"facade","254682"
4.673545,50.90614,24.9,"facade","254688"
3.930583,51.05839,20.2,"facade","254697"
4.083962,51.25261,25.1,"facade","254709"
3.08064781456443,50.9348831853975,17.7,"facade","254712"
2.795371,51.07314,20,"facade","254715"
4.530401,51.25892,16.6,"facade","254730"
4.031888,50.70239,18.9,"facade","254733"
4.5033,50.82871,22.7,"facade","254754"
3.512473,51.24128,21.1,"facade","254757"
4.565909,51.31108,26.4,"facade","254763"
4.147546,50.99523,20.7,"facade","254766"
4.086782,51.03196,22.5,"facade","254772"
4.52655420843179,51.0851684495177,20.3,"facade","254784"
4.576328,51.15914,18.6,"facade","254787"
4.731881,50.88029,18.6,"facade","254796"
5.354201,50.91765,20.1,"facade","254799"
4.44215,51.21729,45.2,"facade","254805"
4.286116,51.22723,27.4,"facade","254808"
4.252933,50.75866,22.7,"facade","254811"
5.580403,51.00497,17.9,"facade","254814"
4.124106,51.09846,33,"facade","254820"
4.839094,51.35635,19.9,"facade","254823"
3.990913,50.70046,16.4,"facade","254829"
4.553466,50.99509,16.3,"facade","254841"
3.523982,51.15122,24.7,"facade","254865"
5.769099,51.15694,16.6,"facade","254880"
4.983822,50.89234,14.8,"facade","254883"
4.437059,51.25073,26.6,"facade","254892"
4.642415,51.01437,16.4,"facade","254901"
4.057317,51.05786,24.7,"facade","254928"
3.88203,51.00132,26.5,"facade","254961"
2.59890089661482,51.0709621499924,22.3,"facade","254964"
3.975422,50.93291,17.7,"facade","254967"
3.701998,50.89977,18.4,"facade","254970"
3.732857,51.03767,31.1,"facade","254973"
3.115426,50.94896,24.4,"facade","254976"
5.500181,50.96098,20,"facade","254979"
5.169917,50.82697,16.3,"facade","255015"
3.146965,51.02535,25.6,"facade","255045"
3.527606,50.97042,19.6,"facade","255060"
3.271346,50.82838,25.9,"facade","255075"
5.083233,51.26657,23.7,"facade","255078"
3.727319,51.05743,29.7,"facade","255084"
5.235855,51.12044,19.1,"facade","255087"
3.157338,50.80291,25.4,"facade","255096"
4.408512,51.20636,35.2,"facade","255099"
4.237777,50.96945,18.7,"facade","255102"
4.406783,51.10161,22.9,"facade","255105"
2.832736,50.85887,18.8,"facade","255129"
5.195271,51.10859,14.4,"facade","255147"
5.222689,51.23807,16.3,"facade","255150"
4.084091,51.11122,19.5,"facade","255156"
3.450466,51.08805,22.2,"facade","255168"
3.517873,51.2035,20.2,"facade","255171"
5.103908,51.30668,19.2,"facade","255174"
4.706342,51.08182,19.7,"facade","255195"
4.959301,51.32262,19.5,"facade","255201"
4.250788,50.7254,27.7,"facade","255204"
3.42943,50.88941,31.3,"facade","255216"
4.203777,51.05496,25,"facade","255225"
2.753569,50.82367,18.2,"facade","255228"
2.867498,51.0271,18.5,"facade","255234"
2.985619,51.25008,22.9,"facade","255252"
5.326886,50.99452,15.9,"facade","255261"
4.189417,50.92757,17.3,"facade","255270"
3.899573,50.82005,15.7,"facade","255273"
4.375908,51.23149,27.7,"facade","255276"
3.238545,51.33693,29.7,"facade","255282"
3.059258,50.83018,18.5,"facade","255285"
5.512235,50.87803,18.2,"facade","255303"
4.495404,51.2957,24.1,"facade","255309"
3.451956,50.88461,21.4,"facade","255318"
3.114658,50.89001,20.3,"facade","255330"
4.161075,51.16572,26.8,"facade","255351"
4.700609,50.92699,18.8,"facade","255360"
4.41753616964886,51.0543862563474,20.7,"facade","255366"
4.546476,50.95405,19.5,"facade","255372"
4.532965,51.02712,17.7,"facade","255381"
3.052669,51.00062,20.3,"facade","255384"
3.144468,51.15217,16.9,"facade","255387"
4.627656,51.25667,18.4,"facade","255393"
4.330647,51.09021,22,"facade","255396"
4.80061,51.0752,18.8,"facade","255417"
4.46816080269891,51.1557356788858,23.1,"facade","255429"
5.060578,50.98788,18.5,"facade","255432"
4.187316,51.21865,28.3,"facade","255441"
3.004433,51.09331,18.5,"facade","255444"
4.384649,51.1113,23.3,"facade","255456"
4.742484,51.06149,18.2,"facade","255462"
4.843133,51.14071,20.5,"facade","255471"
4.460387,51.07963,22,"facade","255498"
4.919277,50.91604,17.4,"facade","255507"
4.511031,50.99418,17.7,"facade","255522"
3.760867,51.22518,22.1,"facade","255525"
5.058177,50.82213,18.8,"facade","255531"
4.999033,51.10801,18.6,"facade","255537"
3.148195,51.18741,18.6,"facade","255543"
3.710969,51.05514,24.5,"facade","255546"
4.149268,51.14115,22.6,"facade","255552"
4.24914,50.72376,24.6,"facade","255561"
4.280773,51.2187,28.8,"facade","255588"
4.235861,50.72419,23.5,"facade","255597"
4.3314481436015,51.2002259554062,30.8,"facade","255603"
4.713757,50.82451,16.2,"facade","255606"
4.211823,50.90384,32,"facade","255615"
5.115423,51.23471,19.9,"facade","255618"
3.844712,50.92886,17.9,"facade","255621"
4.474215,50.88838,32.8,"facade","255630"
3.328737,50.89889,20.8,"facade","255633"
4.531777,50.83642,19.6,"facade","255639"
2.897753,50.85751,20.3,"facade","255642"
5.337551,50.93818,24.8,"facade","255645"
2.684759,50.91493,17.4,"facade","255648"
4.076044,51.14959,19.2,"facade","255654"
3.106496,50.7991,20.7,"facade","255666"
4.918356,51.15858,18.6,"facade","255675"
4.150051,50.81428,14.6,"facade","255687"
4.894194,51.10894,17.4,"facade","255696"
2.793721,51.14307,18.9,"facade","255714"
3.562492,50.92137,19.3,"facade","255717"
3.02705358947935,51.0981689896246,25.8,"facade","255720"
3.669013,51.0135,20.3,"facade","255723"
5.105387,50.94327,18,"facade","255726"
3.410648,51.13888,33.8,"facade","255732"
3.96020190366213,51.1034921960971,17.9,"facade","255747"
3.195622,50.96242,18.8,"facade","255768"
5.318642,50.94854,23,"facade","255774"
4.45124,51.15143,25.7,"facade","255777"
3.50800316281547,50.8169339327427,18.5,"facade","255780"
4.092401,50.99842,21.3,"facade","255786"
3.166702,50.84434,19.7,"facade","255789"
3.543356,51.18997,21.4,"facade","255792"
3.315742,51.20789,19.7,"facade","255798"
3.34479,50.90721,23.7,"facade","255813"
4.474369,51.47223,18.7,"facade","255816"
4.639889,50.9751,27.5,"facade","255822"
5.445519,50.92318,17.7,"facade","255834"
4.494898,50.99332,18,"facade","255837"
3.723314,51.0033,36,"facade","255843"
4.257581,50.72239,24.7,"facade","255849"
4.402275,51.13511,23.3,"facade","255852"
4.549406,51.22919,20.3,"facade","255858"
4.431604,51.31095,21.3,"facade","255873"
3.330501,51.12959,29.2,"facade","255876"
3.537271,50.97724,24.3,"facade","255885"
5.217288,50.75359,14.8,"facade","255894"
4.456551,51.25435,35.2,"facade","255903"
4.417825,51.19758,32.1,"facade","255906"
3.590855,51.29311,21.7,"facade","255909"
4.448564,51.17025,39.9,"facade","255918"
4.41509,51.15735,29.9,"facade","255924"
3.72280606840084,50.863015668474,15.8,"facade","255933"
4.214141,50.86378,21,"facade","255957"
4.688359,51.14185,18.3,"facade","255960"
5.179596,50.8283,16.5,"facade","255972"
4.144687,51.17653,34.5,"facade","255984"
4.86443,50.77012,13,"facade","255987"
4.20267,51.01606,27.5,"facade","255993"
3.660944,50.99709,18.5,"facade","255999"
4.401566,51.2027,38,"facade","256017"
4.378793,51.05518,24.8,"facade","256023"
4.526505,51.25031,14.5,"facade","256026"
4.840229,51.14292,19.2,"facade","256029"
4.483691,50.8448,31.5,"facade","256032"
3.117215,50.82538,21.3,"facade","256038"
5.508459,50.97988,20.3,"facade","256053"
4.538126,50.93142,22.5,"facade","256065"
4.175952,50.78123,13.7,"facade","256068"
3.971441,51.18114,18.9,"facade","256080"
3.307069,50.85916,33.9,"facade","256086"
5.060515,51.02868,13.7,"facade","256089"
4.490602,51.04384,22.2,"facade","256092"
5.344223,50.94603,49.8,"facade","256101"
4.473812,51.14073,21.6,"facade","256104"
4.068796,51.06254,19.1,"facade","256110"
3.656606,50.90104,28.6,"facade","256116"
4.513239,51.25801,21.5,"facade","256119"
3.987874,51.08988,18.8,"facade","256122"
4.502693,50.96887,21,"facade","256125"
4.579239,51.00845,14.9,"facade","256134"
4.486061,51.20658,29.6,"facade","256146"
4.426824,51.16146,27.5,"facade","256149"
3.369199,50.84962,34.8,"facade","256155"
4.442975,51.13741,27,"facade","256158"
4.3082,51.01282,23.6,"facade","256167"
3.362681,51.12719,21.6,"facade","256173"
4.705549,50.8655,17.1,"facade","256176"
3.11916,50.99583,18.9,"facade","256182"
4.627694,50.81061,16,"facade","256197"
3.963914,51.14385,17.4,"facade","256200"
3.470826,50.83636,18.7,"facade","256203"
4.453233,51.23007,32.5,"facade","256221"
4.728326,51.00412,14.4,"facade","256230"
3.229827,50.80422,21.6,"facade","256233"
5.344894,51.23363,15.5,"facade","256242"
3.78219,50.94194,16.5,"facade","256248"
4.11509,51.02167,29.5,"facade","256260"
3.081921,51.1211,17.2,"facade","256278"
4.07439899200989,50.9450782934477,27.8,"facade","256284"
5.515797,51.1909,31.4,"facade","256290"
4.41114,51.19613,48.6,"facade","256314"
4.82011,51.17613,22.8,"facade","256320"
4.19386,50.90997,35.4,"facade","256329"
4.179095,50.74034,18.3,"facade","256338"
4.13372,50.93854,18.5,"facade","256341"
4.945734,51.30591,17.5,"facade","256350"
3.47330143672455,50.830608652831,19.2,"facade","256353"
4.969183,50.90213,15.9,"facade","256356"
4.019323,51.22681,17.4,"facade","256362"
4.403784,50.94008,18.6,"facade","256365"
3.670825,50.7742,16.4,"facade","256368"
3.749454,51.18945,22.6,"facade","256371"
4.444236,51.13541,40.5,"facade","256374"
3.59659,50.74241,17,"facade","256377"
4.075899,50.92244,22.1,"facade","256392"
4.132783,51.09544,21,"facade","256401"
4.166272,50.76097,25.2,"facade","256410"
4.099065,50.94972,16.9,"facade","256413"
4.083475,51.11978,25.7,"facade","256416"
3.364003,51.12432,19.3,"facade","256419"
4.720271,51.2752,16.8,"facade","256422"
3.693889,51.0364,21.7,"facade","256431"
3.738365,50.78321,15.5,"facade","256434"
4.040086,51.20188,33.7,"facade","256437"
3.874818,50.92269,18.6,"facade","256440"
3.654814,51.05566,19.4,"facade","256446"
4.031965,50.93012,31.6,"facade","256458"
5.655098,51.08144,14.5,"facade","256476"
4.40009045513893,51.0676704115748,19.9,"facade","256479"
4.425294,50.92985,26.9,"facade","256482"
3.10552,50.80707,18.6,"facade","256488"
3.654963,51.10338,21.6,"facade","256497"
5.514122,50.86833,22.7,"facade","256515"
4.402492,50.93526,19.4,"facade","256521"
3.244731,51.2183,22.7,"facade","256557"
2.974994,51.23291,24,"facade","256566"
3.232078,51.193,24.1,"facade","256572"
3.444044,51.23486,20.2,"facade","256587"
3.774273,51.17724,23.9,"facade","256593"
4.374578,51.09396,21.6,"facade","256599"
4.874402,51.30597,18.3,"facade","256611"
3.769937,51.04049,21.4,"facade","256620"
4.122603,51.02334,18.3,"facade","256623"
4.302708,50.95238,37,"facade","256638"
4.713996,50.91126,23.7,"facade","256641"
4.085692,51.19779,29,"facade","256650"
4.039576,50.93622,26.2,"facade","256659"
4.99809,51.16706,18.6,"facade","256671"
3.70421,50.99815,23.3,"facade","256674"
4.533885,51.31745,17,"facade","256677"
3.660013,51.10277,23,"facade","256680"
4.689959,51.30389,19.5,"facade","256689"
4.953288,51.31761,23.7,"facade","256692"
4.460822,50.9812,22.8,"facade","256695"
4.230462,50.95505,24.8,"facade","256707"
3.153155,51.02427,18.7,"facade","256716"
5.067897,51.32427,16,"facade","256725"
4.147705,51.14229,24.5,"facade","256734"
4.210564,51.13635,25.5,"facade","256746"
3.559097,50.83374,16.5,"facade","256749"
4.68178094835473,50.8987281795273,50,"facade","256752"
3.00692,51.01045,18.6,"facade","256755"
3.859076,51.04081,21.7,"facade","256764"
5.09398,50.80138,15.3,"facade","256767"
4.476052,51.29693,17.9,"facade","256773"
4.381251,51.1805,31.2,"facade","256776"
4.072895,50.88569,21.9,"facade","256791"
4.480939,51.02874,24.1,"facade","256803"
4.324055,50.93266,20.6,"facade","256815"
3.437355,51.10126,25,"facade","256818"
3.032771,51.13029,22.8,"facade","256830"
3.753921,50.88849,26.5,"facade","256842"
3.258432,50.92277,21.9,"facade","256863"
4.53248,50.87498,22.4,"facade","256866"
4.772178,50.95002,17,"facade","256872"
5.437844,50.91864,20.9,"facade","256887"
4.424058,51.28559,30.6,"facade","256893"
4.43498,50.9386,24.4,"facade","256920"
4.493623,51.18717,23.7,"facade","256926"
4.411937,51.22499,41.1,"facade","256941"
4.251366,50.86881,21.2,"facade","256944"
4.247836,50.75396,21.2,"facade","256950"
4.6909,51.0351,19.6,"facade","256953"
3.321102,50.85931,25.8,"facade","256962"
4.486883,51.15832,25.7,"facade","256965"
4.422195,51.22717,39.9,"facade","256977"
3.630312,51.00256,19.8,"facade","256998"
5.342836,50.9292,25.6,"facade","257001"
3.697877,51.03639,24.6,"facade","257007"
4.093964,51.19455,34.5,"facade","257010"
3.899008,51.0088,19.9,"facade","257013"
4.474676,51.39159,28.3,"facade","257019"
4.474466,51.19469,28.8,"facade","257031"
4.144484,51.1689,35,"facade","257043"
4.912295,51.16638,21.2,"facade","257049"
4.14459,51.18092,20.6,"facade","257052"
3.667425,51.04152,18.4,"facade","257055"
4.633736,50.7953,14.6,"facade","257058"
5.208903,50.78282,19,"facade","257061"
4.628963,50.75139,16.9,"facade","257064"
5.043301,51.03099,14.3,"facade","257070"
4.323662,51.07128,20.4,"facade","257073"
5.037932,51.11618,20,"facade","257076"
4.335174,51.10079,24.8,"facade","257079"
2.946021,51.08662,19,"facade","257082"
4.150865,51.03583,19.1,"facade","257088"
3.665129,51.02252,20.2,"facade","257091"
5.083456,50.72097,16.4,"facade","257094"
4.321305,51.21682,33.5,"facade","257100"
4.076141,50.84834,16.5,"facade","257109"
4.889952,51.16934,18.5,"facade","257115"
5.172517,50.82342,18.3,"facade","257118"
3.193781,50.82917,26.2,"facade","257130"
3.471161,50.80785,35,"facade","257151"
3.114196,50.95249,22.1,"facade","257160"
4.432674,51.28048,25.6,"facade","257166"
3.222272,50.80407,34,"facade","257169"
3.64310242144553,50.8429147457276,16.2,"facade","257172"
5.12458,51.19123,24.8,"facade","257181"
3.265131,50.85547,21.6,"facade","257184"
3.770712,50.93472,19.5,"facade","257202"
4.087845,51.07635,17.9,"facade","257208"
3.724427,51.13665,22.7,"facade","257217"
3.2074,51.21237,27.9,"facade","257220"
4.651701,50.8162,23.5,"facade","257223"
5.198308,51.11298,16.7,"facade","257226"
3.760455,51.04399,24.7,"facade","257232"
4.52793,50.81933,23,"facade","257244"
4.170587,50.94434,18.3,"facade","257247"
5.369489,51.11789,18.2,"facade","257250"
4.618093,51.28087,19.4,"facade","257271"
4.633047,51.3491,21.9,"facade","257274"
3.754433,50.96512,19.5,"facade","257277"
4.711699,50.86354,36.3,"facade","257280"
3.254023,50.84158,19.2,"facade","257292"
5.694093,50.96474,29.8,"facade","257316"
3.82211,50.84339,20.3,"facade","257322"
4.265648,50.94127,18.6,"facade","257334"
4.73804,50.88555,35.4,"facade","257337"
4.241738,51.01274,20.7,"facade","257355"
3.712861,50.89098,19.5,"facade","257358"
3.324843,50.99498,42,"facade","257361"
4.196326,51.12906,33.7,"facade","257367"
4.052368,51.02914,20.2,"facade","257370"
4.810478,51.0254,16.7,"facade","257373"
5.227976,51.11201,14,"facade","257376"
4.68516,50.88148,23,"facade","257382"
3.821049,50.8723,23.7,"facade","257394"
4.578997,51.32424,21.5,"facade","257403"
4.500478,51.12843,19.1,"facade","257415"
3.257501,50.82297,38.6,"facade","257421"
4.363072,50.99482,24.4,"facade","257430"
4.081965,50.74797,16.5,"facade","257439"
4.259635,50.99337,21.8,"facade","257442"
4.36782,50.90074,28,"facade","257445"
4.425048,51.13038,30.5,"facade","257451"
3.11707,50.96273,21.8,"facade","257469"
4.71792305216305,51.0813771455325,19.7,"facade","257475"
4.703485,50.8855,32,"facade","257487"
4.688085,51.21629,18.6,"facade","257505"
2.953968,50.91529,28.3,"facade","257514"
4.883253,51.37251,20.2,"facade","257517"
4.855281,51.3253,29.5,"facade","257526"
5.18506,50.82132,23.5,"facade","257538"
3.453306,51.22109,23.7,"facade","257544"
3.92608311818993,50.7996878855827,15.4,"facade","257553"
4.741143,50.90462,15.8,"facade","257556"
4.524717,50.95883,19.8,"facade","257559"
3.033248,51.13523,17.1,"facade","257574"
4.580813,51.24127,19.7,"facade","257580"
3.73696,51.05653,50.6,"facade","257589"
3.79825974738215,51.063766083498,22,"facade","257598"
5.098008,50.72124,16.3,"facade","257607"
4.740463,50.90432,17.6,"facade","257610"
3.06143,51.02412,20.9,"facade","257616"
4.06156619955699,51.0085406230471,36.8,"facade","257628"
3.95192,51.14539,24.5,"facade","257634"
3.942568,51.17335,19.2,"facade","257637"
4.527056,51.20358,23.2,"facade","257640"
5.216254,51.05912,17.4,"facade","257643"
5.302104,51.2211,17.6,"facade","257649"
4.08323,51.0952,20.6,"facade","257652"
3.11297,50.93882,22.6,"facade","257673"
5.635884,50.88296,33.2,"facade","257676"
4.382822,51.17106,34.8,"facade","257679"
5.2123,50.93759,15.8,"facade","257682"
4.283787,51.07594,31.1,"facade","257688"
4.47678,51.39538,17.9,"facade","257703"
3.13605,50.9484,24.7,"facade","257706"
5.193088,50.80745,17.6,"facade","257709"
3.996629,50.9729,19.5,"facade","257730"
4.205979,50.87358,22.9,"facade","257769"
4.750805,50.83088,16.5,"facade","257775"
4.612473,50.98394,19.4,"facade","257781"
4.679445,51.25964,14.7,"facade","257784"
4.172569,50.99333,24,"facade","257817"
4.993045,51.31266,15.7,"facade","257820"
4.569847,50.87705,21.3,"facade","257832"
4.584278,51.23207,29.5,"facade","257835"
3.101046,51.06219,29.1,"facade","257844"
4.446835,51.13603,33.1,"facade","257862"
4.397002,51.15688,29.8,"facade","257865"
5.248456,51.06777,13.5,"facade","257868"
3.778346,50.80713,25.2,"facade","257889"
4.405937,51.34981,21.9,"facade","257898"
3.734509,50.83064,18.3,"facade","257904"
4.20294,51.03328,23.7,"facade","257919"
4.506687,51.09764,43.3,"facade","257931"
4.464927,50.92835,29.1,"facade","257940"
4.48062174764844,51.0564273421272,29.4,"facade","257952"
4.438692,51.13053,30.4,"facade","257967"
5.092982,51.19946,18.9,"facade","257988"
4.519989,51.2247,22.3,"facade","257994"
3.274088,51.21495,19.7,"facade","258000"
3.975703,50.96391,20,"facade","258006"
4.90570478229005,50.8881159629557,14.9,"facade","258009"
4.446777,51.12998,27.1,"facade","258012"
5.545918,50.82761,16.5,"facade","258015"
4.581232,51.01481,24,"facade","258027"
5.313122,51.01734,18.5,"facade","258030"
5.276945,50.87483,17.9,"facade","258048"
4.45732725837288,51.2446070730762,25.9,"facade","258057"
4.468918,51.15832,20.2,"facade","258069"
4.031011,51.07567,23.8,"facade","258075"
4.749671,51.21452,17.2,"facade","258081"
3.038118,50.77874,22.8,"facade","258087"
4.563151,50.81665,18.7,"facade","258096"
5.04584,50.97884,24.6,"facade","258114"
4.628049,50.76615,17.4,"facade","258120"
4.433642,51.22536,39.3,"facade","258132"
4.493363,51.25432,26,"facade","258138"
4.336904,51.20113,36.1,"facade","258150"
2.678649,50.92391,17.8,"facade","258156"
3.658552,50.93847,18.9,"facade","258159"
5.251264,50.77525,19.1,"facade","258162"
4.756948,50.85239,16.7,"facade","258165"
4.105357,50.87985,20.5,"facade","258186"
4.722194,51.23736,19.5,"facade","258189"
3.702778,51.05879,31,"facade","258195"
5.318285,50.96268,16.5,"facade","258213"
3.879071,50.92519,24.3,"facade","258219"
3.272787,50.84008,24,"facade","258222"
4.14264,51.18907,21.6,"facade","258240"
3.5714,51.09856,19.2,"facade","258243"
4.092843,51.13742,21.1,"facade","258246"
4.865632,50.83575,17.6,"facade","258285"
3.503331,50.82653,16.2,"facade","258300"
4.641362,51.19757,27.3,"facade","258315"
3.65958,50.9987,20,"facade","258351"
3.42954,50.892,24.9,"facade","258366"
3.90695,50.93671,23.2,"facade","258384"
4.602098,51.21586,16.8,"facade","258393"
4.444532,50.96884,19.5,"facade","258396"
3.882842,50.77315,30,"facade","258402"
5.359818,50.90464,17.3,"facade","258405"
4.751673,50.87395,15.6,"facade","258408"
4.053374,51.12113,20.9,"facade","258420"
4.502129,51.04474,22.3,"facade","258423"
4.455649,51.46289,25.2,"facade","258426"
4.723985,50.87058,23.6,"facade","258438"
5.179251,50.84242,15.4,"facade","258447"
3.671436,51.02456,47.4,"facade","258450"
2.972303,51.00323,20.1,"facade","258459"
4.784437,50.90606,14.5,"facade","258468"
4.557119,51.30267,22.7,"facade","258471"
4.322092,51.0517,22.8,"facade","258480"
5.517125,51.00136,19.5,"facade","258483"
3.50859355906463,50.7906750347397,31.5,"facade","258486"
4.313984,51.2193,28,"facade","258510"
3.21844,50.82783,20,"facade","258513"
4.694951,51.21624,18.1,"facade","258522"
3.669158,51.02318,30.3,"facade","258528"
4.963003,51.30715,18.2,"facade","258546"
4.388669,51.23343,30,"facade","258549"
4.562665,50.83516,21.6,"facade","258573"
4.126979,50.99776,21.1,"facade","258576"
4.632824,51.25503,17.2,"facade","258582"
4.658722,50.8867,17.7,"facade","258603"
5.301413,51.01935,22.3,"facade","258606"
4.786669,51.0511,19,"facade","258615"
5.12561763288136,51.0690416714219,23.7,"facade","258621"
3.487836,51.08697,19,"facade","258633"
3.763878,51.03413,29.6,"facade","258636"
4.94952,50.94261,16,"facade","258639"
5.334968,50.93056,28.1,"facade","258642"
4.513231,50.82006,17.9,"facade","258645"
5.330423,50.93173,38.4,"facade","258648"
5.524567,50.86458,20.6,"facade","258651"
4.726256,50.90288,18.3,"facade","258654"
3.615159,51.11706,18.8,"facade","258660"
4.752433,50.86357,17,"facade","258663"
4.702165,50.87595,22.2,"facade","258669"
4.10072,51.02121,20.6,"facade","258687"
4.451433,51.20372,33,"facade","258693"
5.700184,50.9734,23.9,"facade","258699"
4.45118,51.30093,18.6,"facade","258711"
5.737413,51.16993,25.5,"facade","258735"
4.75769,50.91809,13.5,"facade","258765"
4.694082,50.88881,36.1,"facade","258768"
4.32147,51.21551,28.7,"facade","258774"
5.047214,50.98695,19.7,"facade","258780"
4.420688,51.0784,24.4,"facade","258798"
5.081445,50.72195,20.2,"facade","258804"
4.078442,50.88426,26.7,"facade","258813"
5.086645,51.26238,21.8,"facade","258819"
4.537627,50.98026,18.2,"facade","258822"
4.14747,50.94398,16.3,"facade","258825"
4.350277,51.17565,42.4,"facade","258828"
4.657265,51.12091,18.7,"facade","258840"
3.223897,51.21421,27.5,"facade","258849"
4.338788,51.1248,28.3,"facade","258867"
4.235401,50.85675,27,"facade","258870"
4.421623,51.24562,34.4,"facade","258903"
4.433297,51.21518,51.6,"facade","258921"
4.51621,51.24837,19.6,"facade","258924"
5.305509,51.20552,16,"facade","258936"
4.125269,51.16678,22.3,"facade","258951"
5.536471,51.09014,16.7,"facade","258957"
4.758869,51.29327,17.1,"facade","258963"
3.692305,50.80667,13.6,"facade","258972"
4.949113,50.77112,17.6,"facade","258993"
4.32737704841077,51.0813091820147,21.4,"facade","258996"
3.688203,51.13552,23,"facade","259005"
4.409513,51.27271,27.8,"facade","259017"
4.366863,51.09802,35.5,"facade","259023"
5.273436,50.9493,20,"facade","259026"
4.480088,51.06065,27.2,"facade","259041"
3.713364,50.94192,16.5,"facade","259044"
3.280951,50.83134,26.8,"facade","259056"
3.554632,51.11608,18.2,"facade","259068"
4.477013,51.02308,26,"facade","259077"
3.864594,51.17621,21.5,"facade","259104"
4.639497,50.95357,27.8,"facade","259131"
3.809486,51.02541,21.2,"facade","259158"
5.448005,51.21706,15.4,"facade","259164"
4.621729,51.18306,20.8,"facade","259170"
4.250741,50.93972,17.2,"facade","259182"
4.627914,50.9741,23.3,"facade","259200"
3.897231,50.90076,19.4,"facade","259206"
4.476124,51.1264,23,"facade","259227"
3.441849,50.94765,23.8,"facade","259233"
4.472087,51.29009,18.7,"facade","259251"
4.18104085388687,50.8193304725625,16,"facade","259257"
5.014874,51.00504,13.8,"facade","259263"
4.450126,51.27981,24.9,"facade","259269"
3.757409,51.01625,23.9,"facade","259272"
4.732941,51.29916,31,"facade","259281"
3.225339,51.27418,31.4,"facade","259302"
5.147143,51.05045,16.8,"facade","259311"
3.198728,51.19458,30,"facade","259320"
4.978977,51.18744,17.9,"facade","259323"
2.910324,50.96664,16.6,"facade","259326"
4.850714,51.00806,17.3,"facade","259368"
4.559355,51.12931,25.2,"facade","259377"
4.368508,50.94558,21.5,"facade","259380"
5.132096,51.13992,14.1,"facade","259386"
2.987276,51.24575,21.5,"facade","259404"
3.143154,50.94094,28.2,"facade","259407"
4.431815,51.2572,34.7,"facade","259413"
3.13077929501253,51.1511760162953,25.8,"facade","259419"
3.758001,51.0002,29,"facade","259443"
4.63991,51.11242,20.2,"facade","259446"
4.18137,51.19143,22.5,"facade","259455"
2.956142,51.02058,17.5,"facade","259461"
3.166692,50.7894,17.9,"facade","259467"
4.15801,51.171,28.8,"facade","259473"
4.717941,50.88018,21.6,"facade","259476"
4.387464,51.23178,28.1,"facade","259482"
3.787597,50.77184,16.7,"facade","259488"
4.483326,51.29602,19.7,"facade","259512"
3.322107,50.99649,21.5,"facade","259515"
4.225907,50.96454,20.6,"facade","259518"
3.602073,50.85009,19.7,"facade","259557"
4.730671,50.88055,18.6,"facade","259560"
3.748394,51.17767,22.9,"facade","259566"
5.354607,50.76708,15.3,"facade","259569"
4.199417,51.12342,34.3,"facade","259572"
4.862157,51.12701,18.1,"facade","259587"
4.228743,51.06463,17.5,"facade","259593"
4.556047,51.11033,22,"facade","259605"
4.568289,51.30434,32.2,"facade","259614"
4.496735,51.16816,24.8,"facade","259623"
4.520451,51.2051,25.8,"facade","259629"
4.336042,50.74351,22.3,"facade","259641"
3.423862,50.88824,19.4,"facade","259653"
4.644658,51.35311,22.7,"facade","259656"
5.11394104371206,51.1946879724103,24.9,"facade","259689"
5.466331,50.78135,18.9,"facade","259695"
4.301768,50.98472,18.5,"facade","259701"
4.159277,51.16425,25.5,"facade","259704"
4.12708,51.00407,22.6,"facade","259710"
4.260295,50.71868,22.6,"facade","259713"
3.695984,50.95783,26.2,"facade","259728"
4.579883,50.97591,18.7,"facade","259752"
3.333035,50.99967,19.7,"facade","259755"
3.242729,51.3348,24.6,"facade","259758"
3.370849,51.06557,18.5,"facade","259761"
4.458863,51.16262,25.7,"facade","259764"
4.376449,51.0983,23.7,"facade","259767"
3.745458,50.87195,18.4,"facade","259788"
3.260121,51.10674,18.2,"facade","259791"
3.300469,50.84608,19.8,"facade","259803"
3.034403,51.03108,17.5,"facade","259815"
3.736172,51.15722,21.2,"facade","259821"
3.607988,51.09459,21,"facade","259827"
4.785866,50.90072,16.1,"facade","259839"
4.386173,51.18586,40.9,"facade","259842"
4.670551,51.15726,21.9,"facade","259845"
3.214565,51.18788,26.9,"facade","259875"
4.487087,51.03537,29.8,"facade","259914"
5.189984,50.81279,25.3,"facade","259920"
3.955369,51.14641,30.3,"facade","259929"
5.091421,51.32642,18,"facade","259950"
3.335456,50.99942,24,"facade","259953"
4.276356,51.2543,40.7,"facade","259956"
5.46707898746549,51.0880181549481,16.5,"facade","259962"
3.336931,50.82074,24.7,"facade","259965"
4.03268,50.80114,16.5,"facade","259980"
3.730344,51.04196,24.9,"facade","260028"
4.675298,51.27696,16.7,"facade","260031"
4.021221,50.84224,29.2,"facade","260040"
4.266389,50.85093,27,"facade","260046"
5.38335475934199,50.979351451267,20,"facade","260076"
3.291135,50.88398,18.3,"facade","260082"
3.681593,50.89305,19.7,"facade","260085"
2.977703,51.09277,21.2,"facade","260091"
3.678281,50.86008,15.8,"facade","260103"
4.774618,51.11095,17.1,"facade","260112"
4.430564,51.19246,42.4,"facade","260136"
4.37893,51.11408,23.3,"facade","260142"
3.697904,51.0582,26.9,"facade","260166"
4.653257,51.26544,17.2,"facade","260169"
3.723353,51.03029,29.3,"facade","260172"
4.524823,51.20123,36.5,"facade","260175"
4.697247,51.26144,16.6,"facade","260178"
4.744433,50.88332,19.1,"facade","260181"
4.380085,51.05175,21.6,"facade","260190"
5.527444,50.97856,23.4,"facade","260202"
3.141488,50.93752,28.4,"facade","260214"
5.580773,51.01127,20.7,"facade","260220"
4.119278,50.76524,16.5,"facade","260229"
4.431031,50.93209,24.6,"facade","260235"
3.964262,50.9668,18.9,"facade","260247"
3.458535,50.87645,20.8,"facade","260250"
4.655643,51.02312,17.9,"facade","260253"
4.084266,50.98005,20,"facade","260259"
3.827645,50.84235,20,"facade","260280"
4.928229,50.93324,16.2,"facade","260295"
4.540096,51.0249,34.7,"facade","260298"
3.48420082186943,51.0927300093128,24.1,"facade","260301"
3.76537617914608,51.099438441436,30,"facade","260304"
4.483149,51.05939,24.2,"facade","260316"
4.117148,51.01851,19.9,"facade","260322"
3.135828,51.02658,24.4,"facade","260331"
4.739263,50.95557,16.3,"facade","260340"
4.283631,51.215,27.2,"facade","260349"
4.181031,50.91885,17.3,"facade","260355"
3.637898,51.08726,34.1,"facade","260361"
3.170313,51.13157,21.6,"facade","260367"
4.241038,50.7799,16.7,"facade","260373"
2.881911,50.83417,18.2,"facade","260376"
4.057016,50.91921,28,"facade","260382"
3.614533,50.84018,31.5,"facade","260406"
4.71821,50.85956,18.9,"facade","260412"
4.343345,50.96133,22.4,"facade","260415"
4.511704,50.82353,20.5,"facade","260421"
5.13072,51.21084,19.8,"facade","260427"
4.630489,50.75879,14.5,"facade","260436"
5.184931,50.9239,15.4,"facade","260445"
3.273024,51.20292,21.7,"facade","260457"
4.69654,50.85934,22.1,"facade","260460"
5.590176,50.78941,17.6,"facade","260475"
3.619722,51.11998,20.4,"facade","260484"
3.617512,51.02027,16.7,"facade","260487"
3.979587,51.0042,19.3,"facade","260490"
4.048253,50.86515,20.4,"facade","260499"
3.530808,50.92077,24.7,"facade","260505"
3.237594,50.80294,22.5,"facade","260520"
4.274631,50.84536,43.4,"facade","260526"
4.497243,51.2556,28.2,"facade","260532"
4.629806,50.81963,25.8,"facade","260535"
2.913651,51.21706,26.4,"facade","260541"
5.326957,50.92701,25.5,"facade","260544"
4.003305,51.111,23.6,"facade","260550"
4.873129,50.77277,15.7,"facade","260565"
4.169298,51.15253,27.3,"facade","260577"
4.057863,51.02287,18.7,"facade","260598"
4.171763,50.87208,23.3,"facade","260601"
4.974823,51.32476,17,"facade","260628"
3.982694,50.9629,24.8,"facade","260631"
5.32138,50.7765,19.6,"facade","260643"
3.601656,50.87171,17.5,"facade","260661"
4.662884,50.86103,18.7,"facade","260667"
5.009866,50.88786,13.5,"facade","260670"
5.38448,50.98808,20.4,"facade","260676"
4.988232,51.24725,15.9,"facade","260679"
4.696223,50.89287,25.9,"facade","260682"
4.354525,51.16303,28.7,"facade","260685"
4.509703,51.2073,27.7,"facade","260703"
3.743337,50.98789,21.8,"facade","260721"
3.270873,51.20276,17.9,"facade","260727"
4.256969,50.87055,33.3,"facade","260730"
5.498453,50.97311,22.5,"facade","260739"
4.283669,51.22006,35.2,"facade","260742"
3.699077,51.05275,36,"facade","260751"
4.929583,51.31865,18.8,"facade","260757"
4.48615279449374,51.4067051882477,19.9,"facade","260760"
5.309771,51.23477,22.1,"facade","260766"
4.012328,51.23034,16.7,"facade","260790"
2.5911,51.09228,21.7,"facade","260793"
3.657085,51.0525,35.6,"facade","260802"
4.608413,50.9576,15.3,"facade","260817"
4.526985,51.07061,21.4,"facade","260820"
3.1287,50.94514,24.2,"facade","260829"
3.387025,51.23318,19.7,"facade","260835"
4.824066,50.98037,35.6,"facade","260847"
5.14364,51.09746,20.7,"facade","260859"
4.331915,51.1228,27.4,"facade","260868"
3.878595,50.76277,23.3,"facade","260886"
4.692111,50.89211,30.9,"facade","260892"
5.789921,51.09482,19.8,"facade","260898"
5.209456,51.06372,17.3,"facade","260910"
3.991004,50.70657,17.8,"facade","260913"
5.305629,50.89725,18.5,"facade","260919"
4.235788,51.19147,21.8,"facade","260922"
2.888232,50.84489,25.7,"facade","260931"
5.318074,50.90885,26.2,"facade","260937"
2.702171,51.12439,16.5,"facade","260943"
3.803466,51.06463,22.9,"facade","260958"
3.63495,51.00764,20.8,"facade","260964"
5.086243,51.0665,29,"facade","261006"
4.445989,50.90814,27.4,"facade","261015"
4.723499,50.89025,19,"facade","261018"
4.088718,51.14092,22.2,"facade","261024"
3.711682,51.05416,25.2,"facade","261027"
2.900105,51.21261,23.7,"facade","261030"
4.447218,51.43632,15.6,"facade","261042"
3.596721,51.05819,19.7,"facade","261045"
2.85511,50.81291,17.1,"facade","261051"
4.578023,51.31768,29.9,"facade","261057"
4.58881385764034,50.7667477705941,16.3,"facade","261060"
4.300642,51.15441,31.4,"facade","261066"
5.225585,50.82465,18.7,"facade","261069"
3.699605,51.08044,24.4,"facade","261075"
4.387827,51.13395,37.2,"facade","261084"
3.270031,50.8694,20,"facade","261087"
3.968347,50.93377,23.1,"facade","261090"
2.862289,50.84311,17.5,"facade","261111"
4.232341,50.87402,21.8,"facade","261114"
4.442581,51.21238,47.4,"facade","261126"
3.612558,50.93459,20.5,"facade","261156"
3.762729,51.10081,32.5,"facade","261159"
4.237802,50.9567,18.1,"facade","261168"
3.473631,51.04538,20,"facade","261186"
4.48634097476602,51.2873553484493,31.4,"facade","261189"
3.901322,50.80493,18.9,"facade","261192"
4.153391,51.06352,23.1,"facade","261204"
3.204442,50.84588,21.9,"facade","261216"
5.092066,51.20286,15.4,"facade","261222"
4.653267,51.16015,21.1,"facade","261231"
4.525311,51.34283,16.5,"facade","261237"
3.607761,50.76922,14.5,"facade","261246"
3.463826,50.94004,17.3,"facade","261255"
4.056277,51.05739,21.7,"facade","261264"
4.856847,51.04775,16,"facade","261270"
3.279654,51.2514,27.1,"facade","261288"
5.54255,50.98944,18.2,"facade","261294"
3.227336,51.21533,23.9,"facade","261300"
4.542631,50.85947,19.2,"facade","261309"
3.73195,51.05269,45,"facade","261339"
4.553774,51.38787,17.1,"facade","261345"
3.602881,51.15782,19.8,"facade","261351"
4.682404,51.13557,19.5,"facade","261363"
4.74711,50.94806,18.1,"facade","261378"
4.665185,50.88227,17.8,"facade","261384"
5.474742,50.78715,19.3,"facade","261387"
4.467703,51.364,17.4,"facade","261405"
4.436407,51.31834,23.1,"facade","261417"
4.473845,51.37492,20.9,"facade","261426"
4.950688,51.16467,22.9,"facade","261429"
3.730838,50.97665,18.2,"facade","261435"
5.433876,51.24175,15.7,"facade","261474"
4.169684,50.90724,17.5,"facade","261477"
3.933055,51.14006,23.2,"facade","261489"
4.346181,51.18321,25.2,"facade","261501"
4.575675,51.3001,18.5,"facade","261504"
5.553986,50.92857,17,"facade","261507"
4.03739,51.08916,21.9,"facade","261519"
4.422251,51.31503,19.7,"facade","261531"
5.655412,51.11138,15.5,"facade","261552"
3.763693,51.08073,28.4,"facade","261561"
3.765015,50.96587,20.7,"facade","261567"
4.55416046706188,51.0209783064264,25.1,"facade","261570"
5.381587,51.06277,18.5,"facade","261600"
4.784295,51.25981,18.7,"facade","261609"
4.175679,51.11382,23.8,"facade","261615"
3.52617,50.98782,19.8,"facade","261621"
4.213184,50.73366,20.5,"facade","261624"
4.338133,51.12816,28.8,"facade","261636"
4.516354,50.98057,20.2,"facade","261639"
3.829165,50.95783,21.8,"facade","261654"
3.09912,51.06894,22.8,"facade","261657"
4.405267,51.19617,36.6,"facade","261660"
4.336956,51.1857,26,"facade","261672"
3.757293,51.05119,36.1,"facade","261675"
4.444423,51.17512,26.1,"facade","261681"
4.496502,51.03065,23.7,"facade","261690"
4.624632,50.90158,20.3,"facade","261696"
4.141031,51.0988,24.4,"facade","261702"
4.520878,51.17189,22.2,"facade","261708"
3.601036,51.24496,23.2,"facade","261711"
4.594501,51.02595,16.7,"facade","261714"
4.944129,51.31416,26,"facade","261723"
4.370062,50.97428,17.4,"facade","261729"
3.537731,50.98667,24.4,"facade","261735"
3.023596,51.25756,22.4,"facade","261747"
5.260847,50.95216,20.2,"facade","261750"
4.935606,50.81116,30.5,"facade","261753"
4.429449,51.23144,34.5,"facade","261762"
4.404722,51.23024,35.4,"facade","261765"
4.426083,51.22424,40.8,"facade","261783"
4.369723,51.08427,25.3,"facade","261786"
5.109048,51.00655,24.1,"facade","261801"
3.12192643626326,50.9532356034983,22.7,"facade","261834"
3.993694,51.11424,21.9,"facade","261852"
4.445939,51.13386,30.7,"facade","261864"
4.645578,51.11756,28.6,"facade","261873"
5.326077,50.95866,16.2,"facade","261879"
4.178873,51.00162,18.7,"facade","261885"
3.132904,50.94248,31.7,"facade","261891"
5.357595,51.14514,14.2,"facade","261906"
4.424096,51.31919,21,"facade","261909"
3.339826,50.99407,19.3,"facade","261915"
3.713112,51.03084,39.6,"facade","261921"
3.657864,50.90466,18.1,"facade","261927"
4.455048,51.20844,35.7,"facade","261942"
5.046528,51.23273,14.7,"facade","261957"
3.588979,50.85353,20.5,"facade","261960"
3.858073,51.16896,26,"facade","261966"
4.136069,51.15991,25,"facade","261972"
5.584827,50.82847,19.4,"facade","261975"
3.92366211064276,50.808325224462,21.2,"facade","261987"
4.431228,51.21361,32.1,"facade","261999"
5.130075,50.96369,17.9,"facade","262005"
4.082983,50.86938,21.4,"facade","262011"
5.693452,50.96192,21.7,"facade","262020"
5.371299,50.94933,16.4,"facade","262023"
5.478502,50.83656,17,"facade","262026"
4.291026,51.00305,25.6,"facade","262029"
4.54033,51.35994,22.4,"facade","262035"
3.13756185088895,51.3111814839368,25.3,"facade","262038"
4.429498,51.14779,22.5,"facade","262047"
4.425549,51.21058,54.7,"facade","262056"
5.198259,51.00068,19.6,"facade","262059"
4.598322,51.17921,21.1,"facade","262062"
3.664641,51.05229,26.4,"facade","262068"
4.328523,51.11322,29.2,"facade","262071"
4.04999,50.95728,21.5,"facade","262077"
4.101865,51.23334,22.6,"facade","262083"
3.785729,50.85318,16.1,"facade","262089"
5.20657271813844,51.015945137945,25.3,"facade","262092"
3.12269,51.16999,21.6,"facade","262095"
5.113215,51.21265,16.2,"facade","262104"
4.837541,51.14475,20.8,"facade","262107"
3.761356,51.22217,21.5,"facade","262113"
4.71690456262103,50.9880352144198,19.7,"facade","262137"
3.210558,51.21702,34.4,"facade","262140"
3.877019,50.79026,20.6,"facade","262143"
4.114514,51.17542,28.5,"facade","262149"
3.792333,50.86815,16.5,"facade","262152"
3.86451899708442,51.1713292612514,19.3,"facade","262158"
5.507674,51.18979,17.9,"facade","262188"
5.551636,50.85699,17.1,"facade","262197"
3.719597,50.80315,14.7,"facade","262200"
3.38297,50.73686,17,"facade","262203"
4.354454,51.00794,25.2,"facade","262209"
4.421395,51.19529,38.1,"facade","262233"
4.509262,51.2922,22,"facade","262239"
4.174266,50.86436,19.2,"facade","262248"
3.185979,51.19822,26.6,"facade","262260"
4.639144,50.89343,20.5,"facade","262263"
4.672767,50.97545,17,"facade","262275"
3.111629,50.94742,37.5,"facade","262278"
3.005916,51.19543,31.8,"facade","262290"
4.720931,51.28468,16.6,"facade","262299"
4.915836,51.0852,20.2,"facade","262317"
5.341592,50.85144,24.1,"facade","262326"
5.29647,50.7547,16.1,"facade","262329"
4.475211,51.22551,27.4,"facade","262341"
5.331626,50.97706,15.5,"facade","262344"
5.68844,50.97511,32.8,"facade","262347"
4.442703,51.21078,41,"facade","262353"
4.372562,51.32667,22.8,"facade","262356"
4.431864,51.22916,35.7,"facade","262359"
5.29957816057285,50.9434691198146,21.7,"facade","262362"
3.784514,51.01138,23.5,"facade","262365"
3.499968,50.80443,16.9,"facade","262371"
4.459404,50.86217,27.7,"facade","262377"
4.429457,51.22477,40.2,"facade","262389"
4.093316,50.87954,20.8,"facade","262398"
5.44219,50.95998,16,"facade","262404"
4.775464,50.96365,17.1,"facade","262407"
3.986604,50.97684,16.6,"facade","262419"
4.574719,51.23706,23.9,"facade","262428"
4.597951,51.2091,21.7,"facade","262437"
3.771692,51.09938,23.2,"facade","262452"
3.742756,51.03545,28.6,"facade","262458"
3.298354,50.88331,22.7,"facade","262470"
5.19546,51.18079,16.7,"facade","262494"
4.381065,51.16744,29.7,"facade","262512"
4.298998,51.16072,23.8,"facade","262518"
4.430876,51.19761,52.1,"facade","262527"
4.108682,51.02102,33.4,"facade","262533"
3.610072,50.95843,26.1,"facade","262536"
3.260834,50.91072,19.6,"facade","262539"
4.74078,51.18639,31.2,"facade","262545"
3.322766,50.95617,15.5,"facade","262548"
3.384347,51.1086,20.5,"facade","262569"
4.502559,51.03457,21.6,"facade","262581"
4.171506,51.22001,20.6,"facade","262605"
4.094456,51.01897,26.9,"facade","262620"
4.050897,51.21367,29.5,"facade","262626"
3.677456,51.23117,30.7,"facade","262635"
4.904345,51.18771,17.3,"facade","262644"
5.427035,50.92671,18.8,"facade","262653"
3.872707,50.85095,19.3,"facade","262656"
4.058669,51.19909,20.6,"facade","262659"
4.671828,51.11052,16.7,"facade","262689"
4.033203,50.93482,34.1,"facade","262695"
4.891044,51.15886,21.1,"facade","262701"
4.816349,50.84032,16.5,"facade","262704"
5.25572,51.02042,17.7,"facade","262713"
4.986641,51.32343,15.6,"facade","262716"
4.038185,51.13895,17.3,"facade","262722"
4.503719,50.83393,18.2,"facade","262728"
4.288747,51.12807,29.3,"facade","262737"
5.417141,50.9922,16.2,"facade","262746"
4.119641,50.8423,16.7,"facade","262770"
4.308236,51.17188,27,"facade","262782"
3.538503,50.97716,25.9,"facade","262785"
3.462513,51.10524,18.6,"facade","262809"
4.83732,51.18091,19.4,"facade","262824"
4.603984,51.10169,19.1,"facade","262830"
5.154997,50.93748,17.6,"facade","262842"
4.444339,51.25627,27.8,"facade","262854"
4.39173,51.22991,30.2,"facade","262857"
4.47517,50.88419,27,"facade","262878"
4.434246,51.25398,29.7,"facade","262884"
4.827511,51.05926,22.4,"facade","262887"
3.214479,51.17633,21,"facade","262902"
4.282137,50.84967,27.3,"facade","262905"
5.024793,50.99525,14.9,"facade","262908"
5.348724,51.23009,16.2,"facade","262917"
3.367698,50.7574,16.2,"facade","262920"
3.748266,50.96662,21.4,"facade","262926"
3.630251,50.9094,22.6,"facade","262929"
3.561344,51.11541,21.1,"facade","262941"
4.358656,51.1807,35.4,"facade","262950"
4.978634,51.23425,18.6,"facade","262953"
5.381064,50.90657,17.6,"facade","262956"
4.240838,51.18043,24.7,"facade","262959"
4.391324,51.13831,25.7,"facade","262968"
4.834899,51.1819,29.3,"facade","262977"
4.733198,51.16931,17.5,"facade","262980"
4.360039,51.08893,33.5,"facade","262995"
5.42787,51.2157,21.8,"facade","262998"
3.718717,51.04552,23.1,"facade","263028"
4.311796,51.16615,27.9,"facade","263043"
5.236175,51.01376,21.7,"facade","263046"
4.813703,50.96748,15.2,"facade","263049"
5.781857,51.10014,25.3,"facade","263052"
3.719712,51.0527,30.3,"facade","263058"
5.300698,50.75454,16.7,"facade","263079"
5.202614,51.21752,17.9,"facade","263082"
4.40298,51.20355,35.5,"facade","263085"
3.722919,51.05161,29.9,"facade","263088"
4.322725,50.9926,24.1,"facade","263094"
3.724691,51.03655,24.5,"facade","263127"
4.721524,50.88886,20.9,"facade","263130"
5.263917,50.98714,16.5,"facade","263145"
4.519973,51.19764,26.8,"facade","263148"
5.405995,50.98503,17.2,"facade","263154"
3.709141,51.0535,19.8,"facade","263157"
4.38092,51.18858,37.3,"facade","263160"
5.258455,50.87783,15.4,"facade","263163"
3.763907,51.07311,25.1,"facade","263169"
3.235578,51.21518,23.5,"facade","263181"
3.384003,50.83084,20.8,"facade","263196"
4.36604,51.16035,27,"facade","263217"
4.73412759167534,51.0987022638344,16.4,"facade","263223"
3.883326,50.99003,18.8,"facade","263226"
3.21462,50.91141,24,"facade","263232"
4.543639,51.27262,14.9,"facade","263241"
5.366428,51.03203,17.2,"facade","263244"
4.980537,50.83217,14.6,"facade","263268"
3.693948,51.05605,72.5,"facade","263274"
5.051961,51.11805,17.5,"facade","263277"
4.452096,51.16801,37.7,"facade","263286"
5.1387,50.82095,17.4,"facade","263292"
4.083267,51.16619,18.2,"facade","263298"
4.456029,51.20733,38.1,"facade","263301"
5.066083,51.12479,21.8,"facade","263304"
4.4710469150936,51.2249822351673,26.2,"facade","263319"
3.678638,50.83997,14.2,"facade","263331"
5.427837,51.23148,17.7,"facade","263340"
5.017852,50.8134,18,"facade","263367"
4.500132,51.39777,35.1,"facade","263373"
4.883983,50.87227,13.7,"facade","263394"
4.712611,51.06842,19,"facade","263397"
4.602698,50.9853,17.4,"facade","263400"
4.432506,51.20733,44.7,"facade","263403"
4.755912,50.84574,19.8,"facade","263406"
4.66833,51.16981,16.8,"facade","263409"
3.129064,51.21312,18.5,"facade","263412"
2.900285,51.21898,24.4,"facade","263421"
4.966281,50.96812,17.2,"facade","263445"
3.382953,50.73183,15.8,"facade","263448"
4.700526,50.92458,18.5,"facade","263454"
4.177513,50.97687,18.2,"facade","263460"
5.753598,51.03334,19,"facade","263478"
4.471698,51.42728,17.9,"facade","263484"
3.588957,51.18318,19.6,"facade","263499"
4.58885319035332,51.1339016341592,21.8,"facade","263508"
4.760504,51.39353,18.9,"facade","263520"
3.616048,51.15544,26.2,"facade","263526"
3.767903,51.02375,23.9,"facade","263532"
3.800614,50.93929,18.7,"facade","263544"
3.176757,50.79557,17.8,"facade","263547"
3.327379,50.81304,33.9,"facade","263550"
3.7128,51.08628,22.7,"facade","263553"
4.24957,51.22437,26.7,"facade","263565"
4.500148,51.10171,22.3,"facade","263568"
5.705737,50.97326,21.7,"facade","263574"
4.571107,51.01631,17.7,"facade","263577"
2.960975,50.97447,18,"facade","263586"
2.969286,50.95159,17.8,"facade","263613"
4.48895,51.16209,25.1,"facade","263616"
4.419931,51.28036,32.2,"facade","263622"
3.835917,51.09882,21.4,"facade","263637"
4.444093,51.2957,20,"facade","263640"
4.722716,50.88747,34.9,"facade","263661"
3.826753,51.10367,21.9,"facade","263676"
3.859491,51.17458,19.5,"facade","263685"
3.526423,51.01084,19.8,"facade","263694"
4.7057,50.92793,16.4,"facade","263703"
4.63533422788317,50.9604087813464,19.7,"facade","263709"
5.07077090128558,51.1378530447542,15,"facade","263712"
4.729137,50.9032,17.9,"facade","263715"
4.072076,50.9447,19.5,"facade","263721"
4.953145,51.15525,21.2,"facade","263724"
3.45583701061873,50.8763464361374,26.5,"facade","263754"
3.713143,51.03262,23.7,"facade","263760"
3.39587,50.93285,20.8,"facade","263766"
4.448686,51.14192,22.4,"facade","263778"
3.70462,51.05275,25.7,"facade","263781"
5.019719,51.31293,16,"facade","263784"
3.756408,51.04924,25.7,"facade","263799"
4.56691,50.90361,18.7,"facade","263811"
4.427241,51.45058,23.4,"facade","263817"
4.97715,51.17267,20.1,"facade","263826"
3.518485,50.99346,20.4,"facade","263838"
3.965491,51.14196,20.5,"facade","263841"
4.978156,51.12183,20.7,"facade","263844"
5.268294,51.09187,14.1,"facade","263847"
4.729189,51.19382,19.3,"facade","263850"
4.14388109015437,50.9290250208409,13.4,"facade","263859"
3.198235,51.15281,26.6,"facade","263862"
4.602927,51.149,19.7,"facade","263865"
2.859271,50.77511,16.6,"facade","263868"
5.547609,51.1788,21.2,"facade","263886"
4.688617,51.26657,15.6,"facade","263895"
5.306946,51.22636,21.1,"facade","263913"
4.707899,50.88172,24.9,"facade","263919"
5.379577,50.94657,20.2,"facade","263928"
4.453425,50.96123,24.9,"facade","263934"
5.710042,50.98493,20.7,"facade","263937"
4.943318,51.32798,18.5,"facade","263946"
4.533618,51.09135,23.7,"facade","263949"
3.770982,51.03269,23.8,"facade","263961"
3.76141637003748,50.9929354738905,22.1,"facade","263964"
3.488899,51.09101,22,"facade","263979"
4.712724,51.07422,20.9,"facade","263985"
5.425978,50.86894,24.7,"facade","263988"
4.47328,51.22258,29.3,"facade","263994"
4.849063,51.00348,16.2,"facade","263997"
3.041899,51.02814,25,"facade","264003"
4.475014,51.38146,22.7,"facade","264012"
4.965559,51.32285,20.3,"facade","264015"
4.234535,51.04658,19.7,"facade","264021"
3.437316,50.91511,19.3,"facade","264027"
3.303836,50.8455,23.3,"facade","264045"
2.979032,50.84771,20.1,"facade","264051"
3.264898,50.83057,23.1,"facade","264060"
4.999809,51.20123,17.9,"facade","264069"
4.061095,50.84866,19.2,"facade","264081"
4.447422,51.12306,23.2,"facade","264084"
4.542856,50.81457,17.4,"facade","264108"
3.106959,51.07197,20.8,"facade","264111"
4.38639332799775,51.3278387052701,20.8,"facade","264114"
3.710407,51.05361,23,"facade","264126"
4.036876,50.92952,24.4,"facade","264138"
3.516889,51.1897,18.5,"facade","264159"
3.206877,51.21573,25.2,"facade","264168"
5.195561,51.19171,14.7,"facade","264171"
4.543901,51.02367,43.6,"facade","264174"
5.471157,50.79481,18.7,"facade","264177"
5.338764,50.93429,35.5,"facade","264183"
4.506503,51.39198,20.4,"facade","264201"
3.751271,51.06055,27.7,"facade","264204"
5.437201,51.22265,20.5,"facade","264210"
4.111975,51.01825,32.4,"facade","264222"
4.25006761150501,50.8718707282575,28.9,"facade","264225"
3.48934,51.19931,27.2,"facade","264228"
4.404681,51.22217,38.2,"facade","264249"
3.543539,51.16526,17,"facade","264255"
4.341032,51.14262,28.5,"facade","264267"
4.496067,51.12328,21,"facade","264276"
4.357158,50.76352,17.8,"facade","264285"
4.70466358149148,51.0759377288605,20.2,"facade","264288"
3.701962,51.03586,25.5,"facade","264294"
3.108051,50.94083,17.5,"facade","264300"
3.760641,50.79989,21,"facade","264321"
4.2732,50.76968,19.6,"facade","264330"
4.24517216765361,50.8397380261315,29.4,"facade","264339"
4.830185,51.0267,13.8,"facade","264342"
4.544833,51.18599,24.1,"facade","264354"
4.079376,50.84129,18.5,"facade","264363"
3.601831,51.15358,20.9,"facade","264366"
4.339339,51.045,30.9,"facade","264372"
3.458562,50.88746,18.7,"facade","264387"
4.137323,51.18592,19.9,"facade","264408"
4.509832,51.3147,18.4,"facade","264414"
4.887973,51.31186,18.2,"facade","264417"
4.459506,51.19451,28.1,"facade","264423"
5.388497,50.91096,15.7,"facade","264450"
2.866767,51.02174,19.3,"facade","264453"
4.663169,51.35062,22.9,"facade","264459"
4.148765,51.178,23.2,"facade","264462"
4.490615,50.78196,21.7,"facade","264477"
5.7120947081429,50.9838153891864,22.1,"facade","264483"
4.466524,51.02436,25,"facade","264495"
4.45604,51.10107,22.7,"facade","264498"
5.58154,51.17441,24,"facade","264513"
4.037241,51.06924,24.8,"facade","264516"
3.237394,50.89875,19,"facade","264528"
4.437615,51.08535,26.3,"facade","264537"
4.49026987452452,51.0218929045163,23.4,"facade","264540"
3.730023,51.08338,27.9,"facade","264543"
3.315288,50.99263,23.2,"facade","264549"
4.952784,51.30689,22.2,"facade","264555"
3.83613,51.10304,23.4,"facade","264576"
4.427465,51.17745,29.5,"facade","264591"
3.941412,50.84206,14,"facade","264594"
4.333096,50.94005,24,"facade","264600"
4.48153,50.75534,20.2,"facade","264603"
4.082045,51.03417,17,"facade","264606"
5.59203,50.83148,17.3,"facade","264609"
3.890351,50.98577,20,"facade","264618"
3.281147,50.82865,24.2,"facade","264621"
3.730617,51.03917,31.1,"facade","264624"
4.530017,51.19738,23.9,"facade","264639"
4.512534,51.22759,25.4,"facade","264648"
5.31927,50.91006,25,"facade","264660"
4.965159,51.31725,17.1,"facade","264669"
3.91556144545746,50.7850498360288,25.7,"facade","264675"
4.515007,51.03582,23.8,"facade","264687"
4.074785,50.91179,21.4,"facade","264696"
4.194679,50.74451,19.6,"facade","264705"
3.860659,50.91592,16,"facade","264723"
4.376166,51.17325,27.5,"facade","264729"
5.005415,50.86444,15.5,"facade","264738"
4.381582,51.09586,23.2,"facade","264744"
4.094409,51.04964,18.2,"facade","264750"
4.430408,51.31595,24.9,"facade","264759"
4.981707,51.07246,15,"facade","264765"
3.343821,51.07853,16.6,"facade","264768"
4.474586,51.17196,23,"facade","264792"
4.499465,51.16673,28.1,"facade","264801"
4.735468,50.901,17.2,"facade","264813"
4.523229,51.07046,22.5,"facade","264819"
3.244512,51.15347,23.7,"facade","264825"
3.7008,51.06237,24.2,"facade","264837"
4.452974,51.27851,24.3,"facade","264840"
4.921783,51.22356,18.1,"facade","264846"
3.422407,50.9425,18.8,"facade","264858"
4.507659,51.04039,24.6,"facade","264861"
5.328353,50.99829,18.7,"facade","264876"
3.731215,51.12102,21.6,"facade","264915"
4.771768,50.94334,17,"facade","264933"
5.757945,51.17554,16.2,"facade","264936"
3.812196,50.86926,30.2,"facade","264942"
3.657808,50.9671,21.1,"facade","264945"
2.916547,51.04588,17.5,"facade","264951"
5.011859,51.30939,16.5,"facade","264978"
4.69659,50.86753,27.4,"facade","264981"
3.681446,51.06957,22.9,"facade","265008"
4.465382,51.19652,23.8,"facade","265017"
4.130463,51.02083,17.8,"facade","265023"
4.378501,51.10416,22.2,"facade","265035"
5.747881,51.00042,16.6,"facade","265050"
5.07549,50.87308,14.3,"facade","265065"
3.020708,50.89807,17.7,"facade","265071"
4.099772,51.23549,19.7,"facade","265077"
3.901562,50.90649,16.3,"facade","265092"
4.934085,50.81743,19,"facade","265095"
3.991627,51.11553,19.7,"facade","265104"
5.041209,50.89451,16.8,"facade","265116"
4.705983,50.87261,24.8,"facade","265128"
5.12891,51.19521,23.1,"facade","265134"
4.380227,50.92844,23.5,"facade","265137"
5.636205,50.89647,16.6,"facade","265143"
4.685597,51.14073,19.6,"facade","265146"
4.335227,51.2014,30.8,"facade","265158"
2.768065,50.79326,20.7,"facade","265161"
4.614522,50.94584,15,"facade","265167"
4.515388,51.19628,25.2,"facade","265179"
4.42972,51.15912,31.4,"facade","265182"
3.000112,51.15911,20.4,"facade","265191"
3.26223,51.16508,19.1,"facade","265200"
4.428693,51.01037,23,"facade","265209"
3.251697,51.21077,18.8,"facade","265215"
5.61032,51.08833,17,"facade","265218"
3.282195,50.77945,18.7,"facade","265221"
3.98192,51.00332,23.6,"facade","265227"
5.088327,51.32823,16.5,"facade","265236"
4.17964,50.97014,23.2,"facade","265245"
3.515366,51.03652,22.3,"facade","265248"
5.371895,51.23954,16.6,"facade","265251"
5.11087,51.17114,20.3,"facade","265254"
3.87722,51.00934,25.1,"facade","265287"
3.679901,51.01962,44.5,"facade","265302"
4.313723,51.17256,52.7,"facade","265311"
4.679139,51.26926,19.3,"facade","265317"
3.713584,51.00239,30.4,"facade","265329"
4.245366,51.09626,14,"facade","265332"
4.563934,51.19454,26.1,"facade","265335"
2.7811,50.76528,15,"facade","265344"
5.30747449157458,51.2283627117068,20.2,"facade","265359"
3.415453,50.88585,18.5,"facade","265368"
3.638628,50.84202,18.3,"facade","265374"
4.280301,50.80405,22,"facade","265377"
5.282496,51.04969,16.4,"facade","265398"
5.44061,51.22171,21.1,"facade","265410"
4.226374,51.11577,17.8,"facade","265413"
4.833378,51.31855,18.1,"facade","265425"
3.993295,50.87561,15.8,"facade","265431"
4.376373,51.18056,33.5,"facade","265437"
3.4927822240633,50.9498703086334,17.6,"facade","265446"
3.126956,50.93855,24.8,"facade","265455"
4.049772,50.94542,34.2,"facade","265464"
4.369873,51.17956,37.1,"facade","265470"
3.728652,51.06664,33.1,"facade","265473"
4.439683,51.35081,13.8,"facade","265479"
4.082672,51.14069,22.8,"facade","265482"
4.480384,51.14711,19,"facade","265485"
5.43834,50.80359,18.3,"facade","265491"
3.32786,51.00107,23.3,"facade","265503"
3.061172,50.93614,21.1,"facade","265512"
4.468063,51.41373,17.9,"facade","265527"
2.938,51.11465,23.9,"facade","265530"
5.330873,50.94864,19.3,"facade","265536"
4.316992,50.94238,22.9,"facade","265539"
4.567744,51.12013,22.2,"facade","265542"
5.341994,50.91439,27.7,"facade","265545"
5.75691392115428,51.0675243129754,17.3,"facade","265557"
4.520812,50.77614,20.5,"facade","265569"
4.088122,51.18671,21.6,"facade","265578"
5.526523,50.88306,20,"facade","265605"
4.454529,50.92014,28.2,"facade","265611"
5.351645,50.99217,20.2,"facade","265623"
5.391875,50.91173,17.4,"facade","265626"
3.927513,51.00836,19,"facade","265635"
4.510335,50.73687,16.6,"facade","265644"
4.21356918159405,50.8993559103853,23.1,"facade","265647"
4.626212,50.81735,27.3,"facade","265653"
4.158038,50.96465,17.4,"facade","265665"
4.176995,50.96929,25.2,"facade","265680"
3.110288,50.9415,22.7,"facade","265683"
4.422395,51.17346,37.1,"facade","265686"
3.455013,50.89371,17.2,"facade","265689"
4.869231,50.85222,17.1,"facade","265692"
3.244542,50.90515,19.5,"facade","265695"
3.744955,50.98822,23.6,"facade","265716"
2.74888,51.13174,19.9,"facade","265725"
3.33231,51.12812,25.2,"facade","265737"
3.738544,50.83685,15.8,"facade","265746"
4.801305,51.26789,16.9,"facade","265758"
4.455249,51.19979,25,"facade","265764"
4.093921,51.00326,18,"facade","265776"
4.576082,51.0516,19.8,"facade","265782"
4.205874,51.12299,20.7,"facade","265800"
4.71809555626638,51.0878108836596,15.3,"facade","265803"
5.190321,50.81845,24.2,"facade","265806"
5.33827,51.02348,19,"facade","265812"
4.666023,50.84012,18,"facade","265821"
4.47142,51.24395,30.6,"facade","265824"
4.433446,51.28969,25,"facade","265827"
4.271549,50.74123,26.9,"facade","265830"
4.084056,51.1476,21.5,"facade","265839"
4.3870851137451,51.2641660270627,40.6,"facade","265842"
3.44407,50.78748,19,"facade","265845"
4.317249,50.91753,20.6,"facade","265869"
3.738925,51.1246,25.2,"facade","265875"
4.439773,51.17402,27.6,"facade","265905"
3.168968,50.81793,19.3,"facade","265908"
3.697207,51.05435,40.2,"facade","265911"
4.280395,50.79193,25.6,"facade","265914"
4.152616,51.18414,20.2,"facade","265929"
2.748288,50.80198,15,"facade","265947"
4.224243,50.96396,27.8,"facade","265950"
3.999883,50.8385,22.7,"facade","265956"
4.583953,51.18523,24.6,"facade","265971"
4.340916,51.09743,23,"facade","265977"
3.578221,51.18966,19.1,"facade","265989"
3.979357,50.95559,21.2,"facade","265992"
4.513079,50.90913,21.5,"facade","266001"
4.229553,50.7298,47.9,"facade","266004"
4.142215,51.03623,20.8,"facade","266010"
4.0157330188714,50.9241826637844,25.9,"facade","266022"
4.500159,51.10079,22.6,"facade","266028"
4.603769,51.39454,18,"facade","266046"
4.664332,51.29601,17.7,"facade","266049"
4.604188,51.04558,24.8,"facade","266061"
4.925196,50.82097,16,"facade","266064"
3.549852,51.19153,22.2,"facade","266070"
4.653086,51.14136,15.7,"facade","266076"
3.16172816835388,50.9232798897222,22.7,"facade","266088"
3.725452,51.03406,37,"facade","266091"
5.321716,50.92816,20.6,"facade","266094"
5.38351354481517,50.7627584980685,15.5,"facade","266115"
4.82229,51.02517,16.2,"facade","266118"
4.837935,51.30873,17,"facade","266130"
3.296412,50.78486,20.3,"facade","266148"
3.695396,51.23606,20.2,"facade","266151"
4.46237,51.25065,22.4,"facade","266166"
3.752386,51.07635,31.6,"facade","266175"
4.481664,51.29037,20.7,"facade","266181"
2.667625,51.05847,26.1,"facade","266187"
3.586369,51.08337,19,"facade","266190"
3.298824,50.81515,23,"facade","266193"
5.33283,50.93201,27.4,"facade","266196"
3.779874,51.20221,21.9,"facade","266202"
4.66789,50.90025,18.5,"facade","266208"
4.164715,51.16102,28.4,"facade","266214"
4.250994,51.21253,28.6,"facade","266217"
3.49195,50.95178,19.3,"facade","266229"
4.393126,51.17669,38.4,"facade","266235"
5.417843,51.19492,15.5,"facade","266256"
3.294466,50.85284,20.4,"facade","266259"
4.710886,50.88498,40.3,"facade","266265"
3.121467,50.79981,20.5,"facade","266271"
5.517429,51.09497,17.5,"facade","266277"
4.648976,50.8054,15.3,"facade","266283"
4.499221,51.03001,23.8,"facade","266289"
4.531953,50.85334,19,"facade","266298"
3.052224,50.94249,20.2,"facade","266301"
3.731987,51.14711,24.3,"facade","266313"
3.804248,51.06068,23.5,"facade","266319"
4.427433,51.17227,29.9,"facade","266328"
3.98138,51.05407,19.6,"facade","266331"
4.421895,51.27649,22.9,"facade","266340"
4.861677,50.90708,14.8,"facade","266358"
3.424878,50.88965,20.9,"facade","266367"
3.127178,50.92888,20.6,"facade","266373"
3.76358,51.04602,22.7,"facade","266379"
3.778528,51.03912,28.5,"facade","266418"
3.532611,50.9788,23.5,"facade","266424"
5.257189,51.08868,13.6,"facade","266433"
4.514507,51.20405,24.7,"facade","266439"
5.262852,51.00518,20.2,"facade","266445"
4.43241483624245,51.3125071722649,21.3,"facade","266457"
3.09392,50.93667,20.1,"facade","266460"
3.39729,51.04149,24.6,"facade","266469"
3.734301,50.93543,20.2,"facade","266475"
4.935617,51.31329,22.5,"facade","266481"
4.732937,50.95536,15.6,"facade","266493"
3.484345,51.09105,16.5,"facade","266496"
4.587114,51.38965,30.5,"facade","266499"
3.589091,50.74114,18.4,"facade","266502"
4.710546,51.07545,28.2,"facade","266511"
4.424715,51.28112,23.5,"facade","266520"
4.312932,51.21933,30.7,"facade","266529"
4.835096,50.8937,15.1,"facade","266532"
5.285054,51.03472,27.8,"facade","266538"
4.790186,50.88548,16,"facade","266541"
4.371833,51.09761,26.1,"facade","266553"
4.033294,50.93322,36.2,"facade","266559"
3.934931,50.91378,22.3,"facade","266562"
4.657328,50.80498,16,"facade","266586"
4.508629,50.82184,15.7,"facade","266589"
5.534506,50.80133,20.8,"facade","266595"
3.668984,51.04321,20,"facade","266643"
3.097269,50.85032,23,"facade","266652"
3.69165,51.03457,20.1,"facade","266667"
3.594232,50.849,20.8,"facade","266682"
4.115784,51.05101,17.4,"facade","266691"
4.586857,51.29639,17.6,"facade","266694"
3.446088,50.87766,20.1,"facade","266697"
3.96704,51.00526,23.8,"facade","266700"
2.866049,51.0293,21.2,"facade","266706"
4.232918,50.99539,18.4,"facade","266712"
4.297626,51.14574,34,"facade","266721"
3.751723,51.07117,28.7,"facade","266745"
3.588004,51.19317,19,"facade","266757"
4.568953,50.87385,22.1,"facade","266760"
2.968747,51.20174,21,"facade","266763"
3.66333,50.99648,17.8,"facade","266769"
3.12691,51.30862,29.3,"facade","266772"
4.030863,51.06325,22.5,"facade","266787"
4.63114800903619,51.2645511208086,17.3,"facade","266811"
3.996413,50.8154,14.7,"facade","266817"
5.470019,51.02331,16,"facade","266841"
2.659565,51.07177,20.6,"facade","266853"
3.93469714994436,50.8775936630052,17.7,"facade","266856"
3.677114,51.08321,22.2,"facade","266880"
5.101868,51.24022,18.6,"facade","266883"
3.334084,51.24204,17.6,"facade","266895"
4.228978,50.79871,19.4,"facade","266898"
4.659558,50.83186,16.3,"facade","266904"
4.455598,51.19872,32,"facade","266910"
4.540199,51.09137,20.9,"facade","266916"
4.476256,50.97636,21.2,"facade","266919"
5.602112,50.81459,23.8,"facade","266937"
2.937483,50.8913,27,"facade","266940"
3.15005282853721,50.9502106752416,20.8,"facade","266952"
5.225215,50.99103,21.6,"facade","266967"
3.706547,51.05715,26.1,"facade","266970"
5.121697,50.93688,18.2,"facade","266976"
4.918369,50.97178,16,"facade","266991"
4.439288,50.91361,28.8,"facade","267009"
5.47009,50.79835,15.1,"facade","267012"
3.710283,51.25755,24,"facade","267018"
3.98223,51.15328,17.4,"facade","267027"
4.768714,51.37736,18.4,"facade","267042"
4.01922,50.93072,27.6,"facade","267045"
4.326702,50.90006,36.2,"facade","267051"
3.233141,51.19624,22.7,"facade","267057"
4.330905,51.2163,32.1,"facade","267069"
4.375608,51.17423,27.3,"facade","267084"
3.706814,51.00006,23.1,"facade","267087"
2.661868,51.07783,21.3,"facade","267105"
2.778399,51.13071,19.9,"facade","267120"
4.77806202074985,51.138994554485,22.1,"facade","267126"
2.895846,50.85137,19.1,"facade","267138"
3.705319,51.01388,31.8,"facade","267141"
5.264867,50.95609,25.6,"facade","267156"
3.140571,51.18852,18.4,"facade","267165"
4.882126,51.3555,19.9,"facade","267171"
4.099867,51.235,21.8,"facade","267189"
4.992956,51.02233,16,"facade","267198"
4.051782,50.92154,22.1,"facade","267207"
4.068697,50.9266,23.3,"facade","267213"
5.182635,50.77125,13.9,"facade","267216"
3.970032,51.0034,21.6,"facade","267219"
5.376108,50.98531,18.9,"facade","267225"
3.44002,51.07285,25,"facade","267228"
3.28533,50.87323,18.3,"facade","267234"
4.455451,50.96161,23.6,"facade","267267"
4.224371,51.20304,24.9,"facade","267273"
3.164269,51.14923,25.3,"facade","267276"
4.982342,51.16163,19.9,"facade","267279"
4.473929,51.166,25.6,"facade","267285"
4.924446,50.80977,24.5,"facade","267288"
4.050572,51.06513,27.7,"facade","267291"
4.758736,51.42651,24.4,"facade","267303"
5.053418,51.2856,17.4,"facade","267306"
4.250668,51.0913,22.9,"facade","267318"
4.095034,51.25781,22.6,"facade","267321"
5.521919,51.19541,16.1,"facade","267327"
5.094141,50.75108,18.5,"facade","267348"
4.20424,50.90817,44.1,"facade","267351"
4.550106,51.21721,24.9,"facade","267366"
4.829431,51.16458,19.1,"facade","267378"
4.547752,50.77931,19,"facade","267381"
4.731601,50.93023,24.5,"facade","267387"
4.54421149373219,51.3612432507126,17.3,"facade","267399"
3.98508,50.90866,24.1,"facade","267408"
4.22607456409176,50.8688981077492,19.7,"facade","267411"
4.156314,51.16963,29.1,"facade","267414"
3.811689,50.86371,24.4,"facade","267420"
5.3036,50.94328,37.1,"facade","267429"
5.333459,50.92447,29.2,"facade","267435"
3.631481,51.03108,21.6,"facade","267456"
4.279766,50.84209,30.9,"facade","267462"
4.3874,51.12767,26.1,"facade","267471"
5.27828,50.94376,26.9,"facade","267474"
4.112444,51.11408,21.3,"facade","267480"
3.93540176859197,50.8898257533787,18.4,"facade","267486"
4.721723,51.06745,17.8,"facade","267501"
4.26494,51.21604,28.8,"facade","267504"
4.088971,51.25785,17.9,"facade","267516"
4.352091,51.16104,27.7,"facade","267522"
4.039027,51.05459,26,"facade","267525"
3.1672589611065,50.9588376043098,26.6,"facade","267528"
3.385176,51.06992,16.2,"facade","267534"
3.184123,51.29631,26.8,"facade","267552"
4.152974,51.16128,40.1,"facade","267555"
3.20156130473813,51.2201047878366,22.8,"facade","267558"
4.47827,51.14085,20.1,"facade","267561"
3.774263,51.07209,34.4,"facade","267570"
5.572597,50.93203,31.1,"facade","267573"
5.258734,50.87085,23.3,"facade","267576"
4.724128,50.98866,16.4,"facade","267591"
2.744964,50.85531,19.1,"facade","267606"
5.127002,51.19767,19.4,"facade","267609"
4.385877,51.18019,41,"facade","267618"
3.220221,51.1781,19.3,"facade","267624"
5.150423,51.0992,16.6,"facade","267639"
3.69365,51.06468,26,"facade","267642"
4.104634,51.04589,25.6,"facade","267660"
3.988443,50.89286,17.3,"facade","267687"
5.431572,50.84379,16.3,"facade","267702"
3.137204,51.11164,17.9,"facade","267717"
4.388483,51.09293,25.8,"facade","267729"
4.375299,50.9391,18.3,"facade","267741"
3.53963,50.96889,20.2,"facade","267753"
4.211059,50.96525,18.1,"facade","267759"
3.771825,51.17195,20.1,"facade","267762"
4.045444,50.85469,24.7,"facade","267768"
3.739654,51.17933,25.6,"facade","267777"
3.143593,50.94499,20.5,"facade","267786"
5.22488351846188,51.0110868178227,17,"facade","267789"
4.451228,51.14276,21.7,"facade","267792"
4.524227,51.0656,21.8,"facade","267795"
3.510976,51.10492,20.3,"facade","267801"
4.133325,51.15662,33.8,"facade","267807"
3.896382,51.00822,20.7,"facade","267816"
3.326923,50.99889,27.1,"facade","267819"
5.259377,51.00277,38.6,"facade","267828"
3.967986,50.91781,18.2,"facade","267831"
3.57821115213614,51.0793821462999,19.2,"facade","267843"
3.897645,50.84418,14.5,"facade","267864"
3.143054,50.93732,22.8,"facade","267867"
4.743591,50.89041,13.9,"facade","267873"
4.623519,50.96215,18.5,"facade","267879"
3.191868,50.81274,29,"facade","267882"
5.300069,51.22199,23.8,"facade","267885"
3.86087,50.84946,16.6,"facade","267888"
4.529949,51.12351,18.6,"facade","267897"
4.18767195113349,51.2245656582386,24.3,"facade","267900"
3.531339,51.07389,18.3,"facade","267906"
5.121266,51.25242,15.4,"facade","267909"
5.06994,51.45994,16.6,"facade","267912"
3.220309,50.82626,24.2,"facade","267918"
4.551785,51.03776,21.8,"facade","267921"
3.957518,51.04944,24.4,"facade","267927"
5.089742,51.31967,28.9,"facade","267933"
4.44584,51.20451,33.2,"facade","267939"
3.437914,50.89152,19.9,"facade","267948"
5.22389,50.80069,15.5,"facade","267969"
3.398164,51.25017,22.5,"facade","267981"
5.391094,51.15061,17,"facade","267984"
4.141639,51.16031,27.9,"facade","267987"
4.005018,50.91752,22.2,"facade","267990"
4.602236,50.85262,18,"facade","267993"
2.908144,50.85177,19.1,"facade","267996"
3.931396,51.01174,20.9,"facade","268029"
5.164071,50.94259,18.5,"facade","268032"
3.862392,51.13137,21.5,"facade","268056"
3.917697,50.9057,19.3,"facade","268059"
3.997324,50.91947,26.4,"facade","268068"
3.573024,50.98898,18.2,"facade","268071"
4.66167968062964,51.1142801811798,23.7,"facade","268080"
4.44245062566121,51.2021137084293,34.3,"facade","268089"
4.167511,50.81544,19.8,"facade","268095"
4.959167,51.31584,24.9,"facade","268098"
3.237213,51.21338,23.6,"facade","268110"
3.91387,51.17245,18.6,"facade","268122"
4.144466,51.06374,18.3,"facade","268131"
4.743799,51.29133,18.5,"facade","268134"
4.657441,51.08301,19.4,"facade","268140"
3.357653,50.93415,21.2,"facade","268155"
5.105412,50.83677,15.7,"facade","268161"
5.550158,50.85039,18.5,"facade","268167"
4.176723,50.99758,25.3,"facade","268173"
4.46496,50.94605,20.8,"facade","268185"
5.332373,50.92336,34.3,"facade","268197"
5.45969,50.97155,19.9,"facade","268206"
4.480845,51.20241,26.4,"facade","268212"
3.721774,50.97688,21.3,"facade","268215"
3.085602,51.06508,18.9,"facade","268224"
3.228503,50.78028,22.5,"facade","268227"
5.73409,51.03328,18.7,"facade","268230"
3.453401,50.87483,23.7,"facade","268233"
4.545246,50.98617,25.5,"facade","268236"
4.944213,51.16622,22.6,"facade","268257"
4.509466,51.29738,18.9,"facade","268266"
4.756644,51.42119,18,"facade","268272"
3.302175,50.86172,40.8,"facade","268275"
4.434647,51.28047,22.6,"facade","268284"
4.68025,50.94702,19.1,"facade","268287"
5.313667,50.90437,22.4,"facade","268293"
4.227688,51.1371,19.2,"facade","268305"
5.257538,50.92043,18.7,"facade","268323"
3.17258,51.19908,23,"facade","268326"
4.36451,50.93977,20,"facade","268341"
4.850615,50.84473,24.9,"facade","268344"
3.585101,51.01393,21.2,"facade","268371"
2.931494,51.20952,25.4,"facade","268374"
3.705875,51.07192,24.8,"facade","268380"
4.759948,50.94767,18.7,"facade","268425"
4.058075,51.19101,17.8,"facade","268434"
4.473033,50.84547,25.2,"facade","268440"
2.91077,51.2085,21.8,"facade","268452"
4.884686,51.22702,15.8,"facade","268458"
4.624499,50.90748,15,"facade","268467"
4.032446,51.15967,17.9,"facade","268494"
4.234855,51.09345,34.8,"facade","268503"
4.89756321397498,50.989905815289,16.6,"facade","268509"
4.245483,51.09384,22.3,"facade","268512"
3.05377,51.25916,23.4,"facade","268521"
3.23836054227213,50.8861081405791,23.4,"facade","268524"
3.022802,50.84873,17,"facade","268530"
5.480547,50.87501,21.6,"facade","268545"
5.478042,51.01885,33.9,"facade","268557"
4.944668,51.08482,15.6,"facade","268560"
5.577385,51.04576,15.3,"facade","268572"
4.378135,51.11045,28.7,"facade","268578"
4.556795,51.18967,34.4,"facade","268581"
4.419714,51.20495,37.8,"facade","268593"
4.27918901726962,50.7667043272221,28.5,"facade","268596"
4.572316,51.39099,18.1,"facade","268605"
3.805524,51.00244,22.9,"facade","268608"
3.951338,51.09968,19.6,"facade","268617"
3.284544,51.3437,31.7,"facade","268620"
3.754937,51.22236,21.1,"facade","268632"
4.73516,50.89716,19.1,"facade","268659"
2.885149,51.21388,24.1,"facade","268671"
3.91999983686283,50.9101758718819,20.7,"facade","268683"
5.457484,50.77946,34.1,"facade","268692"
5.075639,50.8585,16.7,"facade","268704"
3.958328,50.87504,29.6,"facade","268707"
4.50656,51.1682,23.7,"facade","268719"
5.496206,50.94507,22.2,"facade","268722"
4.363823,51.18033,29.1,"facade","268746"
3.987315,50.75459,21,"facade","268749"
3.09014161384918,51.1147478432068,19.7,"facade","268755"
4.858441,50.88784,15.5,"facade","268761"
4.17841,50.97661,19.8,"facade","268767"
4.831294,51.16275,21.2,"facade","268770"
5.21645629314145,50.8910669961869,18.5,"facade","268779"
4.641688,51.40366,20,"facade","268794"
3.185555,50.81197,31,"facade","268821"
3.780986,51.2239,22,"facade","268833"
2.620942,50.86227,16.7,"facade","268836"
2.668401,51.07243,37.5,"facade","268848"
5.340955,50.92483,22.4,"facade","268857"
4.388568,51.20965,36,"facade","268860"
4.757923,51.41641,16.6,"facade","268863"
4.679816,50.95466,15.5,"facade","268869"
2.93545,51.20269,26.1,"facade","268875"
4.742013,50.94606,18.4,"facade","268881"
3.730659,51.04385,25.7,"facade","268884"
3.689364,50.90487,15.9,"facade","268887"
5.262442,51.18944,14.7,"facade","268893"
4.046156,50.78838,17.7,"facade","268899"
4.341887,51.12621,22.4,"facade","268905"
4.138049,51.083,21.7,"facade","268911"
4.159836,51.03258,22.4,"facade","268917"
4.388782,50.93278,21.8,"facade","268920"
3.56928919814406,50.7798655884609,13.7,"facade","268923"
3.724595,51.05221,25.2,"facade","268935"
4.101558,51.19162,26.1,"facade","268938"
4.558685,50.78038,18.9,"facade","268941"
3.801062,51.00459,28.1,"facade","268944"
3.967026,51.00823,32.4,"facade","268965"
3.258829,50.82771,24.6,"facade","268971"
3.081494,51.18061,20.1,"facade","268977"
4.46128,51.28426,20.4,"facade","268980"
5.577745,50.80729,16.5,"facade","268983"
3.145134,51.02808,27.9,"facade","268989"
4.193123,50.92351,19.9,"facade","268998"
4.232895,51.17861,23.2,"facade","269001"
4.471446,51.19941,37.5,"facade","269013"
3.305571,50.8512,24.4,"facade","269016"
4.815644,51.03747,18.7,"facade","269019"
4.332282,51.19926,35,"facade","269025"
3.415128,51.14859,19.6,"facade","269028"
4.812732,50.81846,17.8,"facade","269031"
4.435309,50.93353,24.6,"facade","269037"
5.239501,51.06927,13.9,"facade","269040"
4.087816,51.17623,19.1,"facade","269052"
3.20046,51.19013,28.1,"facade","269055"
3.270851,50.99525,19,"facade","269058"
5.016272,51.01394,15,"facade","269076"
4.715322,50.95318,24.3,"facade","269079"
5.174838,50.8213,21,"facade","269088"
4.447605,51.19575,29.1,"facade","269091"
3.694013,50.99964,20,"facade","269094"
5.339325,50.9239,36.4,"facade","269106"
4.19709,50.83617,20.4,"facade","269109"
4.582037,51.31649,17.8,"facade","269115"
4.283892,50.97921,18.3,"facade","269124"
4.246365,51.09904,19.6,"facade","269130"
4.851014,51.35567,17.5,"facade","269133"
3.38275328365892,51.0496013599401,22.5,"facade","269142"
5.444661,50.97817,17.5,"facade","269145"
3.406294,50.88117,22.4,"facade","269148"
5.245299,51.02703,18.4,"facade","269151"
4.862623,51.34624,19.7,"facade","269157"
3.361365,50.80208,19.1,"facade","269169"
4.177161,50.89758,19.4,"facade","269175"
4.783977,51.03698,16,"facade","269178"
5.209707,51.06635,18.1,"facade","269190"
4.007223,51.10642,31.5,"facade","269199"
5.394067,51.15721,21.2,"facade","269208"
4.250843,50.7402,22.7,"facade","269211"
3.932782,50.91766,22.9,"facade","269214"
4.431148,50.9285,24.8,"facade","269223"
4.280323,50.85207,27.9,"facade","269226"
4.698221,50.88056,35.2,"facade","269244"
4.463585,51.14564,26.5,"facade","269250"
4.597649,51.21304,19.6,"facade","269253"
5.1002,50.9454,16.6,"facade","269262"
3.116624,50.99581,25.7,"facade","269265"
3.449935,51.0783,24,"facade","269268"
4.333672,51.13307,23.3,"facade","269280"
3.2970620379774,50.8964261016085,20.2,"facade","269283"
4.887846,50.81903,22.4,"facade","269289"
5.296547,50.94864,17.8,"facade","269301"
3.346255,50.8527,25.7,"facade","269307"
4.69021,51.29252,15.7,"facade","269328"
4.619535,51.41163,19.3,"facade","269331"
4.982796,51.17645,18.1,"facade","269337"
3.647795,50.96397,21.1,"facade","269343"
4.423241,51.01791,22.9,"facade","269355"
4.734753,50.90429,18,"facade","269364"
3.197426,50.79638,21.5,"facade","269370"
4.323141,50.923,18.8,"facade","269373"
3.718464,50.81816,20.4,"facade","269376"
4.050937,50.8997,20.7,"facade","269382"
3.201176,51.08926,18.9,"facade","269403"
4.032415,50.9493,24.7,"facade","269418"
4.451954,51.28132,21.2,"facade","269433"
4.242498,51.1007,22.8,"facade","269436"
4.752333,51.22543,16.9,"facade","269442"
3.895784,50.90614,16.2,"facade","269457"
3.698591,51.08864,24,"facade","269460"
4.470598,51.36862,17.1,"facade","269463"
5.550869,51.25832,17.7,"facade","269469"
4.384478,51.08446,23.5,"facade","269472"
4.473322,51.13131,21.5,"facade","269475"
4.831535,51.17825,24.5,"facade","269478"
5.232616,51.18733,14.5,"facade","269496"
4.08459528369015,50.8726762027241,26.9,"facade","269505"
3.943613,51.17861,20.8,"facade","269508"
4.946887,50.84317,32.1,"facade","269511"
3.983253,51.12718,19.3,"facade","269517"
2.687946,51.07227,22.5,"facade","269520"
5.578773,50.86989,17.5,"facade","269529"
4.641014,50.84428,15.3,"facade","269535"
3.142155,50.95155,23.2,"facade","269538"
3.200956,50.83584,23.9,"facade","269550"
4.678933,50.89909,20.1,"facade","269553"
4.107248,51.01757,20,"facade","269556"
3.714726,51.07575,41.5,"facade","269559"
3.180743,51.26761,28.8,"facade","269562"
3.242995,51.33885,28.5,"facade","269565"
3.015838,51.16379,31.6,"facade","269574"
4.072904,51.20262,18.2,"facade","269580"
3.095372,51.06514,24.4,"facade","269589"
4.936634,50.81328,37.5,"facade","269601"
4.382439,51.1857,34.1,"facade","269607"
4.856824,51.21213,16,"facade","269610"
4.398471,51.0769,23,"facade","269622"
5.092705,51.06953,20.6,"facade","269628"
3.32411329373793,51.1293221568788,17.7,"facade","269631"
4.075071,50.96234,24.2,"facade","269637"
4.950192,51.04339,16.7,"facade","269640"
5.366855,50.91447,18.6,"facade","269646"
4.354793,51.16495,29.3,"facade","269658"
5.291906,50.88768,20.4,"facade","269661"
3.036787,51.00228,21.1,"facade","269676"
4.369014,51.18134,38.6,"facade","269679"
4.4922155679576,50.7576419408501,21.5,"facade","269685"
4.487562,50.76605,18.4,"facade","269688"
3.11063,50.80197,25.2,"facade","269691"
5.741078,51.1632,18.7,"facade","269700"
4.359846,50.90877,30.7,"facade","269706"
3.198997,50.84507,22.9,"facade","269709"
3.13586743483924,50.9515679232646,25.7,"facade","269718"
4.460343,51.42253,23.3,"facade","269724"
5.327338,50.79916,14.3,"facade","269745"
3.605854,50.74429,26.1,"facade","269754"
4.259731,50.99112,20.3,"facade","269757"
4.285234,51.21266,25.9,"facade","269760"
5.697001,50.92492,19.3,"facade","269772"
3.708031,50.99775,24.3,"facade","269778"
4.359208,51.05769,34.3,"facade","269784"
4.145382,51.16946,31.8,"facade","269787"
5.409789,51.1819,16.2,"facade","269796"
4.442217,51.19797,30.6,"facade","269814"
4.49501,50.99103,22,"facade","269820"
3.484375,51.08942,18.7,"facade","269823"
3.105318,51.11466,19.1,"facade","269838"
2.63953,50.93926,19.4,"facade","269865"
4.492965,51.01948,45.3,"facade","269871"
3.259295,51.21451,21.1,"facade","269877"
2.928344,51.21816,30.4,"facade","269880"
3.772259,51.01079,23.1,"facade","269883"
3.203553,51.19026,25.3,"facade","269904"
5.357714,51.11539,14.5,"facade","269919"
2.972788,51.20165,22,"facade","269928"
4.341932,51.09881,23.9,"facade","269943"
4.039157,50.94181,40,"facade","269958"
3.253836,50.77118,26.7,"facade","269961"
3.122914,50.95907,19.5,"facade","269964"
3.727188,51.06514,32.8,"facade","269970"
4.516048,50.92377,23.5,"facade","269973"
4.799687,50.8727,16,"facade","269985"
4.93778812977076,50.9877849714893,15.5,"facade","269988"
3.477888,50.83411,33.7,"facade","269991"
4.233243,50.7424,19.8,"facade","269994"
2.905024,51.02737,22.9,"facade","270000"
5.37859713145467,51.0433763352706,20.4,"facade","270003"
4.515054,50.91128,20.5,"facade","270009"
4.424182,51.17836,33.2,"facade","270012"
3.367847,51.1329,19.7,"facade","270018"
4.780281,51.33013,18.5,"facade","270021"
4.431116,51.2544,26.9,"facade","270030"
2.890417,50.85191,26.7,"facade","270033"
3.885489,50.85695,21.5,"facade","270039"
4.414149,51.19352,40.7,"facade","270045"
3.319336,50.99171,24.4,"facade","270051"
5.35252,51.24228,15.4,"facade","270069"
4.594992,50.95511,22.8,"facade","270072"
4.874327,51.13865,20.5,"facade","270075"
4.458548,51.22037,51.4,"facade","270081"
4.816431,50.82039,18.3,"facade","270090"
3.584675,50.90453,19.6,"facade","270093"
3.974695,50.93435,23.1,"facade","270096"
4.38217,51.13383,26.3,"facade","270108"
2.682298,50.97184,20.7,"facade","270111"
4.572572,51.05489,22.6,"facade","270114"
4.192733,51.10496,20.8,"facade","270120"
4.067693,51.14536,18.6,"facade","270123"
5.62801788455639,50.8593112614479,20.6,"facade","270126"
4.268574,51.10217,25.3,"facade","270132"
4.806896,50.96525,17.4,"facade","270141"
4.00062403160845,50.7125596439745,16.4,"facade","270144"
3.895253,51.00819,40.4,"facade","270147"
5.120433,51.06485,18,"facade","270150"
3.676656,50.79587,14.3,"facade","270153"
4.398265,51.18407,35.4,"facade","270174"
3.556768,51.11833,21,"facade","270183"
4.466566,51.46703,32.7,"facade","270192"
4.424731,51.22288,39.7,"facade","270204"
5.065921,51.3195,16.3,"facade","270219"
4.565296,51.2312,20.4,"facade","270228"
3.562952,51.12097,21.2,"facade","270231"
3.40077527026967,50.8321688991478,17.1,"facade","270237"
3.44522,51.23448,19.1,"facade","270243"
4.371473,51.09955,27.8,"facade","270252"
4.100593,50.87258,17.9,"facade","270255"
4.637646,50.76567,14.9,"facade","270267"
3.711504,51.05069,32.1,"facade","270270"
4.432616,51.18022,41,"facade","270279"
4.472572,51.12676,23,"facade","270285"
5.194708,51.06241,17.6,"facade","270288"
4.940299,51.31599,18.5,"facade","270294"
5.733387,51.04212,29.2,"facade","270297"
4.433918,51.20193,38.7,"facade","270306"
2.972991,50.92967,19.2,"facade","270309"
2.958872,51.22381,25.6,"facade","270315"
3.552539,51.12656,16.7,"facade","270327"
4.158209,51.01963,20.9,"facade","270342"
5.48809,51.03257,15.3,"facade","270345"
3.621073,51.02383,18.6,"facade","270348"
4.062923,50.95395,24.1,"facade","270351"
4.841869,50.98602,22.1,"facade","270354"
4.06364,50.7727,17.2,"facade","270363"
4.453528,51.295,19.7,"facade","270366"
3.401398,51.15759,19.5,"facade","270375"
4.749905,50.88768,18.9,"facade","270405"
3.805479,51.19837,30,"facade","270408"
3.294038,51.35002,27.3,"facade","270417"
4.374735,51.0309,23.1,"facade","270435"
3.229858,50.83887,20.6,"facade","270441"
4.434256,51.18466,25.5,"facade","270447"
4.456579,51.25176,32.3,"facade","270453"
3.955877,51.18046,20.1,"facade","270456"
2.964528,51.22775,24.5,"facade","270480"
5.09085,50.99789,16.4,"facade","270483"
4.330955,50.73579,19.5,"facade","270489"
4.73253289696545,50.8758989597213,19.2,"facade","270492"
5.72862924245613,50.9280840162497,17.9,"facade","270504"
5.4951,50.94893,18.6,"facade","270507"
3.762874,51.09493,24,"facade","270510"
4.274155,50.73803,24.5,"facade","270513"
4.042712,50.98828,20.7,"facade","270516"
4.45186,51.25043,27.2,"facade","270519"
4.283099,50.75445,30.8,"facade","270522"
4.010951,51.04502,19.4,"facade","270531"
5.040546,50.97798,18.5,"facade","270537"
5.242807,51.05482,15.6,"facade","270540"
3.884777,51.00323,24.8,"facade","270546"
3.290358,50.80305,21,"facade","270549"
5.015383,50.97758,15.3,"facade","270555"
4.340914,51.13641,29.7,"facade","270558"
4.747705,50.88729,24.9,"facade","270597"
4.07499,51.10934,27.8,"facade","270600"
5.017147,50.97934,17.6,"facade","270606"
4.798471,51.25968,19.8,"facade","270609"
4.352148,50.71908,17,"facade","270618"
4.442384,50.91293,30,"facade","270624"
4.492583,51.12169,23.1,"facade","270636"
3.365541,50.85564,33.1,"facade","270642"
4.49423,50.7734,21,"facade","270645"
3.802179,51.03623,22.4,"facade","270651"
4.270198,51.08286,22.4,"facade","270660"
2.914249,51.04795,23.7,"facade","270678"
3.234611,51.01029,28.1,"facade","270681"
5.578111,51.04884,14.2,"facade","270696"
4.400494,51.21169,38.8,"facade","270723"
3.326795,50.85454,19.6,"facade","270726"
3.748797,51.07575,30,"facade","270729"
4.91618363283439,50.8108122172916,17.8,"facade","270738"
5.510155,50.97308,19.6,"facade","270744"
4.2463,50.73593,30.5,"facade","270747"
3.279521,51.20958,21.2,"facade","270753"
4.313026,50.76358,18,"facade","270762"
4.435225,51.15515,27.4,"facade","270774"
4.31542,50.78851,36.7,"facade","270816"
4.434373,51.13125,26.5,"facade","270822"
5.022035,50.99653,16.4,"facade","270825"
4.455427,51.203,28.6,"facade","270828"
4.511378,51.43153,20.2,"facade","270831"
5.027885,50.77011,21.6,"facade","270843"
5.325526,50.93785,20.7,"facade","270849"
5.005391,51.15789,18,"facade","270870"
4.172628,50.93458,17.2,"facade","270876"
4.583968,50.88194,20.7,"facade","270879"
4.53262,51.07438,21.6,"facade","270897"
4.869556,51.0465,18.5,"facade","270903"
4.461514,51.36852,17,"facade","270906"
5.152147,50.93129,17.7,"facade","270930"
4.493085,50.98751,18.6,"facade","270939"
4.867749,51.14527,25.5,"facade","270942"
4.107298,50.90378,37.2,"facade","270948"
4.110226,51.0194,31.5,"facade","270957"
3.320161,51.15241,19.3,"facade","270969"
3.965173,50.9183,20.8,"facade","270972"
3.730987,51.05503,27.7,"facade","270975"
4.506842,50.82864,26.6,"facade","271023"
4.192106,50.83372,21.9,"facade","271026"
4.101443,51.2213,19.1,"facade","271047"
4.83543,51.05103,19,"facade","271056"
4.127943,51.21755,33.5,"facade","271068"
4.747905,50.86254,18.7,"facade","271116"
3.034299,51.26966,25.1,"facade","271122"
4.002932,50.94237,24.6,"facade","271128"
5.428371,50.90638,26.8,"facade","271131"
2.608086,51.01029,19,"facade","271152"
4.475506,51.02856,26.4,"facade","271164"
5.320975,50.9486,22.9,"facade","271173"
3.88523618148987,51.0002303501353,25.4,"facade","271182"
3.74137,51.03587,35.1,"facade","271200"
4.212591,50.71952,23.7,"facade","271209"
4.490874,51.20731,29.8,"facade","271245"
2.671218,51.13197,27.3,"facade","271263"
3.521464,50.99058,21.3,"facade","271281"
4.77564478940652,51.0836762607467,18.7,"facade","271284"
5.303978,50.90014,19,"facade","271290"
4.202991,51.08,19.8,"facade","271296"
3.629482,51.04026,21.8,"facade","271305"
3.780223,50.89386,15.8,"facade","271323"
3.228221,51.27277,22.4,"facade","271353"
3.762684,51.10556,26.2,"facade","271359"
4.563533,51.18434,22,"facade","271362"
4.405959,51.22285,32.5,"facade","271371"
3.717259,51.08655,31.2,"facade","271380"
4.600187,51.25422,16,"facade","271386"
4.260382,50.84722,23.6,"facade","271410"
5.01389058370578,51.1291193769922,15.6,"facade","271419"
3.431396,50.94176,18.1,"facade","271422"
3.011116,51.19053,20.3,"facade","271437"
4.443817,51.21632,39.8,"facade","271455"
4.695761,50.85672,28.2,"facade","271461"
3.732343,51.05218,43.1,"facade","271473"
5.274872,50.97373,17.1,"facade","271485"
3.912167,51.01116,20.6,"facade","271488"
3.60831,51.09569,23.4,"facade","271494"
3.894399,50.88791,17.9,"facade","271497"
3.696994,51.07373,21.5,"facade","271506"
5.066817,50.97989,17.1,"facade","271515"
4.121639,50.93972,14.5,"facade","271527"
3.893647,50.90574,18.4,"facade","271530"
4.43102,51.18836,29.5,"facade","271533"
4.489664,51.03774,26.1,"facade","271551"
3.806552,51.01129,20.3,"facade","271554"
3.769527,51.02931,26.1,"facade","271560"
5.398381,50.88967,16.9,"facade","271563"
2.896931,51.20788,25.7,"facade","271575"
4.486871,51.009,22.5,"facade","271581"
5.711441,51.0342,18.9,"facade","271584"
4.9047,50.78419,21.5,"facade","271608"
3.105905,50.9662,19.2,"facade","271614"
5.396147,51.03407,14.2,"facade","271623"
5.391743,50.99012,16.3,"facade","271629"
5.542699,51.2407,17.7,"facade","271644"
3.78653,50.94516,19,"facade","271650"
4.168735,50.87114,24.8,"facade","271665"
4.918659,51.07696,17.7,"facade","271677"
3.217384,51.21619,46,"facade","271680"
3.093284,50.94322,18.9,"facade","271689"
5.176082,50.95868,20.1,"facade","271692"
4.622833,51.27225,19.2,"facade","271695"
4.071122,51.06537,24,"facade","271698"
2.675528,51.07641,23.8,"facade","271719"
4.59912,51.21648,26.3,"facade","271722"
4.928209,51.31429,21.5,"facade","271728"
5.157772,50.77655,20.4,"facade","271731"
3.473443,51.11486,18.9,"facade","271740"
4.071863,50.87961,24.5,"facade","271743"
4.062454,50.88272,23.8,"facade","271746"
4.438484,51.22228,40.6,"facade","271749"
5.356075,50.80007,18.7,"facade","271761"
4.175486,50.75513,17.4,"facade","271764"
3.807776,50.88885,16.4,"facade","271767"
4.26081,50.85608,18.4,"facade","271785"
4.75143,50.89035,17,"facade","271800"
4.46818,51.01964,23.5,"facade","271803"
5.38736,50.8576,40.8,"facade","271821"
4.123216,50.85556,17.3,"facade","271824"
3.524778,50.9881,24.8,"facade","271830"
3.842109,50.98568,27.3,"facade","271845"
4.34053,51.14387,25.8,"facade","271851"
5.273845,51.08315,13.7,"facade","271854"
2.791284,50.91854,18.5,"facade","271866"
4.049168,50.87379,22.8,"facade","271872"
3.429472,50.91014,20.6,"facade","271875"
5.649167,51.14158,20.7,"facade","271884"
2.607805,51.09591,17.7,"facade","271902"
4.124614,51.16916,19.3,"facade","271908"
3.746351,51.05831,37,"facade","271917"
4.423059,51.20414,34.5,"facade","271923"
4.894545,50.87855,14.8,"facade","271926"
4.027292,50.83912,19.7,"facade","271929"
4.431256,51.31459,22.7,"facade","271935"
5.462058,50.96013,19.3,"facade","271938"
3.485465,50.76047,16.1,"facade","271968"
4.277493,51.058,17.9,"facade","271977"
4.509197,50.7469,19.5,"facade","271989"
4.76676192124208,51.4090240757807,20.5,"facade","272025"
4.371926,50.94443,20.2,"facade","272031"
4.674478,51.16458,21.3,"facade","272046"
4.099838,50.91982,16.3,"facade","272052"
5.04416,50.91246,16.2,"facade","272061"
4.09914,51.04681,18.9,"facade","272070"
4.511858,50.82578,27.1,"facade","272073"
4.435637,51.24204,29.5,"facade","272076"
4.950643,51.31929,23.6,"facade","272082"
2.611936,51.1034,19,"facade","272088"
3.853892,51.18461,26.5,"facade","272094"
3.838016,51.04806,25,"facade","272103"
4.773743,50.98678,20.8,"facade","272106"
3.23156844851785,50.9289865621879,19.5,"facade","272118"
4.681384,51.15701,26,"facade","272130"
4.214855,50.96772,18.7,"facade","272133"
4.454529,51.22585,34.1,"facade","272148"
5.282366,50.94088,26,"facade","272151"
4.484175,51.12202,20.5,"facade","272163"
4.74406,51.01546,15.8,"facade","272166"
4.417418,51.2822,28.3,"facade","272175"
3.642213,50.86437,23.6,"facade","272187"
2.909886,51.21715,32.2,"facade","272193"
4.106122,51.23772,20.6,"facade","272196"
4.353642,51.18215,26.9,"facade","272208"
2.880727,50.85811,26,"facade","272211"
4.653969,51.25089,15.6,"facade","272217"
4.555533,50.99263,19.3,"facade","272226"
4.741549,51.0205,18.5,"facade","272229"
5.108357,51.19524,17.9,"facade","272238"
3.292861,50.83964,24.3,"facade","272256"
4.820565,51.19857,17.8,"facade","272280"
3.213825,51.21749,27.1,"facade","272283"
3.739647,51.05058,27.6,"facade","272286"
3.034457,51.10313,18.7,"facade","272292"
3.435751,51.11184,22.2,"facade","272295"
3.96761,51.10442,20.8,"facade","272298"
3.830468,50.88895,18.9,"facade","272301"
4.851234,50.99998,19.3,"facade","272304"
4.497358,50.98403,19.9,"facade","272313"
4.089944,51.15295,24.3,"facade","272316"
3.316514,50.85899,24.1,"facade","272319"
4.619724,50.78173,16.4,"facade","272322"
4.551143,50.90117,18.9,"facade","272331"
4.187016,50.97654,19.4,"facade","272337"
3.680246,50.80637,14.6,"facade","272343"
3.12235,50.89744,18.3,"facade","272346"
4.13755,51.17019,23.2,"facade","272349"
3.007477,51.09285,19.1,"facade","272352"
4.893097,50.9748,48.9,"facade","272358"
3.786597,50.93484,20.1,"facade","272361"
4.467105,51.29631,20.7,"facade","272370"
3.623042,51.06667,19.8,"facade","272379"
3.712513,51.05167,24.9,"facade","272382"
4.418009,51.22235,63.7,"facade","272385"
4.472554,50.87844,31.6,"facade","272388"
4.590331,50.88106,18.2,"facade","272394"
5.349183,50.95955,20.7,"facade","272412"
2.850238,50.95453,22.9,"facade","272418"
4.953143,50.93366,19.5,"facade","272421"
5.50562,50.86777,20.1,"facade","272424"
3.207915,50.91333,27.7,"facade","272430"
3.333,50.87728,17.4,"facade","272433"
3.136388,51.30287,22.2,"facade","272442"
4.080116,50.86729,21.9,"facade","272445"
3.182698,51.20701,22.7,"facade","272448"
4.225455,51.1246,24.8,"facade","272463"
4.747012,50.8324,21.4,"facade","272472"
4.278171,51.21754,29.9,"facade","272475"
4.895271,51.03293,16.8,"facade","272478"
4.813485,51.09918,18.8,"facade","272496"
5.457178,51.1296,17.6,"facade","272502"
4.366643,51.17745,39.6,"facade","272505"
4.40022503107295,51.227284430623,31.7,"facade","272520"
5.072956,51.1337,18.7,"facade","272526"
4.383138,51.13228,26.8,"facade","272550"
3.164496,51.10518,18.1,"facade","272559"
3.300476,51.35421,26.6,"facade","272562"
3.731406,51.08012,50.4,"facade","272565"
5.164076,50.93107,18.6,"facade","272580"
3.233189,50.84684,21.5,"facade","272583"
4.99052,51.36296,23.7,"facade","272601"
3.113194,51.07001,19.5,"facade","272607"
3.765123,50.99021,25.4,"facade","272613"
4.369941,50.92197,42.3,"facade","272616"
5.18023621310731,51.2799001413226,15.3,"facade","272622"
3.99566,50.8968,15.8,"facade","272634"
5.741019,51.17132,17.2,"facade","272637"
3.67009,50.79277,16.1,"facade","272664"
4.450249,51.16974,34.5,"facade","272670"
4.495535,51.16068,23.2,"facade","272679"
5.765205,51.10005,22.5,"facade","272682"
4.545669,51.05083,22.8,"facade","272685"
2.93605498642306,51.0239428315521,17.7,"facade","272706"
3.598562,50.74949,23.3,"facade","272721"
4.59319,51.17756,22.4,"facade","272724"
4.216015,50.73968,19.8,"facade","272730"
3.623103,51.00662,18.3,"facade","272733"
4.566813,51.27503,15.9,"facade","272742"
5.583234,51.0087,21.4,"facade","272748"
3.675059,51.15246,22.4,"facade","272760"
4.374303,51.09968,22.8,"facade","272772"
4.094851,51.1488,21.4,"facade","272778"
4.945077,51.28799,17.3,"facade","272784"
4.143255,50.86432,21,"facade","272790"
4.768884,50.89505,22.6,"facade","272796"
4.031608,50.81385,17.3,"facade","272802"
3.640168,51.0871,20.7,"facade","272808"
4.558456,50.88974,19.7,"facade","272811"
3.086242,51.06673,24.6,"facade","272814"
3.105494,50.88042,19.3,"facade","272826"
5.356656,50.79888,14.9,"facade","272838"
3.999865,51.12538,19.2,"facade","272844"
4.170428,50.75616,22.2,"facade","272853"
5.552722,51.17774,22.2,"facade","272859"
4.10335324511857,51.0210084304329,22.3,"facade","272868"
4.40474,51.20397,37.7,"facade","272871"
4.72271536535619,50.9365849604261,17.2,"facade","272901"
3.761543,50.86217,19.1,"facade","272904"
5.331092,50.87946,16.2,"facade","272910"
5.017248,51.18405,18.3,"facade","272919"
4.697918,50.87032,25.5,"facade","272934"
3.938531,50.91387,20.4,"facade","272937"
3.558953,50.84147,18.2,"facade","272943"
3.280559,51.21333,20,"facade","272946"
4.453726,51.1151,20.5,"facade","272949"
5.310052,50.93082,23.1,"facade","272952"
3.126345,50.94642,38.2,"facade","272955"
3.301756,50.84381,22,"facade","272961"
3.721222,51.0256,31.2,"facade","272964"
3.870698,50.94594,20,"facade","272967"
4.386866,51.09972,29.6,"facade","272979"
3.974739,51.00407,17,"facade","272988"
4.431757,51.32238,15.8,"facade","272991"
4.950734,51.32137,23.3,"facade","272994"
4.502199,50.81773,19.3,"facade","273003"
4.747596,51.00403,16.7,"facade","273009"
4.69158959981553,50.8781735030537,32.7,"facade","273015"
5.442869,50.77653,18.1,"facade","273018"
5.614034,51.08596,15.2,"facade","273024"
4.050003,50.91222,28.9,"facade","273033"
4.927707,51.43866,16.9,"facade","273036"
4.485189,51.02789,29.9,"facade","273042"
4.041471,51.11482,19.6,"facade","273045"
3.993072,51.10356,31.6,"facade","273060"
4.448671,51.18659,27.7,"facade","273063"
4.711906,50.87355,23.3,"facade","273078"
3.744043,51.03119,38.8,"facade","273081"
5.41177731531176,51.1781274771502,15.3,"facade","273090"
4.519803,51.23166,26.1,"facade","273096"
4.044727,50.89932,21.4,"facade","273099"
4.18143,50.97135,19.5,"facade","273105"
4.374926,51.18629,51.9,"facade","273108"
3.305076,50.84185,17.8,"facade","273117"
4.907367,51.20821,13.9,"facade","273120"
4.416488,51.10092,22.7,"facade","273123"
3.650518,50.9945,21.5,"facade","273132"
3.129172,50.92923,18.5,"facade","273135"
3.313973,51.20703,17.4,"facade","273138"
3.46123430328802,50.9649873997524,20.5,"facade","273153"
3.806256,51.01529,21.2,"facade","273180"
4.950427,51.27298,15.5,"facade","273189"
3.529141,50.98173,26.3,"facade","273195"
4.64237,50.95954,18.4,"facade","273198"
5.280369,51.04991,16.2,"facade","273204"
4.34306,50.7441,23.4,"facade","273228"
4.746926,51.31284,19,"facade","273240"
3.077269,51.06732,20.2,"facade","273243"
3.281879,50.82155,23.9,"facade","273252"
4.5979767831987,51.1052987510407,18.8,"facade","273258"
3.162674,50.84498,18.8,"facade","273267"
4.801019,51.11932,15.3,"facade","273273"
2.582318,51.09416,22.6,"facade","273276"
4.476885,51.05585,26.7,"facade","273285"
4.839185,51.31222,18.7,"facade","273297"
3.863217,51.17441,26.9,"facade","273303"
4.792853,50.98844,29.2,"facade","273312"
4.659811,50.87124,22.9,"facade","273318"
4.857727,51.14113,23.6,"facade","273330"
4.730709,50.89566,27.6,"facade","273345"
5.151239,51.19597,20.4,"facade","273348"
4.349239,51.10861,21.5,"facade","273366"
3.220031,51.04154,20.3,"facade","273375"
3.443327,50.91387,20.5,"facade","273378"
5.001219,51.36871,16.1,"facade","273381"
4.974422,51.1074,25.5,"facade","273390"
4.103265,50.83107,21,"facade","273411"
4.516156,51.09471,22.3,"facade","273414"
4.833735,51.17576,27.3,"facade","273417"
4.087069,51.0209,21.7,"facade","273426"
4.710496,50.89171,22.8,"facade","273432"
3.828824,50.94518,18.6,"facade","273441"
3.270001,50.85331,21.9,"facade","273459"
5.005564,51.30668,17.7,"facade","273462"
3.146388,51.19365,16.8,"facade","273465"
4.429093,51.28126,25.1,"facade","273471"
4.273954,51.07782,20.3,"facade","273477"
3.999163,50.83441,22.8,"facade","273483"
4.483014,51.16751,27.3,"facade","273489"
4.493631,51.19581,30,"facade","273492"
4.579084,50.98933,18,"facade","273498"
4.468244,51.19307,26.2,"facade","273501"
3.178361,50.81342,25.9,"facade","273510"
4.174148,50.85151,22.9,"facade","273516"
4.175748,51.11779,21.1,"facade","273522"
4.909376,51.05145,15.2,"facade","273534"
2.941579,51.21525,32.6,"facade","273552"
4.804303,50.87994,16,"facade","273582"
4.429017,51.30563,21.2,"facade","273585"
3.984712,51.1028,18,"facade","273594"
4.49488691834685,50.9335692110635,24.7,"facade","273597"
3.696903,50.79997,15.6,"facade","273600"
4.368496,51.09957,28.1,"facade","273606"
4.805448,50.9281,18.1,"facade","273612"
4.725058,50.87961,21.4,"facade","273621"
2.99954,51.03028,20.7,"facade","273633"
4.922867,51.0907,19.1,"facade","273639"
4.437304,51.01276,26,"facade","273645"
4.471328,51.30083,18.2,"facade","273648"
2.91092865361615,51.21341862273,26.8,"facade","273654"
4.825137,51.00025,17.4,"facade","273663"
3.130708,51.31547,28.7,"facade","273669"
3.202173,50.90737,23.9,"facade","273687"
5.454585,50.82967,16.4,"facade","273693"
3.279151,50.822,32.6,"facade","273705"
4.78566,51.29853,18.8,"facade","273714"
3.463108,50.93611,27.8,"facade","273720"
4.240418,50.81057,21.9,"facade","273723"
2.886019,50.97358,16.9,"facade","273732"
4.044957,50.94415,22.1,"facade","273735"
3.667393,50.84687,18.9,"facade","273750"
4.17750655766446,51.2796700105629,22.2,"facade","273753"
3.232592,50.88764,19.9,"facade","273771"
4.503764,51.39172,19.2,"facade","273780"
4.546317,50.88974,23.6,"facade","273783"
4.633738,50.86382,20.6,"facade","273789"
3.135082,51.19267,22.8,"facade","273807"
4.552886,50.90255,23.9,"facade","273813"
4.521045,51.3251,39.2,"facade","273816"
4.413669,51.10105,33.3,"facade","273828"
5.209738,51.17329,14.9,"facade","273831"
3.207836,51.21375,33.1,"facade","273837"
4.478681,51.30163,17.9,"facade","273840"
4.684197,51.06066,17.1,"facade","273849"
5.258852,51.12081,17.2,"facade","273867"
4.693538,50.93273,18.4,"facade","273876"
4.11001,51.0223,19.4,"facade","273879"
4.506871,51.31671,18.6,"facade","273894"
4.495832,51.28884,21.5,"facade","273906"
3.28643746663998,50.8492117199673,24.8,"facade","273912"
5.182972,50.95389,16.4,"facade","273933"
4.443685,51.2328,41,"facade","273936"
3.115682,50.94563,21,"facade","273951"
4.259087,50.87512,29.4,"facade","273954"
3.98013,50.71685,17.8,"facade","273963"
3.024749,51.12774,18.9,"facade","273987"
4.512122,51.29212,20.9,"facade","273990"
4.556577,51.3093,32.9,"facade","274005"
3.232882,51.09619,19.3,"facade","274032"
3.591632,51.24653,20.7,"facade","274041"
4.105085,51.11726,20.9,"facade","274044"
3.761542,50.99734,25.6,"facade","274047"
4.145227,51.16437,27.1,"facade","274050"
4.022738,50.76384,17.7,"facade","274065"
3.898337,51.03518,21.3,"facade","274068"
3.201074,50.83927,23.8,"facade","274074"
4.379573,51.16961,29.5,"facade","274080"
4.44312,51.04705,22.2,"facade","274086"
5.151048,50.8781,15.3,"facade","274089"
4.254746,51.21541,24.1,"facade","274092"
4.223516,50.95714,20.7,"facade","274095"
4.52251,51.25762,18.9,"facade","274107"
4.82395,50.89841,15,"facade","274116"
4.224025,51.12693,23.5,"facade","274119"
4.473295,51.30762,19,"facade","274137"
4.730725,50.83479,22.7,"facade","274146"
4.46248,51.02344,23.8,"facade","274152"
4.418373,51.21927,43.9,"facade","274164"
4.914471,51.07518,15.2,"facade","274179"
5.083417,51.13673,16.8,"facade","274185"
4.437106,51.31612,18.2,"facade","274188"
4.48719143843588,51.1899875414424,29.7,"facade","274191"
4.91738,51.22458,44,"facade","274197"
4.247294,51.01475,20.5,"facade","274206"
4.862295,51.35706,20.4,"facade","274209"
4.37563,50.95501,18,"facade","274215"
4.236685,50.95362,18.7,"facade","274221"
4.190025,51.02537,23.3,"facade","274224"
4.255657,51.2172,32.3,"facade","274251"
3.280479,50.82305,24.4,"facade","274254"
4.835126,51.20252,14.1,"facade","274257"
4.484349,51.1637,23.9,"facade","274266"
3.931247,50.98773,21.6,"facade","274275"
4.12271526813561,50.9266196073985,15.9,"facade","274281"
3.185579,51.19216,22.3,"facade","274293"
4.476381,51.19678,30.8,"facade","274305"
5.093299,50.83668,14.4,"facade","274308"
4.478095,51.1491,18.7,"facade","274317"
3.078752,50.97988,32,"facade","274320"
3.237611,50.86177,19.9,"facade","274344"
4.076985,50.94593,21.7,"facade","274350"
4.471101,50.87431,25.9,"facade","274353"
4.454608,51.21536,46.3,"facade","274356"
3.3788,50.82348,26.1,"facade","274365"
3.942334,51.11794,18.2,"facade","274398"
4.44351771963742,51.1542786648826,24.9,"facade","274413"
4.463478,51.21055,46.2,"facade","274425"
5.746362,51.14137,19.8,"facade","274431"
4.249409,50.86285,20.3,"facade","274437"
4.766828,50.90747,14,"facade","274440"
5.508972,50.99317,23.4,"facade","274446"
3.364545,50.79435,18.5,"facade","274452"
4.140721,51.14995,21.4,"facade","274461"
4.752341,50.98826,20.5,"facade","274473"
4.40929,51.2006,28.9,"facade","274482"
4.633995,50.76969,14.5,"facade","274506"
5.467397,51.13276,21.6,"facade","274509"
4.74116,50.87691,18.4,"facade","274530"
2.769927,51.03261,18.7,"facade","274536"
3.461316,50.90784,18.3,"facade","274548"
4.592749,51.21091,20.7,"facade","274557"
4.515301,51.22877,32.7,"facade","274560"
2.973407,51.19869,18.6,"facade","274566"
4.39264,51.1644,33,"facade","274575"
3.977843,51.09722,19.9,"facade","274581"
2.960641,51.11946,20.8,"facade","274587"
3.114252,51.12713,15.7,"facade","274590"
4.936042,51.37386,17.9,"facade","274599"
3.617284,50.87774,22.1,"facade","274620"
2.869523,51.03205,28.3,"facade","274626"
4.466448,51.1724,22.9,"facade","274629"
4.590699,50.88257,20.4,"facade","274632"
3.789262,50.96676,21,"facade","274635"
3.188172,50.81792,29.8,"facade","274641"
4.033527,50.81862,19.6,"facade","274644"
3.613396,50.75051,17.2,"facade","274653"
5.629941,50.89697,15.4,"facade","274659"
3.804249,50.94545,23.1,"facade","274671"
3.062857,51.17518,21.9,"facade","274686"
3.229182,50.8075,24.9,"facade","274698"
4.796254,50.87074,26.8,"facade","274701"
4.0288,50.94547,23.8,"facade","274710"
5.086036,51.32712,16,"facade","274716"
4.470086,50.97379,25.6,"facade","274719"
4.411008,51.22049,36.5,"facade","274728"
3.637907,50.84025,18.5,"facade","274731"
4.386921,51.11406,26.5,"facade","274743"
4.605829,51.22876,17,"facade","274746"
5.179838,50.80125,30,"facade","274752"
3.267254,50.85291,19.1,"facade","274755"
3.990306,51.04927,19.7,"facade","274758"
3.206524,51.03594,16.6,"facade","274770"
5.177614,51.03218,16.7,"facade","274782"
4.852164,50.84533,20.8,"facade","274788"
5.126066,51.07147,18.1,"facade","274800"
5.46332,50.7881,40.3,"facade","274803"
3.673036,51.07168,22,"facade","274818"
4.209741,51.0461,23.4,"facade","274821"
3.681307,51.08142,20.9,"facade","274824"
5.765279,51.12412,16.8,"facade","274836"
4.554166,51.18604,20.3,"facade","274845"
4.253006,50.87181,22.3,"facade","274848"
3.793194,50.92109,20,"facade","274851"
3.20851,51.18627,23.3,"facade","274854"
3.098776,50.99527,21.1,"facade","274872"
3.032046,50.9639,24.5,"facade","274881"
4.309615,50.72527,17.9,"facade","274884"
4.299742,51.14632,25.3,"facade","274887"
4.416313,51.28358,31.6,"facade","274893"
3.9857375537429,50.898224838852,22.1,"facade","274896"
4.272753,50.79915,22.9,"facade","274899"
2.687788,51.11692,16.9,"facade","274902"
3.635435,51.06934,17.8,"facade","274905"
2.82409,51.18985,22.1,"facade","274908"
3.314153,50.84953,22,"facade","274923"
4.052948,50.90922,24.5,"facade","274926"
4.537823,50.78016,17.5,"facade","274929"
3.460624,50.92719,18.7,"facade","274932"
3.830684,50.8913,21.7,"facade","274944"
4.110603,51.23812,21,"facade","274950"
2.904791,51.22479,25.6,"facade","274956"
4.392663,51.09006,28.5,"facade","274968"
3.240875,51.19887,26.9,"facade","274971"
3.116103,51.00194,24.3,"facade","274974"
4.04040865325197,50.9345079559499,38.2,"facade","274980"
4.451391,51.16739,24.6,"facade","274986"
3.700206,50.85831,16.8,"facade","274992"
3.795574,50.91091,17.9,"facade","274995"
4.469711,50.77589,18.8,"facade","274998"
4.229727,50.93328,17.3,"facade","275022"
5.307663,50.94128,21.8,"facade","275025"
3.173617,50.92658,25.5,"facade","275028"
4.281706,50.79515,21,"facade","275034"
4.614385,51.08915,18.8,"facade","275037"
4.760345,51.20909,22.1,"facade","275049"
3.622576,50.96414,23.6,"facade","275061"
3.622778,50.73704,15,"facade","275067"
4.699783,51.06182,20,"facade","275079"
4.471644,51.14989,24.3,"facade","275082"
4.049189,50.92047,21.1,"facade","275085"
5.326926,50.94019,21.5,"facade","275088"
5.00237,51.37446,16.7,"facade","275097"
3.526293,51.06586,18.7,"facade","275103"
3.239225,51.22456,29.3,"facade","275121"
4.552235,51.10975,21.2,"facade","275124"
4.569921,51.32581,18.3,"facade","275133"
4.481627,50.97365,24.4,"facade","275136"
5.552215,51.11171,20.2,"facade","275142"
2.832876,50.7824,20.5,"facade","275151"
3.015645,50.84283,22.7,"facade","275154"
4.728003,51.04496,20.3,"facade","275169"
4.316371,51.02379,27.3,"facade","275178"
3.0377,50.96285,27.8,"facade","275190"
3.13789987502786,51.0306176782724,19.1,"facade","275202"
2.885726,51.20803,24.1,"facade","275211"
3.24513,51.19775,22.4,"facade","275217"
4.055031,50.94539,20.7,"facade","275232"
4.937429,50.81424,16.4,"facade","275238"
4.704222,50.85808,20.8,"facade","275244"
4.376403,51.22224,27.8,"facade","275247"
4.580781,51.06296,33.6,"facade","275286"
3.825283,50.87291,32.1,"facade","275289"
3.802157,51.1103,25.2,"facade","275292"
5.310209,51.23999,19.7,"facade","275295"
4.861642,51.07816,16.3,"facade","275310"
3.559451,51.13648,20.5,"facade","275316"
5.272002,51.00894,21.8,"facade","275325"
3.392629,51.10975,20,"facade","275337"
3.928739,50.92227,18.5,"facade","275343"
4.450266,50.98546,21.3,"facade","275346"
3.01674473183642,51.0541208300693,19.3,"facade","275349"
3.785002,50.8087,19.4,"facade","275355"
3.851388,50.89084,18.4,"facade","275358"
3.224159,50.77978,23.2,"facade","275364"
4.727893,51.0773,22,"facade","275370"
5.376428,51.03048,75.3,"facade","275385"
4.40517,51.32175,19.7,"facade","275391"
2.977389,51.0941,20.2,"facade","275397"
4.653774,50.79705,13,"facade","275409"
5.07657,51.05825,17,"facade","275412"
3.442457,51.09097,23.1,"facade","275418"
3.251511,50.83776,18.1,"facade","275424"
4.456189,51.10757,22.1,"facade","275427"
2.886601,50.85393,29.2,"facade","275436"
5.073739,51.27876,18.3,"facade","275442"
5.404186,51.1833,21.8,"facade","275448"
5.128658,50.9802,15.7,"facade","275457"
5.347712,50.95155,20.2,"facade","275463"
5.783832,51.09905,28.7,"facade","275466"
4.247408,51.21275,27,"facade","275478"
4.723654,51.07239,26.6,"facade","275481"
4.352853,51.07285,23.9,"facade","275484"
4.85165,51.10186,18.9,"facade","275487"
5.086775,51.06008,19.2,"facade","275496"
4.789257,50.94276,19,"facade","275499"
4.550564,50.98529,18.6,"facade","275508"
5.08188,50.75438,19,"facade","275514"
4.40387,50.97738,16.7,"facade","275529"
4.058905,50.93172,27.3,"facade","275535"
3.724075,51.04129,28.8,"facade","275538"
5.530404,50.85376,16.7,"facade","275544"
3.77336632352152,51.0216429271414,21.8,"facade","275550"
4.451026,51.17455,27.5,"facade","275556"
4.630691,50.77421,15.5,"facade","275559"
5.591959,50.94056,18,"facade","275580"
4.725797,51.078,19.7,"facade","275583"
4.413343,51.27527,26.1,"facade","275592"
2.724479,51.14797,24.1,"facade","275595"
5.250079,50.94774,22.8,"facade","275601"
4.488226,51.29576,20.4,"facade","275604"
4.074651,51.21,25.7,"facade","275610"
3.714879,51.1126,20.5,"facade","275613"
3.054029,51.08907,21.7,"facade","275616"
4.959846,50.8009,20.2,"facade","275619"
5.143529,50.71781,14.8,"facade","275628"
3.490536,51.09162,19.9,"facade","275640"
5.090155,50.72252,15.5,"facade","275649"
4.706144,50.89087,28,"facade","275670"
4.470098,51.23551,33.6,"facade","275688"
4.486034,50.96163,22.4,"facade","275697"
4.872362,51.27533,16,"facade","275712"
5.200206,50.83269,17.4,"facade","275721"
3.14653978964352,50.9730738874326,17.4,"facade","275733"
4.70355,50.86801,39,"facade","275739"
4.417406,51.2771,31.7,"facade","275760"
4.611804,50.96282,22.9,"facade","275766"
3.948766,51.12703,21.1,"facade","275769"
3.791954,50.80161,17.9,"facade","275784"
4.487186,50.75931,22.7,"facade","275790"
3.906331,50.96184,18.8,"facade","275799"
5.319408,50.93125,23.3,"facade","275808"
5.50451,51.15912,16.5,"facade","275820"
4.720609,50.89988,20,"facade","275823"
4.970834,50.96923,21.2,"facade","275826"
5.535913,50.96565,15.9,"facade","275829"
5.29839,50.74048,16.3,"facade","275832"
4.924733,50.81132,28.6,"facade","275844"
4.066613,51.18179,20.2,"facade","275853"
4.357168,51.17531,29.4,"facade","275859"
4.692259,50.92537,22.1,"facade","275868"
4.267271,50.88559,24.7,"facade","275874"
3.808497,50.97566,22.3,"facade","275877"
4.294782,50.75708,25.9,"facade","275883"
5.336263,50.9962,19.3,"facade","275886"
5.080576,51.06071,17.5,"facade","275895"
5.01772,51.02532,15.2,"facade","275901"
5.448437,51.13574,19.5,"facade","275910"
3.728744,51.03201,28.5,"facade","275922"
4.052991,50.87826,19.8,"facade","275931"
4.195946,51.15308,24.6,"facade","275949"
5.343632,51.03865,17.7,"facade","275952"
4.473466,51.39057,19.9,"facade","275958"
4.730206,50.84141,22.4,"facade","275961"
4.467476,51.02956,38.6,"facade","275967"
2.966335,51.24195,29.7,"facade","275970"
4.44728,51.29959,17.8,"facade","275973"
5.085585,51.26537,17.8,"facade","275979"
4.432504,51.28362,22.6,"facade","275985"
4.489583,51.20569,30.4,"facade","275988"
3.579315,50.8742,17.6,"facade","276003"
4.651959,50.80589,20.7,"facade","276015"
5.492588,51.14004,17.1,"facade","276018"
3.743354,51.18008,21,"facade","276021"
3.711228,51.00001,31.7,"facade","276024"
4.123597,51.02006,21.4,"facade","276030"
3.982164,50.90931,18.5,"facade","276039"
4.137433,50.96301,17.9,"facade","276042"
4.15313,51.06217,23.1,"facade","276045"
3.61729,51.16159,18.6,"facade","276048"
3.208136,51.32999,38.5,"facade","276051"
4.352753,50.91118,28.7,"facade","276054"
4.936394,50.81875,25.7,"facade","276060"
4.825038,51.12363,36,"facade","276078"
4.98372916829631,51.1676389253238,19.1,"facade","276099"
4.686895,50.99956,16,"facade","276105"
2.612473,51.1077,21.1,"facade","276111"
4.918466,51.02645,15.2,"facade","276120"
3.234211,50.76473,19.7,"facade","276126"
5.096637,51.31909,16.9,"facade","276129"
5.523744,50.90126,18.6,"facade","276132"
4.515181,50.90107,23.5,"facade","276135"
4.474466,51.29148,18.1,"facade","276141"
3.311661,50.80813,20.2,"facade","276144"
4.399005,51.33876,19.6,"facade","276150"
4.33365,51.21132,33.6,"facade","276153"
5.017993,51.18275,18.5,"facade","276156"
3.39037,51.03913,20.1,"facade","276168"
4.453291,51.42684,16.3,"facade","276180"
4.552872,51.1301,23.8,"facade","276183"
4.099131,51.11037,19.4,"facade","276189"
4.323469,51.21279,28.6,"facade","276192"
4.957906,51.23871,24.7,"facade","276213"
3.144436,51.30791,23.9,"facade","276216"
3.573955,51.07555,21.4,"facade","276219"
4.162879,50.80351,15.6,"facade","276225"
3.902471,51.11492,21.9,"facade","276231"
5.094028,51.15394,20.1,"facade","276234"
3.329577,50.92043,26.5,"facade","276240"
5.530647,50.96902,31.2,"facade","276249"
3.993144,50.91789,23.7,"facade","276252"
4.102007,51.04751,20.4,"facade","276258"
3.732597,51.05962,32.3,"facade","276270"
2.914079,51.22997,37.1,"facade","276276"
4.506874,51.09584,27.1,"facade","276279"
4.12498,51.21654,23.6,"facade","276294"
4.14442,51.16465,29.9,"facade","276297"
3.856291,51.21085,23,"facade","276300"
3.793586,51.07803,27.4,"facade","276330"
3.579455,51.07845,20.9,"facade","276342"
3.28311846896588,50.8225659788179,24.3,"facade","276351"
3.23974714543497,51.1834722941973,25.9,"facade","276363"
4.359301,51.05787,35,"facade","276375"
4.792661,51.00211,15.9,"facade","276384"
4.511337,51.0576,22.6,"facade","276387"
5.080567,51.13471,38.1,"facade","276393"
3.27192,50.84203,22.3,"facade","276396"
4.351455,51.17297,31.7,"facade","276402"
3.03917059503198,51.0367277456537,20.5,"facade","276405"
5.251843,50.76476,17.2,"facade","276420"
3.405527,50.83508,21.5,"facade","276423"
3.653004,50.9055,26.9,"facade","276429"
5.136486,51.20683,16.6,"facade","276441"
4.917949,51.31947,25.4,"facade","276444"
5.783543,51.1332,19.4,"facade","276447"
4.01059297221379,50.992290471246,18.2,"facade","276459"
4.961659,50.80901,21.6,"facade","276471"
3.311922,50.8745,20.7,"facade","276480"
3.123689,50.94086,29.1,"facade","276486"
5.113042,50.9806,17.4,"facade","276501"
3.650545,51.05006,21.1,"facade","276507"
4.586688,51.1455,18.2,"facade","276510"
4.962915,51.26916,18,"facade","276513"
4.446523,51.17546,26.2,"facade","276516"
5.031662,51.06428,15.4,"facade","276519"
4.610463,50.89914,19.3,"facade","276543"
4.002572,51.1197,19.4,"facade","276546"
4.553865,51.36155,18.1,"facade","276555"
4.575787,51.29478,24.1,"facade","276570"
4.738229,50.93859,38.6,"facade","276579"
5.00817,50.86646,14.1,"facade","276582"
3.804289,50.89449,22.6,"facade","276594"
2.892273,51.21202,26.9,"facade","276612"
4.54935,50.8988,18.3,"facade","276627"
3.402436,51.01374,23.2,"facade","276633"
4.574437,50.88015,21.5,"facade","276636"
4.980021,51.16352,20,"facade","276639"
4.101382,51.26032,20,"facade","276642"
3.243097,51.23242,22.8,"facade","276666"
5.031803,50.87216,20,"facade","276669"
3.567573,51.19256,20.1,"facade","276675"
4.483651,51.30803,18.9,"facade","276681"
5.018157,51.06425,16,"facade","276684"
3.12856434332488,51.3133894249915,30.1,"facade","276696"
5.488248,51.21739,15.6,"facade","276699"
5.330181,50.81025,13.7,"facade","276705"
4.440337,50.96239,19.1,"facade","276738"
3.863549,50.90258,17.9,"facade","276741"
3.4264,50.77695,17,"facade","276774"
4.305518,51.35933,25.2,"facade","276777"
4.448491,51.20968,42.3,"facade","276783"
3.399069,50.89021,19.3,"facade","276786"
3.862049,50.96766,18.7,"facade","276810"
4.390478,51.23233,30.5,"facade","276813"
4.383332,51.2217,27.3,"facade","276816"
4.727427,50.94457,30.7,"facade","276819"
3.686944,51.17837,19.2,"facade","276825"
5.016188,50.98659,16.7,"facade","276828"
3.978053,51.08984,22.4,"facade","276840"
4.544311,50.89241,21.9,"facade","276852"
3.464515,51.04853,22.8,"facade","276858"
4.504702,51.16731,23.4,"facade","276891"
3.808613,51.039,21.7,"facade","276894"
3.229442,51.21855,24.9,"facade","276900"
3.283284,51.10203,12.4,"facade","276903"
2.973662,51.19638,21,"facade","276915"
3.76697092048653,51.0843453477589,26.7,"facade","276936"
3.189219,50.78832,24.9,"facade","276939"
4.473697,51.30329,17.3,"facade","276957"
3.963652,50.95727,17.7,"facade","276975"
5.780931,51.10593,20.3,"facade","276978"
3.62186049190755,50.84276982225,16.1,"facade","276987"
3.690881,51.07431,23,"facade","276993"
4.155126,50.86709,20.9,"facade","276996"
3.01749,51.09647,20.1,"facade","277002"
2.61169,51.10848,22,"facade","277005"
4.038855,50.8889,18.9,"facade","277032"
3.733528,51.05326,30,"facade","277038"
3.748744,51.23008,21.2,"facade","277041"
4.742499,50.94648,15.7,"facade","277044"
3.529787,50.96109,18.5,"facade","277047"
3.664412,50.84785,17.4,"facade","277050"
4.473634,51.1975,28.8,"facade","277062"
3.682161,51.13122,20.2,"facade","277065"
3.48067216138358,51.1282822726471,18.8,"facade","277074"
3.121943,50.7923,19,"facade","277080"
4.988395,51.24285,18.2,"facade","277095"
4.090973,51.2212,21.5,"facade","277131"
3.23224,51.13783,22,"facade","277134"
3.260404,50.76451,20.4,"facade","277137"
5.412499,50.91118,22.7,"facade","277167"
4.72834,51.08597,17.8,"facade","277188"
4.451328,51.19827,27.1,"facade","277200"
4.274025,51.22443,31.1,"facade","277209"
2.984105,50.8553,18.6,"facade","277212"
3.978837,50.90069,18.5,"facade","277221"
4.952203,50.8259,17.5,"facade","277242"
4.608669,51.00625,15.9,"facade","277245"
4.184192,50.96416,19.4,"facade","277257"
3.090221,50.93005,19.8,"facade","277266"
5.104792,51.23789,17.3,"facade","277269"
3.957118,51.04605,18.9,"facade","277275"
4.134113,50.80316,19.6,"facade","277278"
4.618128,51.25051,18.5,"facade","277281"
3.695636,51.14218,24.8,"facade","277299"
3.77323,51.02495,45.5,"facade","277308"
3.46614,50.8465,17.1,"facade","277314"
3.208482,51.19084,23.2,"facade","277329"
4.62297,50.98072,14.8,"facade","277332"
4.26276222550454,50.8552648330579,25.7,"facade","277341"
4.808038,51.15541,29.4,"facade","277356"
3.776208,51.07196,23.9,"facade","277365"
4.957485,51.33321,19.6,"facade","277377"
3.420139,50.89682,17,"facade","277386"
4.239148,50.84409,22,"facade","277392"
4.41595,51.20338,31.6,"facade","277404"
5.787839,51.10074,21.6,"facade","277419"
3.809924,50.86128,18.6,"facade","277437"
5.323428,50.93501,21.8,"facade","277440"
4.182796,50.77317,14.2,"facade","277449"
4.466096,51.01702,34.2,"facade","277452"
3.801127,50.86493,20.8,"facade","277461"
4.667236,51.29553,16.6,"facade","277470"
3.98739536930978,50.9391286355916,26.7,"facade","277476"
5.49655,50.97517,27,"facade","277482"
5.041129,50.90056,13,"facade","277506"
4.092241,51.00914,22.2,"facade","277518"
2.977788,51.24084,21.6,"facade","277530"
5.51082284143162,50.9626124305326,18,"facade","277533"
3.779113,51.17372,27,"facade","277563"
4.101486,50.89633,28.8,"facade","277575"
4.336779,51.22197,30.9,"facade","277578"
4.549628,50.9013,19.7,"facade","277593"
3.184069,51.28747,26.8,"facade","277599"
3.774081,50.90845,17.3,"facade","277602"
3.295553,51.34849,22.5,"facade","277614"
3.535672,50.8245,22.8,"facade","277617"
3.529384,51.20327,21,"facade","277620"
3.963029,51.00777,21.8,"facade","277623"
3.404498,51.07686,15.4,"facade","277629"
2.717562,50.90443,17.4,"facade","277638"
4.571774,51.00336,17.6,"facade","277668"
4.840827,50.88827,13,"facade","277671"
4.558067,51.26164,19.4,"facade","277674"
3.261606,51.16094,28.7,"facade","277677"
4.23613,50.74213,18.3,"facade","277680"
4.456603,51.23042,40.2,"facade","277692"
4.183244,51.0164,19.7,"facade","277704"
4.958306,51.34362,16.2,"facade","277749"
4.807921,50.90168,18.1,"facade","277755"
3.629004,51.04746,21.9,"facade","277767"
5.380208,50.86823,16.1,"facade","277770"
3.877312,51.06935,23.7,"facade","277776"
4.735916,51.08054,17.4,"facade","277779"
3.203832,51.20143,23.7,"facade","277782"
4.23063148762849,50.9972568522363,18.3,"facade","277788"
5.728553,50.94391,18.9,"facade","277797"
4.54372471951638,51.2522081359027,19.7,"facade","277800"
4.268876,50.84702,26,"facade","277815"
3.922916,50.81317,17.2,"facade","277845"
5.668663,50.81615,18.3,"facade","277851"
4.96734,50.98895,18.2,"facade","277872"
3.00902,51.08978,19.1,"facade","277884"
4.496537,51.09129,22.8,"facade","277890"
5.271459,50.95264,24.1,"facade","277893"
2.752105,51.13004,20.3,"facade","277896"
3.643105,51.08723,21.9,"facade","277905"
2.692237,50.89289,17.1,"facade","277917"
4.161993,51.17523,19.1,"facade","277926"
3.2463460374755,51.1916146043532,20.8,"facade","277932"
4.361358,51.05994,46.9,"facade","277935"
3.731727,51.15849,21.1,"facade","277944"
3.286206,50.77754,18.3,"facade","277950"
4.37878845471283,50.9666255856564,20.7,"facade","277974"
4.039659,50.92958,49.5,"facade","277980"
2.681873,51.07377,20,"facade","277983"
4.055866,51.23249,20.2,"facade","277989"
3.81037,50.78107,15.7,"facade","277998"
3.121386,51.30845,25.1,"facade","278004"
5.53787,50.80233,16.4,"facade","278007"
3.31526,50.83504,21.5,"facade","278010"
4.721223,50.87261,26.4,"facade","278028"
4.513285,50.81722,17.3,"facade","278046"
3.292992,51.09568,16.5,"facade","278049"
4.415994,50.91754,21.6,"facade","278052"
3.194839,50.79884,21.7,"facade","278055"
4.732074,50.83727,17.6,"facade","278076"
5.083089,50.72569,16.9,"facade","278082"
5.579971,50.8464,17.8,"facade","278085"
4.576094,50.87529,17.7,"facade","278088"
4.10444042207739,51.0216840060769,23.9,"facade","278100"
5.069525,50.74755,15.8,"facade","278112"
4.067637,50.88788,19,"facade","278115"
4.45540255263171,51.360414646202,17,"facade","278118"
2.851429,50.89648,17.9,"facade","278121"
4.424982,51.00961,23.9,"facade","278130"
5.510674,51.00618,26.9,"facade","278142"
3.249132,50.92416,20,"facade","278145"
4.011305,50.89684,17.1,"facade","278148"
3.327673,51.20375,19.9,"facade","278157"
4.9858,51.16185,22.2,"facade","278181"
3.196913,50.93159,21.5,"facade","278184"
4.357325,50.90273,23,"facade","278196"
5.059447,51.02729,16.1,"facade","278205"
5.711578,50.98057,19.9,"facade","278214"
4.648899,51.00563,20,"facade","278226"
3.173843,50.81526,20.9,"facade","278235"
4.256904,50.83813,24.5,"facade","278238"
4.460175,51.29761,18,"facade","278262"
4.324815,51.34612,26,"facade","278274"
5.354758,51.04441,23.4,"facade","278286"
3.662235,51.07336,26.8,"facade","278289"
4.683883,50.98886,16.2,"facade","278304"
3.082121,50.97556,19.6,"facade","278313"
5.077652,51.135,16.6,"facade","278319"
3.178222,50.81119,25.5,"facade","278322"
4.365983,50.91236,29.4,"facade","278325"
3.10792,50.9426,22,"facade","278364"
4.788223,51.07238,22.3,"facade","278382"
2.872919,50.856,32.4,"facade","278388"
2.960945,51.01532,19.4,"facade","278394"
5.247752,50.91232,16.2,"facade","278400"
4.089713,50.8423,20.6,"facade","278403"
4.311398,50.89911,34.4,"facade","278406"
3.154812,50.83704,18.4,"facade","278427"
4.793841,51.22642,14.8,"facade","278436"
4.923991,51.22876,16,"facade","278445"
4.72267,50.88083,23.4,"facade","278481"
4.366835,50.93367,21.9,"facade","278484"
3.717547,50.84022,16.5,"facade","278487"
4.502563,51.24958,22.6,"facade","278490"
5.41586,51.13711,15,"facade","278505"
3.331049,50.99678,25.5,"facade","278508"
3.247491,51.21437,26,"facade","278517"
4.349125,50.90621,24.2,"facade","278520"
4.918443,50.91351,18.2,"facade","278532"
4.162286,51.05063,18.5,"facade","278535"
3.210386,51.2066,25.5,"facade","278541"
3.600289,50.84811,29.2,"facade","278547"
3.74605,51.04978,29.4,"facade","278562"
5.236205,50.95846,23.1,"facade","278568"
4.66369880908697,51.2174554062561,28.3,"facade","278574"
3.699924,51.11695,22.6,"facade","278583"
4.959334,51.18262,17.2,"facade","278586"
3.463193,50.90157,23.3,"facade","278598"
4.130896,50.93159,17.1,"facade","278604"
4.039501,51.2074,24.9,"facade","278607"
3.106737,51.06299,29,"facade","278613"
4.537031,51.22481,24.9,"facade","278616"
4.517243,51.20538,27.4,"facade","278625"
3.280803,50.77776,31.3,"facade","278628"
4.579759,51.15152,35.5,"facade","278640"
4.38023,51.13337,27.5,"facade","278658"
3.332177,51.12814,23.8,"facade","278661"
4.575896,51.02197,17.4,"facade","278664"
4.420429,51.15881,27.3,"facade","278688"
4.293966,50.73547,16.3,"facade","278694"
3.848423,50.985,20.6,"facade","278724"
4.890228,50.97172,19.4,"facade","278733"
4.077966,50.90983,18.5,"facade","278736"
4.710589,50.92564,20.2,"facade","278739"
4.421234,51.22133,49.1,"facade","278751"
4.536693,50.7978,15.6,"facade","278763"
3.725643,51.0315,28,"facade","278766"
4.081944,51.20571,15.9,"facade","278769"
4.160544,51.0869,19.4,"facade","278772"
3.275935,51.05844,30.9,"facade","278775"
4.649223,51.21838,21.8,"facade","278778"
4.50714,51.3082,24.8,"facade","278802"
4.720567,50.92819,19.6,"facade","278811"
4.822361,51.31537,20.4,"facade","278817"
4.347541,51.17496,32,"facade","278820"
4.389228,51.13107,31.1,"facade","278823"
4.47359,51.36008,16.4,"facade","278829"
5.302905,50.90739,21.6,"facade","278847"
4.56731,50.85235,18.6,"facade","278850"
3.772355,51.04553,20.3,"facade","278853"
4.54467957911744,50.9971251933685,18.9,"facade","278862"
3.297073,50.77925,19,"facade","278865"
5.189342,50.81762,23.9,"facade","278871"
4.505229,51.20236,22.5,"facade","278883"
3.4641,50.78114,21.7,"facade","278895"
4.510606,51.18512,23.2,"facade","278904"
4.160273,50.86855,31.9,"facade","278910"
5.578507,51.07792,16,"facade","278919"
4.84372154434241,50.9745227684443,18.7,"facade","278922"
4.664179,51.26666,15.7,"facade","278925"
3.227507,51.20941,30.5,"facade","278943"
4.631326,51.14429,17.1,"facade","278949"
3.580426,51.26735,24.4,"facade","278952"
3.630737,51.2714,20.3,"facade","278958"
5.50100174094105,50.982113829071,20,"facade","278961"
4.003965,50.8359,27.6,"facade","278979"
3.182097,50.82309,21.5,"facade","278988"
3.718459,51.09196,23.6,"facade","279006"
3.515775,50.96354,18.7,"facade","279012"
3.275543,50.81302,23.7,"facade","279021"
2.688541,51.0579,22.2,"facade","279027"
4.752706,50.91689,13.9,"facade","279033"
4.93103,51.31884,21,"facade","279039"
4.715469,50.87237,24.8,"facade","279048"
4.76958,51.39974,18.6,"facade","279051"
4.369551,51.10346,29.9,"facade","279054"
4.938652,50.81112,22.1,"facade","279063"
3.98988,51.22505,21.7,"facade","279069"
3.673326,51.07824,16.9,"facade","279087"
3.9394062213976,51.1755031193766,18.1,"facade","279090"
3.599644,50.75332,16.8,"facade","279108"
4.03188,51.0033,20.8,"facade","279114"
4.448693,51.21098,41.2,"facade","279120"
4.832436,51.22552,18.2,"facade","279123"
5.13463411990998,50.7554256694556,15.2,"facade","279129"
4.1129,51.16606,32.5,"facade","279174"
4.149386,51.25677,23.4,"facade","279183"
3.74749980082306,51.0244066148274,23.3,"facade","279189"
5.062458,50.72726,16,"facade","279192"
3.289438,50.83947,23.5,"facade","279195"
5.711815,51.08954,17.4,"facade","279198"
3.446147,51.20791,27,"facade","279201"
5.49477251976177,50.9701954153125,19.1,"facade","279210"
3.868278,50.98201,19.6,"facade","279222"
4.247419,51.21609,28.5,"facade","279234"
4.990749,51.17692,17.3,"facade","279240"
4.147731,51.00556,23.4,"facade","279243"
4.027566,50.9369,32.1,"facade","279246"
3.431859,51.00996,16.4,"facade","279252"
4.928951,51.31699,21,"facade","279267"
4.451949,51.25665,26.7,"facade","279279"
4.853375,51.32145,19.7,"facade","279282"
5.310954,51.04272,18.8,"facade","279288"
4.163853,51.18536,21.8,"facade","279291"
4.147795,51.11378,33.1,"facade","279297"
5.142421,51.13807,15.1,"facade","279303"
4.542349,50.8809,20.4,"facade","279309"
4.50613937397904,51.0332718835616,38.4,"facade","279312"
4.150426,51.11375,24.2,"facade","279321"
4.510917,51.09508,30.5,"facade","279324"
4.511691,50.97193,16.9,"facade","279333"
3.709518,51.07232,32.8,"facade","279339"
3.12393,51.17814,22.7,"facade","279342"
4.31858146582305,51.094338130698,17.8,"facade","279345"
5.348865,50.89962,18,"facade","279354"
3.288677,50.91914,20.7,"facade","279366"
4.397206,51.17208,31.2,"facade","279372"
4.453866,51.16882,29.1,"facade","279393"
4.650043,50.90349,20.5,"facade","279396"
4.212085,51.13234,30.7,"facade","279399"
3.250687,51.19321,20.8,"facade","279405"
4.312962,51.00692,27.4,"facade","279414"
3.288129,50.81194,22.4,"facade","279438"
2.8233,50.78601,19.3,"facade","279441"
5.263945,50.78332,19.7,"facade","279444"
4.666759,50.84552,19,"facade","279447"
4.542754,50.87447,24.6,"facade","279456"
4.443463,51.04548,25.5,"facade","279459"
3.708924,51.07028,29.5,"facade","279486"
5.145546,50.81537,15.9,"facade","279495"
4.965495,51.3218,21.5,"facade","279507"
4.63854,50.92361,16.2,"facade","279513"
4.101933,51.0283,21.4,"facade","279516"
4.295708,51.04248,20.1,"facade","279519"
5.146286,50.9661,24.3,"facade","279534"
4.686031,50.87395,21.8,"facade","279549"
5.358529,50.80268,14.9,"facade","279555"
4.923881,51.16358,20.6,"facade","279561"
4.77985,50.943,17.6,"facade","279564"
3.99587,50.83879,17.1,"facade","279585"
4.771621,51.43501,19,"facade","279591"
4.476866,51.14273,17.7,"facade","279600"
4.52079828944722,51.1002745182213,19.8,"facade","279603"
4.424204,51.22261,34.1,"facade","279606"
3.189022,50.79464,28.8,"facade","279609"
5.295447,50.87717,19.1,"facade","279612"
3.587698,50.8489,21.3,"facade","279618"
4.45665,51.1806,23.3,"facade","279633"
5.460418,50.92526,17.5,"facade","279642"
3.183311,50.79529,23.5,"facade","279651"
3.494599,50.82164,17.7,"facade","279666"
4.852858,51.35562,18.4,"facade","279675"
4.26135498016301,51.0433770307481,24.3,"facade","279681"
4.804373,51.02577,15.9,"facade","279687"
4.582397,51.23341,29.1,"facade","279693"
4.849662,50.96957,21.7,"facade","279705"
4.751968,51.30402,21.1,"facade","279714"
4.192192,51.06493,19.5,"facade","279720"
4.221232,51.0931,22.3,"facade","279723"
3.420247,50.8207,16,"facade","279729"
4.476921,50.88622,30.3,"facade","279738"
2.928415,51.20428,17.1,"facade","279741"
4.474167,51.02157,45.9,"facade","279744"
5.651358,50.89661,16.8,"facade","279750"
4.108612,50.75964,21,"facade","279759"
4.532585,51.0378,20.4,"facade","279762"
3.745103,51.18085,25.8,"facade","279765"
3.245603,51.31631,23.8,"facade","279792"
3.617262,50.84131,18.4,"facade","279795"
3.309326,50.86887,22.4,"facade","279819"
5.084724,51.25506,16.8,"facade","279822"
4.566348,51.01389,17.6,"facade","279846"
5.096419,51.18318,16,"facade","279849"
5.561852,51.0012,15.2,"facade","279861"
4.239395,51.17996,28.2,"facade","279864"
4.594908,50.96445,18.5,"facade","279873"
4.099628,51.23903,24.4,"facade","279882"
3.701732,51.06897,21.3,"facade","279891"
3.768673,51.0355,23.7,"facade","279906"
4.693717,50.88167,25,"facade","279918"
4.193373,51.2064,24.5,"facade","279933"
4.130758,50.93652,19.8,"facade","279945"
4.69945,50.86707,21.1,"facade","279954"
4.489086,51.00256,19.7,"facade","279957"
3.090705,51.19864,20,"facade","279960"
4.645593,51.00992,18.2,"facade","279963"
4.490762,51.19454,24,"facade","279966"
4.72365108715627,50.927046941289,24.2,"facade","279969"
4.728807,50.88661,19.6,"facade","279981"
3.30329,51.05528,18.5,"facade","280014"
3.863294,50.76353,31.4,"facade","280017"
4.386362,50.9759,26.4,"facade","280020"
4.400766,50.9281,20,"facade","280029"
3.092929,50.93138,19.3,"facade","280038"
3.45423,50.91208,18.1,"facade","280050"
3.966741,50.96335,15.3,"facade","280053"
4.517065,50.7497,25.9,"facade","280056"
3.709385,50.85081,15.5,"facade","280074"
4.930461,51.32065,50.2,"facade","280077"
2.959568,50.91715,22.8,"facade","280092"
5.612531,50.82963,14.9,"facade","280095"
3.432423,51.10938,20.3,"facade","280119"
4.410602,51.20257,35.1,"facade","280125"
4.026954,50.96307,23.8,"facade","280140"
4.505658,51.22838,24.6,"facade","280143"
4.353941,50.98625,22.2,"facade","280146"
4.279281,50.7445,22.1,"facade","280149"
5.301715,51.22487,23.1,"facade","280158"
4.686102,50.87774,26.6,"facade","280164"
4.333291,51.37742,18.9,"facade","280179"
5.066094,50.97204,18.4,"facade","280182"
4.944672,51.01405,15,"facade","280194"
3.793286,50.88194,18.8,"facade","280200"
3.72925,51.1112,25.4,"facade","280203"
3.711817,50.82814,18.2,"facade","280209"
5.515796,51.1868,18.2,"facade","280233"
3.358802,50.95549,20.8,"facade","280239"
3.746654,51.20557,18.6,"facade","280242"
4.931546,50.86439,14.7,"facade","280251"
3.76871236191281,50.8961144151723,15.6,"facade","280260"
4.336038,51.13839,32.6,"facade","280263"
5.707827,51.08805,19.4,"facade","280269"
5.209188,51.19399,18.1,"facade","280296"
4.092012,50.87749,23.6,"facade","280311"
4.996817,51.15974,33.6,"facade","280329"
5.391435,50.99665,17.6,"facade","280338"
3.934232,50.72544,17,"facade","280356"
3.216234,50.82606,33.9,"facade","280362"
3.314654,50.85842,36.3,"facade","280368"
3.510801,50.77471,17.4,"facade","280383"
4.159485,51.258,25.3,"facade","280389"
4.449024,51.20844,59.7,"facade","280398"
4.25037326322583,51.0861977937972,21,"facade","280407"
3.865852,50.89451,17.7,"facade","280413"
4.31614499389423,50.728417183626,16.7,"facade","280419"
5.503633,50.96075,26.7,"facade","280449"
3.780103,51.02523,22,"facade","280461"
5.095425,50.95591,27.2,"facade","280470"
3.905644,51.09812,20,"facade","280473"
4.714635,51.01902,16.6,"facade","280482"
3.534631,51.07908,23.7,"facade","280485"
5.205526,51.06618,23.6,"facade","280497"
4.456703,51.3669,16.4,"facade","280500"
4.396495,51.30713,21.8,"facade","280503"
3.863568,50.88853,18.5,"facade","280554"
3.287516,50.85381,31,"facade","280557"
5.05806,50.9782,37.7,"facade","280572"
3.782832,51.07993,22.2,"facade","280605"
4.438114,51.25431,30.9,"facade","280608"
4.326647,50.93699,24.4,"facade","280614"
3.761301,51.10088,32.1,"facade","280626"
4.178077,51.1877,21.3,"facade","280629"
2.582847,51.09694,21.8,"facade","280635"
3.766639,51.01784,30.1,"facade","280641"
4.30873,51.18701,25.3,"facade","280647"
4.681649,51.28557,17.3,"facade","280680"
4.70906822268832,50.9212813334961,16.5,"facade","280686"
3.325851,51.15497,17.6,"facade","280695"
2.767748,51.15156,18.4,"facade","280701"
4.464962,50.97234,21.9,"facade","280704"
4.197413,51.07825,21.8,"facade","280710"
4.6598550339283,51.0376381380451,19.6,"facade","280725"
4.236356,51.19443,24.3,"facade","280728"
4.258391,51.10159,20.2,"facade","280731"
4.347882,51.14724,26.8,"facade","280737"
4.857802,51.09753,18,"facade","280743"
4.057936,51.0294,19.8,"facade","280749"
4.8619743767821,51.0958963649677,16.8,"facade","280755"
5.377333,51.02355,19.8,"facade","280761"
5.58138,51.0008,16.6,"facade","280764"
5.331441,50.9268,23.3,"facade","280773"
4.351868,51.01691,23.1,"facade","280776"
5.216003,50.99162,19.3,"facade","280779"
3.788028,51.17455,29.5,"facade","280785"
4.554898,50.81123,15.9,"facade","280791"
2.692757,51.11764,23.1,"facade","280794"
4.491506,51.03057,49.8,"facade","280797"
3.616293,50.90514,26.7,"facade","280803"
3.595488,51.24891,21.6,"facade","280809"
4.3699975339349,50.9106716356849,27.6,"facade","280821"
5.531062,51.09232,19.1,"facade","280842"
2.94483,50.93175,17.7,"facade","280845"
4.709273,50.87038,27.3,"facade","280848"
3.160178,51.13149,29.6,"facade","280854"
3.712765,51.03644,34.4,"facade","280872"
3.318105,50.99316,17.6,"facade","280878"
4.238762,50.85388,20.7,"facade","280884"
3.615624,51.18229,21.7,"facade","280899"
5.002759,51.14537,21.2,"facade","280911"
4.149868,51.09012,23.8,"facade","280917"
4.095674,51.02786,18,"facade","280929"
4.088812,51.21465,25.2,"facade","280935"
5.463485,50.91772,17.4,"facade","280938"
3.73395,50.95055,20.2,"facade","280950"
3.707985,51.04891,33.3,"facade","280953"
3.998605,51.10115,28.4,"facade","280956"
4.264943,50.87614,28.2,"facade","280959"
3.269526,50.82815,23.4,"facade","280971"
5.200792,51.168,14.2,"facade","280977"
3.748965,51.06882,32.4,"facade","280980"
3.227052,51.27235,22,"facade","280983"
4.03255,50.94176,42.9,"facade","280992"
3.641095,51.10863,20.7,"facade","280995"
3.989535,51.11173,17.5,"facade","280998"
4.418249,51.22901,39.8,"facade","281019"
4.420876,51.27747,34.1,"facade","281034"
2.884483,50.84759,20.9,"facade","281046"
3.947313,51.03975,27.1,"facade","281052"
3.215928,51.18945,21.6,"facade","281055"
4.109851,51.0454,16.3,"facade","281085"
2.90175,51.02939,30.6,"facade","281091"
3.980293,51.12566,26.2,"facade","281094"
4.419131,51.35783,16.9,"facade","281097"
3.687908,51.06371,20.2,"facade","281100"
4.427497,51.20245,35.8,"facade","281106"
4.44181,51.25379,30.1,"facade","281109"
4.109725,51.18205,22.1,"facade","281115"
4.047004,50.8592,17.6,"facade","281136"
4.30073,50.72959,32.7,"facade","281139"
2.765169,51.15676,18.7,"facade","281142"
5.266794,50.94446,20,"facade","281145"
3.611114,50.76132,13.9,"facade","281148"
2.765763,51.16072,20.4,"facade","281151"
3.228039,51.20267,32,"facade","281157"
3.113833,51.08255,20.1,"facade","281166"
4.436567,51.18037,26.4,"facade","281169"
3.846353,51.16785,18.8,"facade","281172"
4.461434,51.01137,28.6,"facade","281178"
5.039445,50.99507,21.6,"facade","281181"
3.062198,51.16933,22.1,"facade","281184"
4.986239,50.99763,16.5,"facade","281187"
4.492406,51.15949,24.8,"facade","281193"
3.5868,51.18131,16.2,"facade","281199"
4.864338,50.9072,17,"facade","281208"
4.676341,51.10931,19.4,"facade","281217"
4.74376,51.07045,20.2,"facade","281220"
3.693945,51.06062,31.8,"facade","281226"
3.146199,50.90812,19.2,"facade","281229"
2.735948,50.83045,16.2,"facade","281235"
3.64448,51.05641,20.5,"facade","281241"
3.751088,50.98741,24.6,"facade","281244"
4.572401,50.94252,18.7,"facade","281247"
4.507695,50.81652,15.9,"facade","281250"
3.06485,50.89355,27.2,"facade","281253"
3.183808,51.1941,22.5,"facade","281268"
4.661903,50.84147,16.3,"facade","281280"
5.442998,50.97297,16.3,"facade","281292"
3.64566,50.78848,15.2,"facade","281304"
4.834771,50.98751,25.5,"facade","281319"
4.427407,51.3194,19.7,"facade","281328"
3.07030870738333,50.9786945078041,19.3,"facade","281331"
4.238915,50.95295,19.9,"facade","281340"
3.709087,51.1071,31.4,"facade","281343"
3.484627,51.09121,21.1,"facade","281346"
4.73869103163388,51.2037045755982,22.6,"facade","281352"
4.645981,51.1154,37.8,"facade","281358"
4.560712,51.1925,25,"facade","281364"
4.697096,50.86146,22.8,"facade","281370"
4.27999,50.74961,27.8,"facade","281373"
4.632525,50.86108,20.8,"facade","281376"
3.901719,50.86225,19.6,"facade","281400"
4.632256,51.00289,33.8,"facade","281430"
4.607041,51.10235,19.7,"facade","281433"
4.35897,50.91239,27,"facade","281448"
5.42742,51.23663,17.2,"facade","281457"
5.600569,50.88766,17.1,"facade","281460"
4.597428,51.18377,22.5,"facade","281478"
4.567995,50.84922,17,"facade","281496"
4.649337,51.02204,15.4,"facade","281502"
4.493139,50.93403,24.4,"facade","281517"
4.525577,51.10267,19.7,"facade","281520"
4.429416,51.20182,40.6,"facade","281547"
4.556094,51.01857,18.6,"facade","281556"
4.395359,51.20983,37.1,"facade","281559"
3.749349,51.03765,29.3,"facade","281565"
2.946295,50.96121,17.8,"facade","281568"
4.492652,51.03039,27.7,"facade","281571"
4.275854,51.11005,19.3,"facade","281577"
4.106601,50.89194,25.7,"facade","281592"
5.669912,50.92292,13,"facade","281604"
4.363662,51.02991,23.4,"facade","281607"
3.60476,51.15345,21.2,"facade","281622"
3.655141,50.87715,16.1,"facade","281640"
3.277732,50.82297,27.3,"facade","281649"
4.68506,50.98806,16.5,"facade","281652"
3.440398,51.10011,24.9,"facade","281658"
5.116487,50.88927,20.9,"facade","281661"
4.8225,51.22795,20,"facade","281670"
3.055857,50.93534,18.1,"facade","281676"
3.238187,50.92876,20.9,"facade","281685"
3.12493873986438,50.849516306725,19.3,"facade","281688"
4.587347,51.21671,19.2,"facade","281691"
3.268498,50.84276,25.3,"facade","281703"
4.453057,51.12715,23.4,"facade","281706"
4.327344,51.0879,22.8,"facade","281739"
3.50236,50.79921,26.4,"facade","281754"
4.941565,50.80885,19.5,"facade","281778"
4.357761,50.92917,18,"facade","281787"
5.10843,51.155,14.9,"facade","281793"
4.890596,50.82243,29,"facade","281802"
3.496367,50.81399,16.3,"facade","281808"
5.072227,50.76097,17,"facade","281811"
4.173481,51.16728,25,"facade","281817"
3.225763,50.92505,23.8,"facade","281835"
5.315842,51.23659,18.4,"facade","281874"
3.173649,50.98151,20.4,"facade","281877"
3.596131,50.84961,21.6,"facade","281883"
3.973534,51.1072,25.6,"facade","281886"
3.160022,50.90529,21.3,"facade","281898"
4.570813,51.14618,21.7,"facade","281910"
5.614906,51.0911,18.9,"facade","281919"
3.756181,51.03572,36,"facade","281931"
4.733895,51.34577,22.1,"facade","281934"
4.114514,50.91839,23.3,"facade","281940"
3.484908,50.79135,17.2,"facade","281943"
4.48173,51.0319,28.3,"facade","281946"
4.311014,50.76514,20.3,"facade","281961"
5.175156,51.12828,16.6,"facade","281964"
4.209995,51.01797,17.1,"facade","281976"
3.878245,50.77446,20.8,"facade","281997"
4.338737,51.11779,24.1,"facade","282000"
4.514834,50.96458,18.4,"facade","282003"
4.450614,51.20776,33.3,"facade","282006"
4.432474,51.30627,22.8,"facade","282009"
5.086505,51.06262,17.5,"facade","282015"
3.265939,51.10448,20.9,"facade","282021"
4.007106,51.09,19.8,"facade","282051"
4.584401,51.26039,17.2,"facade","282060"
4.041318,51.07777,31,"facade","282069"
4.845726,50.99318,26.5,"facade","282078"
4.751656,51.13396,21.5,"facade","282099"
3.087573,51.06989,26.8,"facade","282102"
4.613014,51.2116,25,"facade","282105"
4.489178,51.20396,28.7,"facade","282123"
3.289117,50.82967,24.4,"facade","282126"
5.532338,50.85015,15.1,"facade","282132"
3.753437,51.05555,24.6,"facade","282138"
5.518793,51.09733,31.2,"facade","282141"
4.558911,51.0732,17.3,"facade","282174"
3.683841,51.07141,21.3,"facade","282177"
4.436775,51.29126,21.7,"facade","282195"
4.888795,50.87178,15.5,"facade","282204"
4.747164,51.17544,25.4,"facade","282210"
4.957937,50.86847,19.5,"facade","282213"
3.699442,51.06273,28.9,"facade","282225"
4.210121,50.90481,48.3,"facade","282228"
4.558031,50.76453,17.3,"facade","282240"
3.481314,50.95656,20.4,"facade","282258"
5.669188,50.95344,24,"facade","282261"
2.824567,51.113,18.9,"facade","282264"
5.310893,50.9314,21.5,"facade","282273"
4.803245,50.95333,19.6,"facade","282279"
3.257358,51.21381,35.2,"facade","282285"
4.619425,51.14302,16.7,"facade","282288"
5.348291,50.97498,18.3,"facade","282297"
4.596133,51.21397,21.2,"facade","282303"
4.512452,50.82143,24.6,"facade","282312"
4.82889,50.90433,15.3,"facade","282315"
4.523616,51.27524,22.4,"facade","282318"
4.197791,51.31402,25.4,"facade","282327"
2.749045,50.97975,18.6,"facade","282330"
4.431205,51.24494,31.5,"facade","282333"
3.946642,51.1739,21.2,"facade","282336"
4.671325,50.90544,21.3,"facade","282345"
4.82066,51.05912,19.2,"facade","282351"
4.720959,51.07857,22.2,"facade","282354"
5.233922,51.17039,12.9,"facade","282360"
4.843026,50.98695,19.9,"facade","282366"
4.496536,51.15933,31.5,"facade","282372"
2.921202,51.22364,23.3,"facade","282375"
5.169092,51.17208,30,"facade","282384"
4.241902,51.09491,17.9,"facade","282387"
4.37546017386304,50.9402140664333,21.5,"facade","282396"
3.867236,51.00262,16.8,"facade","282399"
4.468108,51.37105,18.6,"facade","282414"
4.802369,50.9256,17.3,"facade","282432"
2.887765,50.84832,29.6,"facade","282441"
3.23878,50.8862,24.3,"facade","282450"
3.204899,50.78221,19.9,"facade","282456"
4.765517,50.99903,15.7,"facade","282492"
3.75070013734013,51.002012578073,35.8,"facade","282498"
4.472807,51.39313,23.7,"facade","282504"
3.929567,50.82817,15.3,"facade","282507"
3.188621,50.82532,23.9,"facade","282510"
4.718755,51.06655,19.8,"facade","282513"
3.735556,51.04929,44.3,"facade","282519"
2.877589,50.85145,32.4,"facade","282522"
3.693646,51.05722,40.4,"facade","282528"
4.530872,50.77043,18.6,"facade","282537"
3.354242,50.81679,20.9,"facade","282552"
4.168123,51.04858,23.8,"facade","282555"
5.40212262402355,51.0565297400953,18.7,"facade","282558"
4.835761,50.94301,16.3,"facade","282567"
4.447409,51.23345,29.2,"facade","282579"
4.358548,51.05935,30,"facade","282582"
4.713588,50.99537,16.7,"facade","282588"
4.277516,51.21555,26.7,"facade","282591"
4.429728,51.30766,19.2,"facade","282600"
4.712645,50.83784,17.8,"facade","282606"
5.591445,51.0053,17.6,"facade","282609"
5.584905,50.93473,16.4,"facade","282630"
4.402652,51.22712,41.1,"facade","282639"
3.592481,50.96202,21.2,"facade","282657"
4.260151,51.21481,27.3,"facade","282672"
4.341089,51.02725,20.6,"facade","282675"
4.492995,51.20692,32.6,"facade","282699"
4.599122,51.39225,19.5,"facade","282711"
5.125383,51.07914,19.7,"facade","282717"
3.707893,50.99604,28.4,"facade","282720"
4.98563225797546,51.1791094424014,23.5,"facade","282726"
4.538367,50.85065,16.6,"facade","282738"
4.710851,50.87735,30.2,"facade","282741"
4.585519,51.16626,18.7,"facade","282750"
3.587814,51.1874,19.6,"facade","282753"
4.093374,50.94586,21.4,"facade","282759"
4.6391,51.04326,19.3,"facade","282768"
3.769778,50.85142,16.4,"facade","282783"
5.262286,50.78205,14.9,"facade","282801"
3.215854,51.11494,19.9,"facade","282804"
4.45714212866423,51.1752682129957,40.3,"facade","282810"
5.595414,51.14058,26,"facade","282816"
4.610368,50.89914,17.3,"facade","282831"
4.676036,50.9061,27.9,"facade","282843"
4.53692,51.19144,23.5,"facade","282849"
5.30628703367345,50.8723036898993,17.5,"facade","282864"
4.251808,50.838,26.3,"facade","282876"
4.368497,50.9136,31.8,"facade","282879"
5.324739,51.07978,14.4,"facade","282891"
3.226629,51.17764,20.8,"facade","282900"
3.930889,50.88176,17.9,"facade","282903"
4.285527,50.90203,21.5,"facade","282906"
4.590459,51.0116,21.5,"facade","282930"
4.296153,51.04447,21.6,"facade","282936"
3.785853,50.82958,17,"facade","282942"
3.97807098100713,50.7410299707791,16.3,"facade","282945"
4.419253,51.22161,41.5,"facade","282948"
4.450065,51.24662,47.7,"facade","282951"
4.161002,51.11474,22.5,"facade","282975"
4.987105,51.16188,19.2,"facade","282990"
4.572649,50.9136,15.6,"facade","283002"
4.085228,50.87025,28.4,"facade","283011"
4.704069,50.83649,17.8,"facade","283017"
4.854846,50.99311,18.7,"facade","283032"
4.41138,51.27741,27.1,"facade","283035"
4.905446,51.31718,23.4,"facade","283068"
4.92315,51.10862,18.1,"facade","283071"
5.449351,51.13251,21.9,"facade","283074"
5.413506,51.15607,16.8,"facade","283116"
3.224121,50.80334,22.1,"facade","283122"
5.458584,50.81769,15.8,"facade","283128"
3.826885,51.05301,21.6,"facade","283131"
5.387529,51.05226,16.5,"facade","283149"
3.454969,51.03368,17.6,"facade","283173"
3.20977,51.19136,23.7,"facade","283179"
4.232737,50.73452,23.2,"facade","283194"
3.781885,50.97352,18.1,"facade","283200"
4.429902,50.86713,25.2,"facade","283209"
4.303061,50.97222,18.8,"facade","283212"
5.437471,51.22814,18.7,"facade","283221"
5.345331,50.9452,20.6,"facade","283224"
4.421584,51.23257,26.7,"facade","283227"
4.860172,51.2196,16.6,"facade","283233"
2.954949,51.15,30.4,"facade","283236"
5.492477,50.96172,20.8,"facade","283239"
5.336993,50.89282,15.3,"facade","283242"
5.071796,50.90628,16,"facade","283245"
5.304239,51.23591,16.7,"facade","283248"
4.372584,50.73968,22.2,"facade","283260"
3.602411,50.96304,20.8,"facade","283272"
4.440126,51.13251,37.1,"facade","283278"
4.222617,50.71701,17.2,"facade","283281"
4.235573,50.73904,33.1,"facade","283287"
3.803168,50.83036,18,"facade","283290"
2.93851,51.08882,18.6,"facade","283293"
3.944089,50.924,19.6,"facade","283299"
3.209336,50.79616,20.5,"facade","283302"
2.739906,51.14038,19.2,"facade","283311"
3.87625254629528,51.002218223398,29.9,"facade","283317"
4.013101,50.8419,16.5,"facade","283323"
4.054303,51.00731,18.3,"facade","283326"
4.580721,51.05986,18.7,"facade","283332"
4.820765,50.97868,20.8,"facade","283338"
3.864381,50.77367,20.1,"facade","283344"
3.133561,50.93424,15.7,"facade","283350"
4.54482,50.7948,22.3,"facade","283353"
4.438844,51.2528,30.8,"facade","283368"
4.56297,50.88029,22.2,"facade","283374"
3.227765,51.15122,21.2,"facade","283386"
4.136835,50.9502,19.6,"facade","283407"
5.385012,50.92838,18.8,"facade","283443"
4.43136,51.18198,35.1,"facade","283446"
5.50861754111168,50.8452082765605,21.6,"facade","283458"
5.071863,51.03379,17.7,"facade","283461"
3.139718,51.18647,21.8,"facade","283464"
4.343651,51.14414,24.2,"facade","283500"
3.728307,51.0358,32.9,"facade","283515"
3.97648,50.94631,21.6,"facade","283521"
5.407802,50.91337,22.5,"facade","283524"
4.85925,51.32289,24.9,"facade","283530"
3.283317,50.77486,19.8,"facade","283533"
5.057159,51.11982,17.9,"facade","283539"
3.355225,50.8529,30.1,"facade","283572"
5.467712,51.14115,16.4,"facade","283593"
2.919932,51.13628,30.1,"facade","283608"
4.584673,50.8475,21.3,"facade","283620"
4.488211,51.24896,23.9,"facade","283626"
4.86712003683188,51.3150135139379,18.5,"facade","283644"
5.323315,50.91408,43.4,"facade","283650"
4.585063,50.87893,18.6,"facade","283671"
3.337278,50.91829,18.4,"facade","283677"
4.832651,51.00556,21.1,"facade","283680"
3.755069,51.0189,28,"facade","283689"
4.355257,51.16965,28.5,"facade","283701"
5.279057,50.76766,14.2,"facade","283728"
5.719372,51.01582,18,"facade","283731"
4.420501,51.05189,21.2,"facade","283734"
3.235472,51.20069,26.7,"facade","283737"
4.89944373097616,51.1787210894429,21.9,"facade","283749"
3.331284,50.99253,19.8,"facade","283758"
5.56672,50.8618,20.1,"facade","283782"
3.231359,51.15631,23.4,"facade","283797"
4.58126,50.97475,17.4,"facade","283800"
4.827868,50.9944,17.4,"facade","283803"
4.019098,50.92733,27.8,"facade","283806"
4.579521,51.06498,25.1,"facade","283812"
3.780479,50.75845,14.2,"facade","283821"
4.948028,51.08314,15.3,"facade","283824"
4.509217,51.45868,18.5,"facade","283827"
3.617863,50.95864,23.1,"facade","283830"
4.698865,50.97237,18.5,"facade","283833"
4.147842,51.20119,20.4,"facade","283836"
4.672558,50.83873,15.2,"facade","283842"
4.689786,50.88112,27.3,"facade","283872"
3.41022615575824,50.9618023289795,20.2,"facade","283875"
4.473962,51.3948,20.5,"facade","283923"
4.409533,51.30339,24.8,"facade","283926"
4.011243,51.08925,20.7,"facade","283938"
5.31676600188746,50.9075570716046,21.8,"facade","283944"
4.518412,51.27378,17.9,"facade","283947"
4.384213,51.33116,20.5,"facade","283953"
5.100995,51.23628,15.1,"facade","283962"
5.240142,51.09911,14.9,"facade","283968"
5.383079,51.05625,45.5,"facade","283971"
4.698907,51.11633,18,"facade","283977"
3.993074,51.11682,17.8,"facade","283986"
3.3571096718336,50.8568851184879,18.9,"facade","283992"
4.58225,50.8445,16.1,"facade","283995"
4.680526,50.87795,22.4,"facade","284001"
4.712382,51.26509,22,"facade","284007"
3.092475,50.79478,22.5,"facade","284016"
5.109365,50.89759,14.4,"facade","284019"
3.646751,51.06859,20,"facade","284022"
3.191127,51.15704,22.9,"facade","284031"
4.980692,50.82702,22.3,"facade","284049"
4.93774,51.1472,19.6,"facade","284052"
4.546915,51.24221,17.6,"facade","284061"
4.473137,51.15435,23.6,"facade","284064"
5.37811369479372,50.9225334099355,19.7,"facade","284067"
5.349309,51.04552,13.9,"facade","284070"
4.551129,51.13148,25.3,"facade","284073"
3.224862,51.21139,37.9,"facade","284079"
4.447765,51.15477,24.9,"facade","284082"
4.945714,50.80562,16.5,"facade","284091"
4.437538,51.12389,28.4,"facade","284100"
3.881,51.02998,21.1,"facade","284118"
4.48628,51.02814,26.8,"facade","284124"
5.593076,51.13595,25.3,"facade","284133"
3.286356,50.81728,27.5,"facade","284139"
4.480494,51.14483,20.7,"facade","284142"
4.834586,50.98217,19.6,"facade","284157"
5.360881,50.91924,19.2,"facade","284163"
3.753462,50.91607,17.6,"facade","284190"
4.402868,51.19889,30.9,"facade","284202"
3.130335,50.80275,18.9,"facade","284229"
5.481533,50.85586,17.8,"facade","284247"
4.142331,51.17952,27.5,"facade","284256"
4.386111,51.3277,19.7,"facade","284265"
4.934436,51.30443,18.9,"facade","284268"
4.629106,50.86371,22.2,"facade","284280"
4.402032,51.12992,24.1,"facade","284295"
4.304772,51.35146,25.7,"facade","284310"
4.009344,50.96247,29.3,"facade","284316"
4.461152,51.13525,25.9,"facade","284334"
5.054333,50.79158,15.3,"facade","284340"
3.534236,51.11288,20.4,"facade","284346"
4.5414,51.38535,18.7,"facade","284352"
4.046687,51.22983,19.7,"facade","284358"
4.605115,51.21076,23,"facade","284364"
4.750221,50.97092,14.4,"facade","284370"
4.410138,51.30287,31.2,"facade","284373"
4.438817,51.17978,28.6,"facade","284382"
5.377817,51.23602,20,"facade","284388"
4.211767,50.86124,20,"facade","284397"
4.50616,51.20446,23.2,"facade","284400"
3.203774,50.83087,22,"facade","284409"
5.072274,51.23053,17,"facade","284430"
5.36879,50.81272,18.9,"facade","284433"
4.241272,51.01977,25.2,"facade","284436"
2.585496,51.0959,20.6,"facade","284439"
4.43194,51.19179,40.7,"facade","284466"
4.625094,50.88455,16.7,"facade","284472"
4.410081,51.33196,18.4,"facade","284478"
3.223233,50.914,23.9,"facade","284490"
3.450962,51.09486,20.2,"facade","284493"
3.570283,51.18281,30.1,"facade","284496"
3.765614,51.00702,23.3,"facade","284505"
4.484267,50.75801,18.5,"facade","284508"
3.202985,50.988,23.5,"facade","284511"
5.126617,50.93261,14.7,"facade","284523"
4.180869,50.96753,18.2,"facade","284526"
4.620718,51.24344,16.2,"facade","284532"
4.347496,51.05418,25,"facade","284538"
3.299481,50.88188,21.6,"facade","284544"
3.24827,50.80758,34.1,"facade","284565"
4.68378,50.85699,20,"facade","284571"
4.44424147690866,50.9124629472547,25.3,"facade","284577"
4.46479,51.22179,28.4,"facade","284586"
4.822391,51.23437,21,"facade","284589"
5.201765,51.1998,16.4,"facade","284592"
5.358963,51.13077,15.5,"facade","284598"
3.795256,51.03391,20.4,"facade","284613"
4.58365178542247,50.7890534632095,18.4,"facade","284616"
4.393852,51.34855,19.3,"facade","284625"
4.822723,50.92004,17.2,"facade","284649"
4.396089,51.0799,23.8,"facade","284655"
3.279211,50.82078,20.9,"facade","284664"
3.224504,51.1072,19.5,"facade","284667"
4.477745,50.93112,22.7,"facade","284670"
3.253521,51.1965,27,"facade","284673"
3.815327,51.15635,35.9,"facade","284676"
4.157453,51.18103,24.7,"facade","284679"
4.14911,51.16269,30.3,"facade","284682"
3.595608,50.75668,16.3,"facade","284703"
4.570741,51.30096,33.6,"facade","284706"
4.150974,51.16346,27.7,"facade","284712"
3.758675,51.0668,28.7,"facade","284727"
3.99246,50.90975,22.7,"facade","284733"
5.580415,51.0793,14.3,"facade","284745"
4.306059,51.15322,18.4,"facade","284748"
4.38242,51.19003,32.3,"facade","284751"
3.217738,51.2718,22.3,"facade","284766"
5.601323,51.00567,25.5,"facade","284769"
5.045874,51.03039,14.6,"facade","284787"
4.238936,50.77751,18.9,"facade","284790"
2.894229,51.21238,23.6,"facade","284796"
5.246045,50.93907,21.7,"facade","284802"
3.603031,50.84963,28,"facade","284814"
3.850316,50.96712,35.6,"facade","284820"
4.165315,50.77935,16.9,"facade","284826"
4.324617,51.22498,35,"facade","284841"
3.105833,51.0666,17.9,"facade","284847"
5.518274,50.89698,18.1,"facade","284850"
4.476476,51.38288,19.7,"facade","284859"
5.37997242621691,50.8255187940082,15.4,"facade","284862"
4.836061,50.95067,19.9,"facade","284871"
4.671674,50.90728,21.6,"facade","284877"
4.571101,51.14617,21.9,"facade","284880"
3.630197,51.009,22.7,"facade","284883"
3.608253,50.88006,17.6,"facade","284895"
3.682465,51.06722,19.1,"facade","284898"
5.812856,51.15644,18.8,"facade","284901"
4.743798,50.87764,20.5,"facade","284910"
4.449946,51.20495,38.2,"facade","284922"
4.472714,51.0246,26.8,"facade","284925"
4.846832,51.09559,19.4,"facade","284946"
4.649973,50.89707,16.7,"facade","284961"
4.551136,50.77232,16.9,"facade","284967"
3.691008,50.98916,22.7,"facade","284970"
4.48731,51.30404,20.1,"facade","284991"
4.782522,51.01976,18.9,"facade","285000"
5.18142,50.74011,17.4,"facade","285015"
5.011122,51.00389,14.8,"facade","285021"
2.911718,51.02408,22.1,"facade","285024"
5.744858,50.98596,16.7,"facade","285027"
3.2323,51.10587,18.5,"facade","285048"
4.341737,51.12546,25.7,"facade","285051"
2.982792,51.0893,28.9,"facade","285063"
3.098051,51.08802,16.9,"facade","285075"
3.154958,51.105,17.8,"facade","285081"
4.722955,50.88939,19.6,"facade","285120"
4.463573,51.16577,29.6,"facade","285135"
5.43987144742562,50.7652191959239,18.3,"facade","285138"
4.422633,51.19689,40.1,"facade","285147"
3.254961,51.20883,22.3,"facade","285165"
4.40908,50.91999,23.4,"facade","285171"
4.902569,51.15783,18.9,"facade","285174"
3.863834,50.90148,17,"facade","285192"
3.516537,50.77471,15.7,"facade","285207"
3.266056,51.21213,25.2,"facade","285243"
5.432457,50.94813,15.2,"facade","285246"
4.031523,50.95981,26.5,"facade","285252"
2.765263,51.1089,19.5,"facade","285258"
4.438462,50.93116,28.4,"facade","285261"
4.850539,51.13775,18.7,"facade","285267"
3.748312,51.02847,31.6,"facade","285294"
4.69987,50.87358,30.8,"facade","285324"
3.018095,50.9702,24.9,"facade","285330"
4.39504,51.20226,40.5,"facade","285336"
3.650322,50.90648,21.8,"facade","285342"
4.410711,51.2267,32.3,"facade","285345"
3.709092,51.02728,32.9,"facade","285348"
4.32076,51.21417,31.8,"facade","285357"
4.273802,50.88554,33.7,"facade","285363"
3.623799,50.73668,14.8,"facade","285366"
4.48923220644955,51.2874162432474,19.2,"facade","285372"
5.049302,50.98159,25.5,"facade","285384"
3.926047,50.90361,17.9,"facade","285387"
4.465859,51.15191,22.7,"facade","285393"
4.845509,51.35245,17.2,"facade","285402"
4.175693,50.92069,23.9,"facade","285405"
3.864328,51.06314,24.9,"facade","285441"
2.863463,51.03404,20.3,"facade","285456"
3.185781,50.80472,27.4,"facade","285468"
3.60625583392819,51.2289338894638,18,"facade","285480"
3.208613,51.00519,22,"facade","285489"
4.435523,51.08187,26.3,"facade","285501"
3.222311,50.84628,18.1,"facade","285510"
4.8318,51.18113,29.6,"facade","285531"
2.971723,51.16123,21.5,"facade","285534"
3.149911,50.97224,23.2,"facade","285549"
3.177132,51.19087,19.7,"facade","285555"
4.439307,51.25621,24.5,"facade","285570"
5.313275,51.20923,17.1,"facade","285573"
4.234807,50.95004,18.6,"facade","285585"
4.300777,51.10504,21.9,"facade","285594"
4.064199,50.81445,17.2,"facade","285597"
3.94819,50.95711,19.9,"facade","285612"
3.248828,51.18788,23.3,"facade","285615"
4.391826,51.20667,35.9,"facade","285618"
4.025263,50.81956,24.8,"facade","285630"
4.617086,51.00193,16.2,"facade","285636"
3.690037,51.06619,22,"facade","285651"
3.412328,50.77808,16.3,"facade","285663"
4.573604,51.12301,43.4,"facade","285666"
5.063043,51.17559,16.2,"facade","285669"
4.559274,51.25795,20.4,"facade","285681"
3.368634,50.90736,19.7,"facade","285684"
3.599741,50.85387,20.6,"facade","285690"
4.362338,50.73847,26.8,"facade","285696"
4.441885,51.36204,16.5,"facade","285699"
4.43502188352863,51.2031178700827,35.8,"facade","285708"
3.237808,51.229,22.6,"facade","285720"
3.156333,51.02642,17.9,"facade","285726"
4.2187,50.75917,16.1,"facade","285729"
4.650133,51.34319,21.1,"facade","285750"
3.570079,50.97782,18.5,"facade","285756"
5.47135,50.94851,19.2,"facade","285768"
4.870784,51.35672,18.2,"facade","285780"
4.642948,51.35291,21.6,"facade","285789"
4.674859,50.98971,17.7,"facade","285804"
3.880396,50.96697,21.3,"facade","285819"
4.647025,50.95989,15.8,"facade","285822"
4.47277,51.01614,29.9,"facade","285828"
3.884326,50.85479,26.6,"facade","285831"
4.964968,51.23748,17.5,"facade","285837"
5.030945,50.86586,14.7,"facade","285864"
4.917053,51.21669,16.7,"facade","285870"
5.549897,50.85457,17.8,"facade","285873"
4.431177,50.91004,26.2,"facade","285876"
4.805393,50.92677,14.4,"facade","285882"
5.023359,51.38806,15.8,"facade","285888"
4.353714,51.17984,28.8,"facade","285900"
3.772837,51.0136,22.7,"facade","285903"
4.072034,51.15967,14.8,"facade","285924"
4.2292,50.98287,23.9,"facade","285936"
3.844625,50.92144,22.3,"facade","285939"
4.528173,51.19622,28.1,"facade","285942"
3.450004,50.89042,17.6,"facade","285948"
4.576669,51.14813,34.2,"facade","285951"
4.72877097919635,51.1632982026873,21.2,"facade","285957"
5.462399,50.78446,19,"facade","285963"
2.647511,51.04122,20.3,"facade","285966"
3.619017,50.86775,29.4,"facade","285975"
3.336578,51.14175,19.5,"facade","285990"
4.320067,51.35873,22.7,"facade","285996"
3.706134,51.07978,22.9,"facade","286002"
4.56324,51.23434,23.1,"facade","286005"
3.341295,51.142,27.2,"facade","286011"
3.63329,50.73026,15.8,"facade","286023"
4.018409,50.94199,49.8,"facade","286041"
2.726604,50.86427,19.2,"facade","286053"
4.032783,50.8771,23.5,"facade","286059"
4.434843,51.22625,36.3,"facade","286062"
4.546427,50.90237,18.4,"facade","286068"
3.236364,50.8902,26.2,"facade","286071"
3.753156,51.22551,22,"facade","286086"
4.928008,50.80434,17.7,"facade","286104"
4.037382,50.94258,26.3,"facade","286116"
4.479964,50.83449,23.4,"facade","286119"
5.171626,51.17059,16.4,"facade","286131"
4.617043,51.15077,20,"facade","286140"
4.054918,50.98497,34.7,"facade","286143"
4.896659,50.77803,17.9,"facade","286149"
3.722413,51.02939,27,"facade","286152"
4.7581,51.41488,20.3,"facade","286161"
4.123366,51.15858,25,"facade","286164"
3.519131,51.05774,23.7,"facade","286170"
3.916678,50.8952,23.9,"facade","286191"
4.871735,50.98162,15.3,"facade","286197"
3.94838,51.17851,22.9,"facade","286203"
5.169836,50.81003,21.2,"facade","286209"
3.607851,50.85492,23,"facade","286221"
3.711852,51.07647,25.3,"facade","286227"
4.501346,50.99182,19.8,"facade","286236"
3.971828,50.96644,21.3,"facade","286242"
3.235143,51.20708,29.2,"facade","286245"
4.528317,51.03552,21.8,"facade","286254"
5.392747,50.99175,23,"facade","286266"
3.938007,50.82698,16.6,"facade","286269"
4.064262,50.77326,17.7,"facade","286272"
4.199024,51.1252,26.8,"facade","286275"
4.519582,50.9838,18.9,"facade","286281"
3.435199,51.20716,20.5,"facade","286290"
4.733528,50.87648,20.5,"facade","286299"
3.640201,51.28706,21.8,"facade","286305"
3.861124,50.76541,17.8,"facade","286308"
5.282124,50.98165,15.6,"facade","286329"
4.620935,50.9064,19.3,"facade","286332"
4.870911,51.08973,19.7,"facade","286341"
3.126786,50.95662,25.3,"facade","286347"
4.206397,51.05672,14.9,"facade","286356"
3.707764,51.03305,21.1,"facade","286386"
3.301899,51.01758,17.6,"facade","286395"
3.119196,50.81887,26.2,"facade","286401"
5.606808,51.15437,17.2,"facade","286422"
4.39132,51.12371,42.4,"facade","286428"
3.565196,50.83707,16.1,"facade","286434"
2.916793,51.17752,21.8,"facade","286437"
4.54902,50.97176,18,"facade","286443"
4.454059,51.21212,35.6,"facade","286470"
4.094041,50.92197,19.4,"facade","286476"
4.539477,51.22424,26,"facade","286482"
5.226172,51.08607,16.6,"facade","286488"
4.238941,51.20913,23,"facade","286515"
4.204586,50.9614,23.9,"facade","286521"
5.370401,51.055,16.7,"facade","286524"
4.365425,50.91084,24.8,"facade","286527"
5.181241,50.81642,18.1,"facade","286539"
4.414678,51.22812,37,"facade","286542"
5.620927,50.80911,18,"facade","286554"
3.544646,50.83848,18.4,"facade","286557"
4.520594,50.90491,19.6,"facade","286560"
4.177202,50.92217,17.5,"facade","286569"
4.849041,50.99565,16.7,"facade","286578"
5.09568,50.80298,17.4,"facade","286581"
4.475908,51.09948,19.6,"facade","286584"
5.076676,50.75703,20.1,"facade","286587"
5.510894,50.89646,17,"facade","286596"
3.69635,50.77358,16.2,"facade","286611"
5.30047,51.06223,16.1,"facade","286617"
4.672994,51.34519,23.5,"facade","286629"
3.009356,51.12544,22.1,"facade","286635"
3.53357018174762,50.9812595221323,23,"facade","286638"
5.59425,51.13707,24.5,"facade","286641"
5.056975,51.26291,16.9,"facade","286647"
3.660688,50.94327,18.6,"facade","286653"
4.677138,51.06959,16.6,"facade","286656"
4.156593,50.79577,15,"facade","286674"
4.142579,51.1512,21.7,"facade","286686"
5.457607,50.82468,15.9,"facade","286698"
5.187647,50.81391,21.8,"facade","286704"
5.279355,51.03683,17.9,"facade","286713"
4.151025,51.06997,23,"facade","286716"
4.488117,50.79322,20.4,"facade","286722"
3.125623,50.80475,25.9,"facade","286752"
5.28207,51.0521,16.6,"facade","286758"
4.99846,51.10042,17.8,"facade","286773"
2.972141,51.08858,24.5,"facade","286782"
4.39876,51.09548,20.3,"facade","286788"
3.117708,50.95219,26.7,"facade","286794"
3.398712,50.86522,20.7,"facade","286797"
5.601458,50.80977,19,"facade","286800"
3.206046,51.21409,23.8,"facade","286809"
2.928885,50.93349,28,"facade","286812"
3.354483,51.07326,20.1,"facade","286815"
5.08225,51.19963,15.8,"facade","286827"
4.2325,50.92532,19.2,"facade","286830"
4.765761,51.35783,18.6,"facade","286848"
4.507186,51.09927,40,"facade","286866"
3.065023,51.16151,20.8,"facade","286875"
5.224109,50.79124,22.2,"facade","286878"
2.917706,51.21527,23.7,"facade","286881"
3.173758,51.18358,18.4,"facade","286884"
5.168305,51.11499,14.3,"facade","286890"
4.792203,50.96036,17.6,"facade","286893"
4.946415,51.32995,21.2,"facade","286902"
5.206242,50.82334,19.4,"facade","286905"
3.712025,51.22713,23.1,"facade","286908"
4.066781,51.14114,20.7,"facade","286914"
4.542236,51.227,23.3,"facade","286920"
3.09623,50.80002,20.2,"facade","286929"
4.080063,51.0338,17.9,"facade","286947"
3.445065,51.09351,25.4,"facade","286953"
3.086976,51.18555,20.9,"facade","286956"
4.751003,51.30907,17.5,"facade","286959"
4.585204,51.23608,19.4,"facade","286962"
4.420571,50.92715,26.9,"facade","286974"
3.318807,50.82507,24.4,"facade","286983"
3.724884,50.84106,15,"facade","286995"
3.734134,51.04782,44.3,"facade","287004"
4.661066,50.95204,18.3,"facade","287013"
3.30627819382715,50.8161537336671,29.2,"facade","287025"
5.048312,51.2899,18.7,"facade","287031"
3.027617,51.03104,18.6,"facade","287046"
4.849342,51.04206,18.1,"facade","287049"
4.582347,51.12993,21,"facade","287052"
4.80491,50.99582,14.9,"facade","287058"
4.658265,51.21072,29.8,"facade","287064"
4.443892,51.30009,18.5,"facade","287070"
4.71104,50.9257,27.8,"facade","287088"
5.586432,51.13998,30.7,"facade","287091"
3.141919,51.14794,18.9,"facade","287094"
5.513827,50.99345,20.4,"facade","287106"
4.448618,51.27291,23.1,"facade","287109"
3.961065,51.14458,17.5,"facade","287112"
5.588726,50.9333,15.4,"facade","287124"
4.42234118864523,51.1533631032133,36.6,"facade","287151"
4.46971,51.10662,20.1,"facade","287154"
4.752251,50.96066,15.4,"facade","287169"
5.517332,50.94396,20.5,"facade","287175"
4.83948933785724,51.231413997612,17.7,"facade","287178"
3.236607,51.19079,20.7,"facade","287193"
4.185016,50.9695,21.7,"facade","287202"
4.186497,50.88317,18.6,"facade","287208"
3.300665,50.8431,21.2,"facade","287214"
3.258675,50.84662,27.7,"facade","287223"
3.569582,51.10221,21.1,"facade","287226"
4.263394,51.20363,32.8,"facade","287241"
3.246852,51.1986,23.2,"facade","287247"
5.402935,50.80535,14,"facade","287256"
4.486315,50.78225,19.8,"facade","287259"
4.673681,50.86909,17.6,"facade","287277"
4.195264,51.01331,22.5,"facade","287280"
4.666311,50.90891,25.2,"facade","287283"
4.63476,50.98042,15.6,"facade","287295"
5.433871,51.22827,27.9,"facade","287307"
4.15894,50.90625,18.3,"facade","287313"
2.981313,51.19574,24.3,"facade","287337"
4.996803,51.16402,18.3,"facade","287349"
4.736078,50.87985,21.2,"facade","287352"
4.763024,51.40532,48.6,"facade","287355"
4.304798,51.03707,20.8,"facade","287358"
4.361731,51.33704,20.1,"facade","287361"
3.86501623758891,50.8964569038004,18.5,"facade","287364"
4.62472,50.90585,17.8,"facade","287370"
5.736356,51.05299,17.8,"facade","287379"
3.342785,50.81442,30.5,"facade","287385"
3.68641,50.98301,23.7,"facade","287388"
4.439485,51.29097,31.8,"facade","287391"
4.582039,50.97789,20.3,"facade","287394"
4.463129,51.06909,21.2,"facade","287397"
3.991681,50.7456,17,"facade","287400"
3.463759,50.89307,18.9,"facade","287418"
3.310429,51.01181,18.4,"facade","287421"
5.308006,51.23642,18.4,"facade","287430"
5.243302,50.95346,19.3,"facade","287433"
3.229211,51.20798,46.9,"facade","287442"
4.421221,51.22817,38.5,"facade","287448"
5.352712,51.1262,19.4,"facade","287454"
4.481517,51.07221,20.5,"facade","287457"
3.082396,51.17575,18.9,"facade","287460"
4.43544214081506,50.8889526162657,30.2,"facade","287475"
4.333651,51.21874,34,"facade","287478"
5.480302,51.2305,15.6,"facade","287481"
4.748706,51.13764,24.1,"facade","287484"
2.721029,51.05067,22.6,"facade","287493"
5.059742,51.16292,15.2,"facade","287505"
4.453236,50.92988,25.3,"facade","287526"
4.46544,51.24835,22.7,"facade","287529"
4.447154,51.25517,29.6,"facade","287538"
4.117421,51.05771,23.2,"facade","287547"
4.479429,51.15182,22.8,"facade","287553"
4.024349,50.87636,21.4,"facade","287565"
3.83755001334413,50.9052204597319,18,"facade","287568"
4.458096,51.15605,30.6,"facade","287577"
5.769826,51.16312,17.7,"facade","287580"
5.607188,51.01126,17.3,"facade","287583"
5.130741,50.73896,15.4,"facade","287586"
3.784099,50.93528,17.6,"facade","287592"
3.703233,51.01124,42.2,"facade","287595"
5.626582,51.04845,13.8,"facade","287619"
5.321423,50.91226,30.4,"facade","287631"
3.990266,51.04036,17.9,"facade","287634"
4.89675,51.30697,17.5,"facade","287640"
4.43466,51.22131,35.2,"facade","287646"
3.979114,50.93544,23,"facade","287652"
3.45471574914275,51.1006804135445,18.6,"facade","287655"
3.246138,51.33714,30,"facade","287658"
4.44202,51.29146,22.8,"facade","287667"
3.137101,50.94267,31.7,"facade","287670"
3.609193,51.00002,19.9,"facade","287673"
3.136637,50.94608,24.5,"facade","287691"
5.205567,50.83385,15.5,"facade","287697"
5.284681,51.23166,17.8,"facade","287715"
4.351895,51.14786,22.7,"facade","287730"
3.212558,51.0018,27.7,"facade","287739"
4.592815,51.14145,23.7,"facade","287742"
4.245016,50.97032,18.2,"facade","287745"
4.107306,50.91375,20.4,"facade","287757"
5.313166,51.22839,21.8,"facade","287760"
5.576642,50.84365,18.3,"facade","287763"
4.653617,50.8253,19.9,"facade","287790"
4.856334,51.14469,23.2,"facade","287793"
4.717931,50.8846,35.1,"facade","287796"
3.260807,50.81764,22,"facade","287805"
3.374181,50.92024,22.2,"facade","287811"
4.886621,51.22551,18.3,"facade","287814"
3.892431,50.81703,16,"facade","287820"
4.0572447803957,50.8995567681287,21.6,"facade","287826"
4.582456,50.94473,19.2,"facade","287829"
4.469966,51.42746,22.1,"facade","287835"
4.429511,51.21567,36.1,"facade","287865"
4.411058,51.23531,27.2,"facade","287886"
5.522306,50.86795,18.1,"facade","287889"
3.491,50.77591,18.1,"facade","287895"
5.011751,51.31392,14.8,"facade","287901"
3.19901,50.79485,22.9,"facade","287904"
3.8650525740722,51.1275775060774,22.4,"facade","287928"
4.369558,51.33368,27.1,"facade","287931"
4.264064,50.87809,53.8,"facade","287934"
4.829089,50.86706,17.4,"facade","287961"
4.974711,51.02676,19.4,"facade","287973"
4.723647,50.88181,20.7,"facade","287982"
5.156524,51.17145,15.7,"facade","287991"
3.995389,50.95966,16.5,"facade","288006"
4.600199,51.38771,25.2,"facade","288021"
5.250269,51.05218,21.7,"facade","288033"
3.959721,50.7918,16.2,"facade","288045"
4.927224,50.97675,18.9,"facade","288063"
3.350182,50.85541,22.5,"facade","288084"
5.090231,51.07672,19.2,"facade","288099"
4.858495,50.99411,16.5,"facade","288105"
3.06055,50.89111,36.4,"facade","288120"
4.334521,50.92171,21.4,"facade","288141"
5.51910015106403,51.1918544927322,16.6,"facade","288144"
4.098508,51.19301,47.8,"facade","288147"
4.370959,51.32801,27.2,"facade","288150"
4.59815,50.79126,13.9,"facade","288159"
4.978415,51.02775,16.7,"facade","288168"
5.029908,51.08426,16.3,"facade","288174"
4.362813,51.14533,25.8,"facade","288195"
4.527411,51.20667,31.1,"facade","288204"
2.884996,51.21671,24.2,"facade","288207"
4.572843,51.30746,21.7,"facade","288210"
4.452174,51.16415,24.4,"facade","288231"
4.451192,51.17816,25,"facade","288237"
5.593787,51.14055,24.2,"facade","288240"
3.808164,51.19453,30.1,"facade","288246"
4.101518,51.0491,20.9,"facade","288273"
4.256973,51.0648,18.9,"facade","288276"
4.983538,51.17971,17.6,"facade","288285"
3.128813,50.91322,20.1,"facade","288309"
3.063641,50.81806,17.7,"facade","288336"
3.874259,50.76949,32,"facade","288339"
2.875605,51.20998,25.1,"facade","288351"
4.728953,50.83435,23.8,"facade","288384"
3.81171,50.87479,24.7,"facade","288393"
4.377055,50.96376,18.7,"facade","288408"
3.218789,51.18796,19.8,"facade","288414"
4.226324,50.95712,16.8,"facade","288429"
3.12136,51.31467,25.6,"facade","288435"
4.247686,50.8609,19.4,"facade","288441"
5.744821,51.02297,19.6,"facade","288444"
4.420293,51.28633,25.2,"facade","288450"
4.703507,50.87933,32.5,"facade","288453"
4.423362,51.20705,40.2,"facade","288459"
4.398483,51.19637,35.1,"facade","288468"
3.889595,50.97843,19.6,"facade","288471"
3.649984,51.04966,19.5,"facade","288477"
5.069252,51.1975,14.8,"facade","288495"
4.881468,50.87592,24.6,"facade","288507"
4.475747,51.02081,40,"facade","288516"
4.8951611095094,51.0011112585269,17.1,"facade","288519"
4.500389,51.22047,27.8,"facade","288522"
4.425257,51.18719,37.5,"facade","288528"
3.465513,50.98844,20,"facade","288540"
3.838112,50.93166,20.2,"facade","288543"
4.025268,50.94775,28.9,"facade","288546"
3.947254,50.75365,17.3,"facade","288552"
4.371937,50.93219,24.8,"facade","288555"
5.075664,50.77766,17.1,"facade","288558"
4.817193,51.07204,18.8,"facade","288564"
3.344325,51.14198,19.8,"facade","288570"
4.301683,51.15696,26.9,"facade","288579"
4.402202,51.19394,36.9,"facade","288582"
4.467377,51.15245,22,"facade","288588"
3.542093,51.19033,18.7,"facade","288591"
3.200217,50.84216,27.4,"facade","288597"
5.51761432924087,51.0689168759889,16.3,"facade","288603"
4.330167,51.10723,24.1,"facade","288633"
2.857538,51.02886,18.5,"facade","288645"
4.472387,51.16507,23.5,"facade","288654"
4.947396,51.33174,23.5,"facade","288657"
5.434284,50.91863,21.2,"facade","288660"
3.630604,50.89531,16.9,"facade","288666"
3.67781,51.28058,22.5,"facade","288684"
3.264585,50.82878,28.2,"facade","288693"
4.75652,51.14602,19.3,"facade","288699"
2.856943,51.03051,22.7,"facade","288702"
4.516759,51.00521,19.9,"facade","288705"
4.468933,51.02882,39.4,"facade","288714"
4.913239,51.08963,18.7,"facade","288723"
3.262041,50.83629,31.1,"facade","288726"
3.637785,50.95791,25.9,"facade","288732"
3.114062,50.81013,22.3,"facade","288741"
3.230535,50.8375,22.4,"facade","288750"
3.72578479299771,51.1556725543164,22.2,"facade","288753"
3.959095,51.08644,31.1,"facade","288774"
4.390468,51.14269,23.9,"facade","288777"
3.78994,50.92115,23.4,"facade","288789"
3.64694,50.91851,21.7,"facade","288804"
5.385206,51.05434,19.8,"facade","288828"
5.101995,51.34124,15.8,"facade","288831"
4.861076,51.32002,19.5,"facade","288834"
5.640854,51.11859,16.1,"facade","288843"
3.011612,51.09414,19.3,"facade","288849"
4.22533,51.22249,33.6,"facade","288852"
4.491777,51.02208,25.6,"facade","288873"
4.691185,50.9202,18.4,"facade","288882"
3.276459,50.8312,30.9,"facade","288885"
4.390823,51.08936,29.2,"facade","288906"
4.30823,51.1748,26,"facade","288915"
3.702797,51.06621,23.2,"facade","288936"
3.810462,51.06198,31.5,"facade","288939"
4.33286,51.08613,19.1,"facade","288951"
5.55871061290697,51.2044927016557,20.5,"facade","288957"
4.474293,50.83206,19.6,"facade","288963"
4.82673,51.31607,18.2,"facade","288969"
3.069074,51.28934,21.2,"facade","288975"
4.064674,51.14559,18.1,"facade","288978"
4.580381,51.30142,18,"facade","288999"
4.469371,51.19916,34.5,"facade","289008"
3.744718,50.98802,21.1,"facade","289011"
4.234597,50.73139,22.5,"facade","289014"
4.057346,50.89381,20.5,"facade","289017"
4.676312,50.87524,22.6,"facade","289023"
5.693678,51.09357,17.7,"facade","289029"
3.764222,51.06577,23.3,"facade","289038"
3.258308,50.82736,26.1,"facade","289047"
2.987436,51.08741,16.6,"facade","289053"
5.25735,51.09118,14.8,"facade","289065"
4.484876,51.19416,26.6,"facade","289068"
3.876073,51.0114,18.9,"facade","289077"
4.640157,51.26688,32.5,"facade","289092"
4.700312,50.86766,32,"facade","289101"
3.709891,50.96821,23.8,"facade","289107"
4.425586,51.21289,39.5,"facade","289110"
4.533775,50.98739,17.7,"facade","289128"
4.68557,50.88258,34.3,"facade","289131"
3.637837,50.95191,19.3,"facade","289146"
5.012699,51.30606,22.5,"facade","289167"
4.471281,50.88408,30.6,"facade","289170"
4.442159,51.21654,47.4,"facade","289176"
5.174691,51.1723,20.4,"facade","289179"
3.544106,50.76571,17.6,"facade","289182"
4.418341,50.99592,20.7,"facade","289194"
4.21949,50.94327,17.2,"facade","289203"
4.470242,51.00894,26.7,"facade","289221"
5.250293,50.73687,14.1,"facade","289248"
4.835608,50.8804,17.9,"facade","289251"
4.695969,50.86455,35.4,"facade","289278"
4.874561,51.0058,17.9,"facade","289284"
4.943656,51.25553,17.6,"facade","289287"
4.461507,51.17877,27.7,"facade","289290"
4.526992,50.86106,22.6,"facade","289293"
4.738795,50.87732,17.6,"facade","289305"
3.832296,50.89231,27,"facade","289308"
4.506133,51.25868,24.3,"facade","289317"
4.242564,51.09688,21.3,"facade","289323"
4.474868,51.37945,26.7,"facade","289332"
4.191034,51.13316,38,"facade","289347"
4.77375264574527,51.3320737817077,20.6,"facade","289353"
4.71132,50.86154,19.7,"facade","289356"
4.440898,51.27589,22.8,"facade","289359"
4.363557,50.91996,32.3,"facade","289362"
3.976243,51.00578,25.6,"facade","289365"
4.674263,50.94273,17.4,"facade","289383"
3.738362,50.97439,20.6,"facade","289386"
5.502504,50.82888,18.7,"facade","289407"
3.669059,51.13409,20.7,"facade","289410"
3.878652,50.99964,21.8,"facade","289416"
2.972316,51.15289,21.1,"facade","289428"
5.141871,51.24125,15.3,"facade","289434"
3.693637,51.0453,19.6,"facade","289440"
4.588056,51.00772,17.6,"facade","289449"
4.047777,50.72182,16.3,"facade","289458"
5.030198,50.99724,16.2,"facade","289479"
4.59658682137667,51.246741802158,19.2,"facade","289488"
4.311197,51.34133,26.1,"facade","289497"
4.849642,51.36483,19.7,"facade","289503"
4.442151,50.92806,24.7,"facade","289509"
3.948327,51.0588,20.7,"facade","289536"
4.723592,50.88292,20,"facade","289539"
3.186814,50.84428,22.6,"facade","289542"
4.448606,51.46158,19.4,"facade","289545"
4.442772,51.15657,36,"facade","289548"
4.757494,51.34303,21,"facade","289557"
4.561831,51.23155,18.4,"facade","289578"
2.614357,51.10548,16.5,"facade","289593"
3.266113,50.83718,22.3,"facade","289602"
4.702404,50.87219,24.8,"facade","289605"
2.758846,51.13391,31.1,"facade","289608"
4.548732,50.88253,17.5,"facade","289611"
4.434567,51.22204,51.4,"facade","289614"
3.537255,51.08896,18.5,"facade","289629"
4.950827,51.16467,24.1,"facade","289641"
3.84884500444379,50.75565059385,22.4,"facade","289671"
4.440354,50.95759,21.5,"facade","289674"
4.436173,51.2214,35.3,"facade","289680"
2.762004,50.96315,17.3,"facade","289683"
3.712698,51.07268,25.7,"facade","289692"
3.726759,51.05998,27.2,"facade","289707"
4.936653,50.79745,26.1,"facade","289710"
3.487111,51.20604,19.3,"facade","289713"
4.646035,50.89276,16.8,"facade","289728"
4.508332,50.95631,16.8,"facade","289731"
3.436352,51.17352,17.1,"facade","289743"
5.381653,50.86153,33.6,"facade","289746"
3.020897,50.81477,19.9,"facade","289761"
3.715844,51.04167,27.4,"facade","289770"
3.324237,51.20684,19.5,"facade","289779"
4.678191,51.05014,16.9,"facade","289782"
4.573571,50.83651,17.6,"facade","289791"
3.790906,51.01316,20.8,"facade","289809"
4.701692,50.89475,18.4,"facade","289821"
3.756692,51.02376,25.7,"facade","289827"
4.430932,51.28847,26,"facade","289851"
5.116335,51.19068,40.2,"facade","289863"
3.81793,50.86867,20.7,"facade","289875"
4.718926,50.88205,21.6,"facade","289890"
4.561922,50.81805,14.6,"facade","289896"
4.703384,50.88134,25.5,"facade","289905"
4.217483,50.96351,17.4,"facade","289908"
3.424071,50.8799,29.6,"facade","289941"
4.714188,50.88011,29.8,"facade","289944"
3.226787,51.21956,35,"facade","289959"
4.834491,51.33488,17.9,"facade","289965"
5.13250680203698,50.7212189280885,14.8,"facade","289989"
3.052617,51.17268,18.2,"facade","289995"
4.468237,51.20873,43.4,"facade","289998"
4.509913,50.9108,19.9,"facade","290007"
5.377834,50.96246,15.8,"facade","290013"
3.138598,51.02919,21.9,"facade","290034"
4.459536,51.46512,30.3,"facade","290040"
4.76922262457486,50.8609556434951,21.4,"facade","290049"
4.268263,50.84328,27.3,"facade","290055"
4.954022,51.17329,19.2,"facade","290061"
4.913227,51.10884,20,"facade","290064"
4.814688,50.81431,17,"facade","290067"
3.715276,51.08567,35.4,"facade","290079"
3.577384,50.86064,18.3,"facade","290082"
4.142116,51.03133,18.8,"facade","290106"
5.568017,50.88688,18.3,"facade","290121"
5.632314,51.0564,15.6,"facade","290124"
5.054593,50.98682,24.6,"facade","290130"
4.118193,50.85711,24.4,"facade","290145"
3.62786,50.94933,20.9,"facade","290157"
3.199008,51.2026,26.7,"facade","290166"
4.055593,51.0283,20.4,"facade","290178"
3.304685,50.84415,20.6,"facade","290187"
3.852451,50.97035,20.1,"facade","290190"
4.450755,51.24917,33.8,"facade","290196"
4.481209,51.25035,22.6,"facade","290205"
4.447909,51.46704,19.1,"facade","290211"
4.44782,51.34103,14.6,"facade","290229"
3.571572,50.98559,20,"facade","290232"
4.036262,50.96865,17.3,"facade","290250"
4.647194,50.88982,18.5,"facade","290256"
4.507417,50.9702,17.1,"facade","290271"
3.612047,50.85096,17.8,"facade","290286"
3.867564,50.75999,16,"facade","290295"
5.171151,51.04037,31.4,"facade","290307"
5.67182,50.81492,17.5,"facade","290322"
3.720355,50.90816,16.3,"facade","290325"
4.248113,50.73922,36.1,"facade","290331"
4.675049,51.3007,19,"facade","290343"
4.820506,50.93099,18,"facade","290355"
4.538037,50.87919,20.9,"facade","290358"
4.386181,51.02808,20.5,"facade","290361"
4.820858,50.933,14.7,"facade","290370"
4.337257,50.97255,18.9,"facade","290382"
4.106601,50.77341,13.8,"facade","290388"
4.311787,51.08899,19.9,"facade","290397"
4.429305,50.93221,31.2,"facade","290403"
4.138111,50.91975,18.2,"facade","290406"
3.99434316178199,50.9438183934322,22.4,"facade","290412"
4.362258,51.17265,28.7,"facade","290418"
3.698141,50.86966,18.2,"facade","290421"
5.583077,51.04077,35.4,"facade","290439"
3.279003,51.2146,18.6,"facade","290448"
5.151969,51.04442,17.2,"facade","290454"
4.459164,51.24937,25,"facade","290457"
4.514316,51.04006,26,"facade","290460"
4.831349,51.17656,25.6,"facade","290463"
4.70901,51.08571,15.7,"facade","290472"
4.479626,51.29127,20.8,"facade","290478"
5.095202,51.06639,25.3,"facade","290481"
5.379355,50.95206,13.9,"facade","290484"
4.328363,50.98693,20.8,"facade","290487"
4.688688,50.87428,25,"facade","290505"
4.405893,51.16807,36.8,"facade","290529"
4.10269,50.93895,17.7,"facade","290535"
5.73244,51.05083,18.1,"facade","290541"
3.775884,51.01861,26.5,"facade","290550"
4.192469,51.19821,22.8,"facade","290553"
4.210818,51.18264,18.1,"facade","290562"
4.517369,50.86365,28,"facade","290568"
4.644831,50.92272,20.5,"facade","290574"
4.9347657890591,51.331148919041,17,"facade","290583"
4.479868,50.97317,26.3,"facade","290586"
3.709629,51.02872,23.6,"facade","290595"
4.045514,50.93434,57.3,"facade","290598"
4.504355,51.32066,20,"facade","290610"
4.906857,51.13558,20.5,"facade","290628"
4.471298,50.75592,17.8,"facade","290634"
4.373178,51.14204,32,"facade","290646"
3.128242,50.85972,17.6,"facade","290649"
4.493835,51.03328,32.5,"facade","290652"
5.115143,51.21802,20.6,"facade","290655"
3.974773,50.96012,19,"facade","290667"
4.667989,50.88277,21.6,"facade","290682"
2.860261,51.03422,19.5,"facade","290688"
4.844212,51.00261,18.5,"facade","290691"
5.089251,50.72172,20.3,"facade","290694"
4.872101,50.87919,14,"facade","290715"
3.68901,51.14026,20.9,"facade","290721"
2.919299,51.22829,32.4,"facade","290724"
5.087415,51.24066,17,"facade","290727"
5.391135,50.85681,17.3,"facade","290739"
4.630018,51.00726,19.4,"facade","290742"
3.750472,51.02611,24.3,"facade","290760"
4.478291,51.17072,23.8,"facade","290763"
4.481896,50.99076,21.2,"facade","290778"
4.570631,51.19068,22,"facade","290781"
4.107789,51.21761,21.1,"facade","290784"
3.353441,50.85257,26.8,"facade","290787"
5.419253,50.89696,24,"facade","290793"
4.390295,51.23263,28.5,"facade","290799"
3.802911,50.85322,18.1,"facade","290817"
5.312389,51.23304,17.3,"facade","290838"
3.432918,51.16227,16.8,"facade","290847"
2.891238,51.21282,23.3,"facade","290850"
4.426804,51.16589,31.3,"facade","290853"
5.163851,50.94494,21,"facade","290856"
5.386931,51.14848,25.3,"facade","290859"
4.72797,50.84302,26.2,"facade","290898"
4.725762,50.89091,21.5,"facade","290901"
4.077195,50.8866,34.4,"facade","290910"
4.066711,50.94478,31.4,"facade","290922"
3.77065039591422,50.7873789639517,19.7,"facade","290940"
4.750856,50.89501,15.1,"facade","290946"
4.591434,50.92453,13,"facade","290958"
4.439954,51.04648,21,"facade","290964"
4.250394,50.97225,19.2,"facade","290967"
4.695688,50.85421,19.4,"facade","290976"
4.215311,51.0531,18.3,"facade","290979"
3.12193,51.30534,23.9,"facade","290985"
4.725506,51.30169,19.9,"facade","290994"
3.237443,51.20349,26.7,"facade","291015"
3.103069,51.05824,20.4,"facade","291018"
5.692363,50.91891,17.7,"facade","291024"
5.349391,50.938,34.9,"facade","291027"
4.04872,50.91202,26.7,"facade","291036"
4.682258,50.85632,21.3,"facade","291039"
3.113121,50.95493,25.8,"facade","291042"
4.310669,51.34235,23.8,"facade","291054"
4.278771,51.05969,21.1,"facade","291057"
4.39601478058202,51.2121944894256,48.6,"facade","291072"
3.422462,50.87681,40,"facade","291075"
4.124839,51.15863,26.3,"facade","291078"
4.064161,50.93767,18.9,"facade","291084"
4.272365,51.22835,28.5,"facade","291090"
4.608341,50.96048,18.6,"facade","291093"
3.191265,50.79357,19.8,"facade","291102"
3.809674,50.86709,27,"facade","291105"
4.448965,51.27725,22.2,"facade","291111"
3.329374,51.13959,18.2,"facade","291114"
4.772859,51.20085,18.7,"facade","291132"
4.475121,51.16521,25.1,"facade","291138"
3.006783,51.09154,14.9,"facade","291153"
3.310938,50.8568,32.3,"facade","291156"
3.318358,50.9945,20.4,"facade","291159"
3.813407,50.86529,23.3,"facade","291168"
5.127826,51.18546,18.4,"facade","291171"
4.845797,50.98883,15.4,"facade","291177"
3.732575,51.03516,24,"facade","291180"
3.111965,51.23515,17.8,"facade","291192"
2.825819,50.78345,16.9,"facade","291198"
4.510859,50.91224,24.3,"facade","291201"
4.396645,51.06924,20.6,"facade","291204"
4.020103,51.13965,20.7,"facade","291213"
5.262693,50.89469,17.6,"facade","291222"
3.638918,51.0474,20.9,"facade","291228"
4.277865,50.98482,17.4,"facade","291240"
4.44591,51.10315,21.6,"facade","291243"
3.279952,50.83188,23.4,"facade","291252"
3.297308,50.87848,20.3,"facade","291255"
3.19364,50.80915,21.6,"facade","291258"
4.530685,50.88319,23.1,"facade","291276"
4.484593,50.85516,22.5,"facade","291279"
4.936458,50.81035,21.8,"facade","291300"
3.859269,50.84899,17.4,"facade","291309"
3.829616,51.03426,20,"facade","291315"
5.585644,51.03634,16.3,"facade","291321"
4.30093,51.06247,20.9,"facade","291336"
5.006034,51.03274,13.9,"facade","291339"
5.101477,51.18547,21.1,"facade","291342"
5.092666,50.98082,22.4,"facade","291354"
5.358558,51.03366,15.6,"facade","291357"
3.228376,50.82188,29.2,"facade","291372"
4.050784,50.98572,37.1,"facade","291375"
3.447993,51.2081,31.2,"facade","291378"
3.826971,51.00109,19.1,"facade","291381"
4.209086,51.04715,25.6,"facade","291384"
4.458445,51.21206,37.7,"facade","291405"
4.872407,51.12894,18.8,"facade","291408"
5.222454,50.94088,15.3,"facade","291411"
4.126014,51.114,22.5,"facade","291423"
4.366942,50.9212,32.8,"facade","291432"
5.473423,50.78353,38.1,"facade","291438"
3.118349,51.03308,22.1,"facade","291441"
2.816677,50.85619,20.4,"facade","291459"
4.682231,50.82485,14.7,"facade","291468"
4.46942927867674,50.8887991861678,24.8,"facade","291495"
3.139843,50.95918,20,"facade","291507"
4.033671,50.94495,30.5,"facade","291510"
4.326118,51.04018,29.8,"facade","291564"
4.101082,50.98132,17.7,"facade","291570"
3.632152,50.85458,17.4,"facade","291588"
4.487234,51.02354,25,"facade","291597"
4.088407,51.12242,25,"facade","291600"
2.970377,51.08785,23.1,"facade","291603"
3.011832,51.1291,20.9,"facade","291609"
5.468753,50.78517,25.4,"facade","291621"
4.152727,51.16733,35.3,"facade","291630"
4.581371,51.15855,19.2,"facade","291633"
2.967161,51.24093,25.6,"facade","291639"
5.523528,50.87459,16.3,"facade","291645"
4.417127,51.21872,51.6,"facade","291651"
5.346282,50.92841,22.8,"facade","291666"
3.341705,51.03256,17,"facade","291681"
4.98217,51.1538,18,"facade","291687"
4.986682,51.36469,15.8,"facade","291693"
4.485791,50.99061,26.3,"facade","291708"
4.30838968423144,51.0049690856892,35.4,"facade","291711"
4.26541,50.92695,22.3,"facade","291717"
3.204794,51.19384,24.4,"facade","291720"
4.439326,51.17276,43.7,"facade","291738"
5.4016,50.91884,16,"facade","291744"
4.275144,51.24931,32.9,"facade","291756"
4.326769,51.20071,33,"facade","291771"
3.326236,51.35142,23,"facade","291780"
4.785179,51.02235,19.3,"facade","291783"
5.033826,51.12283,17.2,"facade","291786"
3.925565,51.00685,19.9,"facade","291792"
4.834082,50.8874,18.6,"facade","291795"
3.857127,51.04895,21.6,"facade","291810"
5.454387,51.13323,25.5,"facade","291834"
4.224853,51.00811,18.3,"facade","291840"
4.463804,51.45899,26.6,"facade","291849"
5.590075,51.12877,17.9,"facade","291861"
3.21801,50.919,19.9,"facade","291867"
4.901035,51.15956,21.4,"facade","291876"
4.046285,50.98398,16.8,"facade","291885"
5.629052,50.86186,20.8,"facade","291891"
2.894294,50.86615,26.7,"facade","291903"
5.614101,50.8824,17.6,"facade","291906"
2.945495,51.08546,18.7,"facade","291930"
4.291846,50.95502,18.5,"facade","291942"
4.51084127875635,51.299463591456,18.2,"facade","291945"
4.503129,50.97621,25.4,"facade","291960"
3.293917,50.78968,21.8,"facade","291963"
4.854871,51.27208,17.4,"facade","291966"
5.299295,51.0606,15.8,"facade","291996"
4.866338,51.00118,16.6,"facade","292002"
4.265048,50.87675,34.6,"facade","292011"
5.41781,51.20748,17,"facade","292032"
4.478006,51.02415,32.4,"facade","292035"
2.960437,51.15958,21.4,"facade","292041"
3.641497,50.76961,13.8,"facade","292044"
5.322972,51.05051,18.5,"facade","292047"
5.372367,50.92251,20,"facade","292053"
5.377912,51.25257,14.7,"facade","292062"
4.449737,51.25007,34,"facade","292065"
4.324156,51.3437,23,"facade","292077"
2.910068,51.22729,28.6,"facade","292083"
4.472078,50.89031,34.4,"facade","292089"
5.04585,51.44613,19.7,"facade","292098"
5.282499,50.87536,19.4,"facade","292107"
5.324768,51.0368,15.7,"facade","292122"
4.016044,50.83964,27,"facade","292149"
5.114022,51.18822,31.3,"facade","292167"
5.506239,51.18923,16.6,"facade","292173"
4.443943,51.15713,31.2,"facade","292176"
3.191298,51.19592,25.1,"facade","292179"
3.190714,51.06361,18.2,"facade","292191"
4.717472,50.8822,37.3,"facade","292200"
4.62782544686277,51.1388874378856,35.1,"facade","292203"
4.342646,51.15431,30.2,"facade","292209"
3.910168,51.03244,19.6,"facade","292215"
4.200323,51.01771,21.1,"facade","292218"
5.099139,51.26875,18.5,"facade","292224"
4.160014,50.75829,17.9,"facade","292227"
4.720141,50.91716,24.7,"facade","292230"
4.447721,51.16961,29.5,"facade","292260"
4.673947,50.90895,24.5,"facade","292278"
4.421494,51.08171,25.1,"facade","292281"
4.375389,50.90799,26.2,"facade","292290"
3.470007,51.07408,19.7,"facade","292311"
4.990378,51.33219,15,"facade","292314"
4.88628,50.90322,15.3,"facade","292323"
4.002769,50.73983,20.4,"facade","292344"
4.438102,51.3493,14.4,"facade","292350"
3.203274,51.2354,21.7,"facade","292359"
4.667457,51.10214,16.7,"facade","292383"
3.614906,51.10635,20,"facade","292392"
4.17943,50.81719,18.4,"facade","292398"
4.438313,51.23975,51.3,"facade","292401"
4.287628,50.80712,33.5,"facade","292404"
3.966706,50.7577,18,"facade","292425"
4.920579,50.76143,14,"facade","292437"
4.947854,51.32959,19.1,"facade","292446"
4.224695,50.90162,19.1,"facade","292461"
4.712021,50.9077,29.4,"facade","292467"
4.958603,50.96603,19.3,"facade","292470"
3.318676,50.85932,24.8,"facade","292473"
5.340013,50.93553,40.6,"facade","292494"
5.667427,50.81359,19.1,"facade","292503"
4.166892,50.8406,17.8,"facade","292512"
5.353007,50.93062,21.4,"facade","292521"
4.395104,51.21533,36.6,"facade","292527"
5.192272,50.81256,30.8,"facade","292536"
4.508953,51.04722,25.2,"facade","292542"
5.536269,51.23018,14.6,"facade","292548"
5.40457,50.95262,17.7,"facade","292551"
4.397114,51.31481,20.7,"facade","292554"
4.672458,51.2811,15,"facade","292557"
2.881324,50.85618,19.4,"facade","292566"
5.026051,50.8987,20.5,"facade","292578"
3.009727,51.16398,24.3,"facade","292581"
4.779909,51.29606,17.9,"facade","292584"
3.809833,50.87763,19.7,"facade","292587"
4.586899,51.12837,32.7,"facade","292590"
5.07367,50.87604,14.1,"facade","292605"
5.7454,51.01805,18,"facade","292608"
4.991419,51.14131,17.1,"facade","292611"
3.205317,50.85295,20.8,"facade","292623"
3.27955,51.05724,28.7,"facade","292635"
3.27451674095227,50.8251433042462,26.4,"facade","292656"
5.410557,51.07363,17.6,"facade","292674"
5.498125,50.96331,38.8,"facade","292677"
5.493486,50.82881,17.7,"facade","292689"
2.973244,51.23507,26.3,"facade","292698"
5.459572,50.78093,23.8,"facade","292701"
4.236348,51.33545,26.3,"facade","292707"
4.833221,50.98072,16.9,"facade","292719"
5.050348,51.16836,17.1,"facade","292728"
3.225219,50.91127,19.5,"facade","292731"
4.514951,51.09292,21.9,"facade","292737"
4.905577,51.2501,15.8,"facade","292752"
4.304199,50.90136,24.8,"facade","292755"
3.229749,50.84977,26.3,"facade","292761"
3.36875,50.86169,18.7,"facade","292794"
3.432167,50.76667,17.4,"facade","292806"
3.200487,51.18319,21.4,"facade","292815"
3.862232,50.98433,20.2,"facade","292818"
4.570118,51.0431,19.3,"facade","292833"
3.298131,50.76668,17.7,"facade","292839"
4.909156,51.08552,24.6,"facade","292842"
4.742508,51.03046,17.9,"facade","292848"
3.719633,51.05815,25.8,"facade","292851"
4.759106,50.89981,17.3,"facade","292854"
4.460308,51.19551,38.6,"facade","292857"
3.169975,50.76983,20.2,"facade","292869"
5.780265,51.10245,18.5,"facade","292875"
5.058818,51.16484,18,"facade","292890"
3.305987,50.87254,17,"facade","292893"
4.395675,51.16709,29.1,"facade","292902"
4.522709,51.24514,17.2,"facade","292905"
4.816682,51.00219,19.2,"facade","292929"
3.39075,50.78819,16.1,"facade","292935"
2.962244,51.22657,28.2,"facade","292947"
4.485519,51.14396,18.2,"facade","292956"
5.09492,50.72,14.3,"facade","292971"
4.947697,50.98538,15.5,"facade","292977"
4.693993,50.85942,20.5,"facade","292980"
3.439735,50.77484,15.3,"facade","292983"
2.675017,51.13262,22.3,"facade","292989"
4.388241,51.1445,27.2,"facade","292995"
5.591681,50.83,18.7,"facade","293001"
4.27860511891332,50.8432605549225,34.1,"facade","293025"
5.351199,50.92441,19.9,"facade","293034"
5.35768,50.76855,14.1,"facade","293043"
4.61026,51.16804,19.6,"facade","293052"
3.689678,51.06314,21.9,"facade","293058"
4.131646,50.87441,20.5,"facade","293070"
2.99556,51.01462,16.8,"facade","293082"
4.549426,51.3886,19.3,"facade","293085"
3.533879,50.87807,18.5,"facade","293109"
4.362429,51.18851,28.3,"facade","293115"
4.473946,50.88674,39.1,"facade","293124"
3.703318,51.05762,24.2,"facade","293130"
3.754399,51.04347,27.6,"facade","293133"
4.872897,50.80032,18,"facade","293136"
4.718259,51.1961,22.8,"facade","293148"
3.207579,51.19348,22.1,"facade","293157"
4.439572,51.31576,17,"facade","293169"
4.900127,51.13762,20.5,"facade","293181"
4.481414,51.03701,47.8,"facade","293187"
3.188983,51.1952,18.7,"facade","293193"
3.747143,51.07462,29.4,"facade","293205"
3.734784,51.05521,30.1,"facade","293211"
3.990479,51.1544,17.6,"facade","293220"
4.829711,51.17961,20.6,"facade","293238"
4.836615,51.03014,16.3,"facade","293244"
4.512381,50.82296,24,"facade","293247"
4.094438,50.94023,15.6,"facade","293253"
4.195485,50.83948,17.5,"facade","293259"
3.773632,50.9723,21,"facade","293265"
3.05385841510844,51.0479190827948,17.8,"facade","293271"
4.926797,50.7977,20.4,"facade","293274"
5.151981,51.07487,24.8,"facade","293280"
4.341751,51.14543,25.1,"facade","293283"
4.279343,51.11184,18.1,"facade","293286"
4.042523,50.95084,26.7,"facade","293289"
3.624739,51.0647,18.9,"facade","293292"
4.570176,51.18746,26.2,"facade","293301"
5.446071,50.96512,16.9,"facade","293304"
3.740304,50.8936,19.2,"facade","293316"
4.428887,51.03706,23.3,"facade","293322"
5.084933,51.16666,15,"facade","293325"
2.921985,50.8403,18.2,"facade","293334"
3.174053,50.81284,22.1,"facade","293337"
3.517464,50.89906,17.2,"facade","293343"
3.681388,50.795,16.6,"facade","293346"
3.198294,50.90915,20.7,"facade","293355"
4.084347,50.86769,22.1,"facade","293361"
5.303921,51.06407,15.3,"facade","293370"
3.239822,51.15806,18.3,"facade","293373"
5.101641,50.93776,17.2,"facade","293385"
4.165222,50.98524,17.8,"facade","293400"
4.290744,50.90994,21.2,"facade","293403"
4.470411,51.15198,21.8,"facade","293412"
4.837959,51.13846,28.4,"facade","293415"
3.552845,51.27952,22.9,"facade","293424"
3.542754,50.97196,24.6,"facade","293427"
5.470693,51.13325,20.6,"facade","293430"
3.712651,51.11033,24.8,"facade","293436"
3.274029,50.84058,21.5,"facade","293439"
4.129643,51.09703,23.3,"facade","293442"
3.632628,51.03732,27.1,"facade","293454"
3.964958,50.93536,19.1,"facade","293460"
4.237955,51.02499,18.5,"facade","293472"
4.449094,51.27974,26.1,"facade","293475"
4.73102680886275,50.8893293269827,19.5,"facade","293484"
4.377868,51.05634,25.9,"facade","293487"
4.435685,50.93223,25.6,"facade","293502"
4.433461,50.90858,29.3,"facade","293508"
5.214855,51.00691,24,"facade","293520"
4.477618,50.77817,25.6,"facade","293523"
4.807137,50.91223,21.6,"facade","293529"
5.197931,51.00704,18.9,"facade","293535"
5.042087,50.98067,33.3,"facade","293538"
4.701537,50.94725,30.4,"facade","293550"
3.533369,50.9371,27.3,"facade","293562"
3.862011,50.92255,28.2,"facade","293568"
4.043653,50.90392,19.7,"facade","293571"
5.182418,51.03397,17.9,"facade","293574"
4.407513,50.9227,28.2,"facade","293577"
3.716545,51.08448,34.8,"facade","293580"
5.310727,50.90258,24.6,"facade","293589"
5.314209,50.92988,26.4,"facade","293592"
3.974898,51.05034,25.7,"facade","293601"
5.19513786741175,50.9118352101896,14.4,"facade","293604"
4.437191,51.25775,30.8,"facade","293622"
4.633124,51.35052,22.1,"facade","293625"
4.733469,51.08456,18.9,"facade","293634"
5.740195,51.017,19.3,"facade","293640"
4.008428,50.89949,20.2,"facade","293643"
4.455562,51.38213,18.3,"facade","293646"
4.553962,51.30347,22.6,"facade","293658"
5.336319,50.9993,18.2,"facade","293661"
5.699475,50.95585,23.5,"facade","293667"
3.224905,50.80026,20.7,"facade","293673"
4.370258,51.09645,27.3,"facade","293709"
3.873728,50.98074,27.7,"facade","293733"
4.617569,51.04027,24.8,"facade","293739"
4.275105,51.22583,27.6,"facade","293748"
4.139722,50.97824,17.9,"facade","293769"
3.288225,51.18871,17.4,"facade","293772"
4.12116,51.21526,24.5,"facade","293775"
4.227255,51.131,20.7,"facade","293778"
4.330113,50.94144,23.8,"facade","293784"
3.50753907345311,50.7587827340213,14.5,"facade","293808"
4.44485,51.29254,25.1,"facade","293814"
3.772723,51.14245,22.1,"facade","293817"
4.458827,51.46674,20.9,"facade","293820"
4.945167,50.80677,20.4,"facade","293826"
3.53757,50.98224,18.3,"facade","293850"
4.469535,51.05966,23.9,"facade","293859"
5.160196,50.87329,14,"facade","293862"
4.022619,51.06507,24.3,"facade","293880"
4.436419,51.30574,20.3,"facade","293886"
4.259253,51.04102,16.9,"facade","293889"
4.427704,51.17996,24.2,"facade","293898"
3.604397,50.99063,17.3,"facade","293901"
4.487862,51.25113,23.5,"facade","293916"
5.283212,51.03262,27.9,"facade","293919"
4.49377,51.15667,21.9,"facade","293928"
4.767805,51.38177,18.1,"facade","293940"
4.483075,51.13779,19,"facade","293943"
4.156996,51.17325,25.4,"facade","293952"
4.623254,50.89985,19.7,"facade","293955"
4.49394,50.83345,18.5,"facade","293964"
3.805643,50.76848,15.8,"facade","294000"
4.66211,50.90417,17.1,"facade","294015"
4.161188,51.03619,18.3,"facade","294018"
4.107404,50.9506,18.8,"facade","294021"
4.607879,51.02455,18,"facade","294027"
3.22037,50.82084,26,"facade","294042"
2.624416,50.91916,28.8,"facade","294045"
4.62184,50.74974,16.4,"facade","294057"
4.486219,50.93492,20.9,"facade","294069"
5.472728,50.83143,20,"facade","294087"
5.461802,51.1965,16.4,"facade","294114"
3.227533,50.92739,18,"facade","294126"
4.479243,50.83422,26,"facade","294132"
5.606303,51.00913,17.1,"facade","294135"
3.070593,51.09464,18.6,"facade","294156"
3.706469,51.06913,30.6,"facade","294159"
3.853965,50.78155,17.3,"facade","294165"
4.761394,51.35547,17.5,"facade","294201"
5.53245,51.02798,25.4,"facade","294204"
4.218173,50.87878,28.1,"facade","294213"
3.109031,50.79684,20.1,"facade","294216"
3.327827,50.81168,20,"facade","294234"
3.662694,50.89911,17.7,"facade","294240"
3.823441,51.05961,28.4,"facade","294252"
3.10375,50.89467,20.8,"facade","294264"
3.764931,50.89924,18,"facade","294267"
4.408512,51.22507,42.4,"facade","294270"
4.796317,50.88769,16.7,"facade","294276"
3.258693,50.81896,30.9,"facade","294282"
5.171034,50.86598,16.1,"facade","294288"
5.077586,50.99672,16.5,"facade","294291"
4.620969,50.96101,16.4,"facade","294294"
4.276625,51.21337,26.1,"facade","294309"
3.00382273014121,51.0213430391623,29,"facade","294312"
4.633799,51.09517,19.5,"facade","294318"
3.866917,51.06085,27.9,"facade","294351"
3.146257,51.02888,25.9,"facade","294363"
4.494412,50.93996,22.3,"facade","294366"
3.9312628766589,50.7040835371777,16.8,"facade","294375"
5.101696,51.27833,17.9,"facade","294378"
3.187674,50.80409,34.3,"facade","294390"
4.446351,51.01501,28.4,"facade","294393"
4.485291,50.7923,38.2,"facade","294396"
3.538182,51.0699,20.7,"facade","294399"
3.396108,50.91717,19.2,"facade","294405"
5.368671,50.91712,16.9,"facade","294417"
4.617784,50.90403,14.4,"facade","294423"
4.363674,51.06287,26.1,"facade","294429"
3.969804,50.81021,14.9,"facade","294450"
3.92433,51.01632,17.8,"facade","294456"
5.109739,51.19067,19.3,"facade","294459"
5.382266,51.00229,22,"facade","294483"
4.727006,51.39032,24.1,"facade","294486"
4.778936,51.0863,17.9,"facade","294492"
4.354924,51.1711,29.5,"facade","294504"
3.457863,51.04772,18.2,"facade","294525"
3.625812,51.10587,21.7,"facade","294534"
5.76347,51.06315,15.6,"facade","294537"
5.384129,51.06052,22.3,"facade","294540"
4.511129,51.23002,25.3,"facade","294546"
4.464089,50.98095,20,"facade","294549"
3.439407,50.88085,21.8,"facade","294558"
4.321794,50.9383,20.9,"facade","294594"
5.359684,51.02793,17.8,"facade","294600"
5.447773,51.25486,14.3,"facade","294612"
4.115242,51.0295,18.4,"facade","294618"
3.700505,51.05547,23.5,"facade","294621"
2.963384,51.05921,16.5,"facade","294639"
3.747928,51.05143,41.7,"facade","294642"
3.613104,51.00419,16.6,"facade","294645"
4.38934599576455,51.0419560951494,27.8,"facade","294648"
3.752446,51.05577,31.7,"facade","294651"
4.230847,50.89175,21.2,"facade","294654"
4.034729,51.15763,20.5,"facade","294657"
3.710447,51.07044,32.5,"facade","294675"
4.758374,51.38978,16.2,"facade","294681"
5.36940067192999,50.994993846842,21.8,"facade","294687"
3.64132,50.98712,20,"facade","294696"
4.462888,51.22148,33.9,"facade","294705"
4.032659,51.06602,28.2,"facade","294723"
3.275513,51.06375,17.2,"facade","294726"
4.249974,50.84149,24,"facade","294750"
4.759298,51.40258,19.6,"facade","294753"
4.409559,51.03401,18.3,"facade","294756"
4.726916,50.872,20.3,"facade","294759"
4.527322,51.42587,16.4,"facade","294774"
5.717759,50.98682,22.8,"facade","294780"
4.538923,50.81622,18.5,"facade","294783"
3.26474,50.98815,19.9,"facade","294789"
3.689552,51.07102,20.6,"facade","294798"
4.70151,51.04192,14.3,"facade","294801"
4.471857,51.22394,28.4,"facade","294804"
4.574443,51.07281,25.9,"facade","294807"
5.094074,50.88745,13.7,"facade","294813"
4.406437,51.20081,37.3,"facade","294825"
5.485848,50.74045,15.6,"facade","294828"
2.731685,50.84523,20.2,"facade","294843"
5.379836,51.04085,24.4,"facade","294849"
4.129373,51.21314,19.9,"facade","294852"
3.827682,51.03128,24.8,"facade","294861"
4.683175,50.89783,32.9,"facade","294864"
3.316276,51.06289,18.7,"facade","294867"
5.518643,50.97053,17.3,"facade","294879"
4.266185,50.99099,22.1,"facade","294891"
4.475268,50.8475,35.3,"facade","294909"
3.733626,50.96951,18.4,"facade","294924"
3.139841,50.95531,18.8,"facade","294930"
5.429867,50.92304,18.4,"facade","294951"
4.49414116485731,51.3195195521876,17.8,"facade","294966"
4.700838,50.88529,26.8,"facade","294972"
3.360234,51.12702,18.5,"facade","294975"
4.441276,51.20279,38.2,"facade","294993"
4.136283,50.9402,19.3,"facade","294999"
4.898472,50.78226,17.5,"facade","295005"
3.228486,51.22494,34.3,"facade","295011"
4.983435,51.34056,18.3,"facade","295017"
4.558745,50.85303,17.1,"facade","295020"
4.936543,50.79569,22.3,"facade","295029"
4.437677,51.17516,30.8,"facade","295038"
4.827351,50.95938,19.7,"facade","295041"
4.448395,51.10353,26.5,"facade","295056"
4.523557,51.17439,28,"facade","295077"
3.973183,50.84776,14.9,"facade","295089"
3.133376,50.95066,22.4,"facade","295098"
3.53644,51.07037,24.1,"facade","295101"
4.296125,51.00315,30.9,"facade","295107"
5.537753,51.25947,16.7,"facade","295110"
4.339138,51.12578,30.5,"facade","295116"
5.419562,51.21877,20.8,"facade","295122"
3.375249,50.85199,20.5,"facade","295134"
5.179245,51.03233,17.3,"facade","295137"
5.602598,51.15928,15.7,"facade","295149"
5.361056,50.94616,18.1,"facade","295155"
5.35511,50.94561,21.6,"facade","295158"
4.051055,50.94342,25,"facade","295176"
4.402014,51.05019,19.8,"facade","295212"
4.232564,50.94963,18.4,"facade","295224"
5.178755,51.16657,16.5,"facade","295227"
5.288675,50.87091,18.3,"facade","295230"
4.978001,50.89633,16.1,"facade","295233"
5.630167,50.83638,17.1,"facade","295236"
4.929237,50.80936,26.9,"facade","295239"
3.610172,50.85509,19.2,"facade","295257"
2.943265,51.22914,27.2,"facade","295269"
5.000079,51.21063,17,"facade","295290"
4.035157,50.84725,23.5,"facade","295296"
4.488644,51.19056,25.6,"facade","295308"
5.337693,50.91992,21.4,"facade","295326"
3.86009,51.06978,20.9,"facade","295332"
4.196752,50.79117,21.9,"facade","295335"
2.752597,51.09125,20.3,"facade","295344"
4.189639,50.99677,19.7,"facade","295347"
3.176123,50.81526,24.7,"facade","295350"
3.592576,51.13553,18.3,"facade","295353"
5.167295,51.04345,22,"facade","295359"
4.725955,50.8736,20.5,"facade","295368"
4.756223,51.13782,22,"facade","295374"
4.49469,51.25103,32.6,"facade","295377"
4.509194,50.88263,24.5,"facade","295386"
4.286145,50.85459,31,"facade","295398"
4.692877,50.85789,20,"facade","295407"
4.643012,51.05945,28.9,"facade","295425"
4.010165,51.10827,20.6,"facade","295428"
4.275217,50.75936,24.9,"facade","295437"
3.245324,50.79846,24.2,"facade","295458"
4.112744,51.17224,27.1,"facade","295464"
3.937609,50.98395,18.4,"facade","295473"
4.508701,51.30363,18.5,"facade","295476"
4.6799,50.90265,19.4,"facade","295479"
3.132997,50.99672,20.2,"facade","295500"
3.121199,50.95227,32.4,"facade","295509"
4.039904,51.07925,25.3,"facade","295512"
5.165911,51.17195,28.4,"facade","295515"
3.227002,50.76962,24.3,"facade","295518"
3.818597,50.95425,22,"facade","295521"
4.324628,51.08796,22,"facade","295524"
3.877864,51.00174,33,"facade","295527"
4.82719,51.23575,22.7,"facade","295530"
3.690997,51.07753,21.3,"facade","295536"
4.318836,51.22293,32.1,"facade","295542"
4.29818,51.14712,50.7,"facade","295548"
3.902789,50.82938,16.6,"facade","295557"
3.173931,51.07724,21.5,"facade","295569"
4.00205652839873,51.0202151149797,17.6,"facade","295572"
4.273059,51.07586,21.3,"facade","295587"
3.666972,51.03033,21.9,"facade","295596"
3.633195,51.00479,18.2,"facade","295602"
4.108006,51.14544,23.6,"facade","295605"
4.226134,51.02655,19,"facade","295608"
4.640022,50.89788,17.3,"facade","295611"
4.476156,51.03653,38.3,"facade","295632"
4.905181,50.83741,14.4,"facade","295635"
3.930728,50.92057,19.5,"facade","295641"
3.229091,51.27155,22.5,"facade","295644"
4.516199,51.04053,20.8,"facade","295647"
4.452595,50.99041,20.1,"facade","295653"
3.249907,50.84118,19.3,"facade","295665"
4.939468,50.81387,15.5,"facade","295686"
4.747598,50.96973,14.3,"facade","295695"
3.094113,50.93626,18.2,"facade","295713"
3.808801,50.82229,17,"facade","295716"
4.425119,51.22789,36.4,"facade","295719"
3.004635,50.98405,20.9,"facade","295737"
2.83427,50.81944,17.1,"facade","295755"
3.744762,50.80184,17.1,"facade","295773"
4.36973,51.33395,36.2,"facade","295776"
4.641486,51.1147,18.9,"facade","295788"
5.3286,50.78452,14.2,"facade","295797"
4.75332,50.96884,12.6,"facade","295800"
3.961905,50.96276,15.8,"facade","295806"
4.407892,50.95167,21.7,"facade","295815"
2.967041,51.23977,23.9,"facade","295830"
3.752159,50.85105,15.8,"facade","295833"
5.467723,50.92034,16.5,"facade","295839"
3.261889,50.838,23.3,"facade","295842"
5.677553,50.94137,18,"facade","295845"
4.93016,51.30568,16.9,"facade","295848"
4.095374,50.88319,34.9,"facade","295857"
5.410745,50.9301,18.4,"facade","295860"
3.241696,50.86074,17.3,"facade","295869"
4.296784,51.07308,33.5,"facade","295872"
4.603517,51.16074,17,"facade","295893"
4.107659,50.78692,14.7,"facade","295896"
3.686368,51.19023,22.3,"facade","295899"
5.331731,50.93274,22.5,"facade","295908"
3.220607,51.2051,27.4,"facade","295911"
4.44083,51.13318,32.2,"facade","295914"
3.277844,51.05595,19,"facade","295920"
5.234282,51.10904,17.1,"facade","295929"
3.099704,51.02591,23.9,"facade","295932"
4.719559,50.82903,19.3,"facade","295941"
5.199786,50.80554,21.8,"facade","295953"
5.329899,51.24753,14.7,"facade","295956"
3.738262,51.18175,19.5,"facade","295959"
4.991125,51.17949,20.6,"facade","295962"
3.732185,50.97022,19.8,"facade","295965"
4.759062,50.833,18.5,"facade","295968"
3.371158,51.12664,17.8,"facade","295971"
5.090666,51.12832,16.9,"facade","295992"
3.745945,50.98512,28.5,"facade","295995"
5.088863,50.76521,14.6,"facade","296004"
3.191592,51.22685,23.4,"facade","296007"
4.392963,51.20876,42.7,"facade","296019"
4.667886,50.88078,24.4,"facade","296022"
4.712197,51.19945,18.6,"facade","296031"
5.760097,51.06598,18.1,"facade","296043"
4.456375,50.92808,23.2,"facade","296046"
2.858865,50.89422,26,"facade","296049"
4.311182,51.34036,28.9,"facade","296052"
4.502706,50.82144,21.8,"facade","296055"
3.20558,51.33235,38.6,"facade","296064"
5.107495,50.94492,16.6,"facade","296076"
3.27504,51.34363,23.8,"facade","296085"
4.723067,50.90198,20.7,"facade","296088"
3.268576,51.19811,19.3,"facade","296103"
3.746153,50.81761,14,"facade","296118"
5.42781223093259,51.2283030426472,20.1,"facade","296124"
5.608954,51.14512,19.9,"facade","296139"
3.487386,51.20377,26.5,"facade","296148"
5.330635,50.88211,15.6,"facade","296151"
3.249648,51.19781,24.1,"facade","296175"
4.47682,51.22804,28.3,"facade","296181"
3.758438,50.96576,17.5,"facade","296187"
4.234018,51.18003,34.8,"facade","296205"
3.199919,50.97685,24.1,"facade","296211"
3.830078,51.06121,28.6,"facade","296214"
4.513492,51.24951,22.3,"facade","296220"
5.279193,51.2287,19.9,"facade","296226"
4.074186,50.88565,23.1,"facade","296229"
3.699196,51.01897,23.5,"facade","296235"
3.261579,51.01615,20.2,"facade","296241"
5.016434,51.06641,16.8,"facade","296244"
5.246788,51.16251,15.5,"facade","296247"
5.301306,51.23212,20.5,"facade","296253"
3.666801,51.01925,33.4,"facade","296259"
3.070184,51.07548,24.7,"facade","296262"
5.392704,50.85232,15.1,"facade","296268"
4.689382,50.87594,24.3,"facade","296271"
5.086871,50.72287,16.1,"facade","296283"
2.716971,50.99758,16.1,"facade","296298"
5.010139,51.01003,16.1,"facade","296301"
4.457689,51.46766,19.8,"facade","296322"
4.651969,51.1186,18.3,"facade","296325"
4.894685,51.31244,16.7,"facade","296328"
4.056233,50.9495,22.4,"facade","296331"
4.199797,51.0498,18.1,"facade","296337"
3.73866,51.04744,23.6,"facade","296343"
4.718699,51.20592,19.2,"facade","296364"
3.956087,50.88032,16.2,"facade","296370"
5.02588,51.00115,16.4,"facade","296373"
5.157207,51.17956,14.2,"facade","296391"
3.15908849894969,50.9343122844878,24.4,"facade","296406"
5.647548,51.01154,16.3,"facade","296415"
4.703287,50.85653,18,"facade","296430"
4.881409,50.82283,15.8,"facade","296433"
4.462929,51.36515,28.9,"facade","296436"
4.422248,51.30243,20.8,"facade","296448"
3.270968,51.20886,18.5,"facade","296460"
3.444324,51.07893,26.3,"facade","296481"
5.32368,51.23129,15.5,"facade","296496"
3.753643,51.07184,26.6,"facade","296499"
2.962662,50.8353,15.8,"facade","296508"
4.302766,51.17377,23.2,"facade","296517"
3.098154,50.84923,22.1,"facade","296520"
5.17256,50.82663,19.6,"facade","296523"
4.933065,50.8145,18.5,"facade","296526"
4.512178,51.00722,21.1,"facade","296538"
3.313276,50.99154,19.3,"facade","296544"
5.181662,50.81212,18.6,"facade","296553"
2.983006,51.09926,19.4,"facade","296556"
3.954257,50.77673,16.1,"facade","296562"
3.604323,51.03021,22.1,"facade","296568"
5.438086,50.9564,20,"facade","296583"
3.088747,51.12016,40,"facade","296586"
5.18831295689414,50.8211792771062,25.5,"facade","296592"
5.712215,51.09845,17.6,"facade","296595"
4.736346,50.96311,16.5,"facade","296598"
5.297224,50.73914,16,"facade","296607"
5.239635,50.8532,14,"facade","296619"
3.728318,51.02979,31.7,"facade","296622"
3.627316,51.18286,19.5,"facade","296634"
5.313611,50.92988,28.9,"facade","296646"
5.209723,50.77654,13.3,"facade","296655"
3.16009,51.11884,18.3,"facade","296664"
4.577561,51.23298,18.8,"facade","296676"
3.209304,51.2159,28.6,"facade","296679"
4.972947,50.97101,16.5,"facade","296682"
4.423466,51.07604,24.4,"facade","296691"
3.66196,50.9709,19.3,"facade","296694"
4.434519,51.24977,28.3,"facade","296724"
2.913494,50.97146,16.5,"facade","296757"
4.723878,51.1085,16.3,"facade","296769"
3.639033,51.01296,18.9,"facade","296784"
3.751814,51.06471,25.8,"facade","296787"
3.032997,51.13419,21.6,"facade","296829"
3.260427,50.82131,24.8,"facade","296853"
5.371465,51.20642,15.8,"facade","296868"
3.69394,50.95626,24.9,"facade","296874"
4.990379,51.20397,16.1,"facade","296880"
4.835298,51.05899,20.4,"facade","296883"
3.802229,51.07504,24.2,"facade","296904"
5.005434,51.1631,28.1,"facade","296934"
4.306078,50.92546,20.3,"facade","296940"
4.401974,50.94517,17.6,"facade","296946"
4.515497,51.26022,21.8,"facade","296955"
4.330024,51.20987,31.9,"facade","296961"
4.78742,50.87468,14.9,"facade","296970"
3.706441,51.06612,25.3,"facade","296979"
4.894554,51.1385,22.5,"facade","296982"
3.609192,50.84496,20.4,"facade","296994"
4.670537,51.29959,16.9,"facade","297009"
4.878041,51.05601,18.6,"facade","297021"
4.466879,51.17073,21.7,"facade","297027"
4.185424,51.15919,18.6,"facade","297033"
4.724076,50.82419,14.5,"facade","297039"
4.436395,51.25296,28.6,"facade","297048"
4.185565,50.91943,31,"facade","297051"
2.964493,50.84908,17.7,"facade","297054"
4.492551,50.99151,27.9,"facade","297057"
4.46233,51.22598,26.6,"facade","297060"
5.719936,51.04514,18,"facade","297099"
4.35381,51.00971,28.6,"facade","297102"
4.770722,50.82397,17.6,"facade","297105"
4.064587,50.88339,24.3,"facade","297108"
4.340275,51.22042,29.9,"facade","297117"
3.922458,51.0377,18.9,"facade","297120"
3.296209,50.81535,28.4,"facade","297123"
4.410872,51.16135,28.1,"facade","297138"
4.415245,51.17375,31.2,"facade","297144"
5.614015,51.01347,13.8,"facade","297147"
5.53055594794228,50.9715915000185,21,"facade","297159"
5.216246,51.09119,16.8,"facade","297162"
3.672993,50.93086,18.7,"facade","297168"
4.498623,51.17119,22.2,"facade","297171"
4.75961,51.03481,18.4,"facade","297186"
3.707062,51.06363,24.8,"facade","297189"
5.50915,50.95648,17,"facade","297195"
5.134911,50.84807,18.3,"facade","297210"
5.015746,51.38662,20,"facade","297213"
3.417976,51.1439,17.9,"facade","297222"
4.24061882108316,50.8145847961781,17.4,"facade","297225"
4.175393,50.87256,24.5,"facade","297228"
4.245958,50.73747,33.2,"facade","297234"
4.395258,51.16359,30.7,"facade","297243"
4.041288,50.97001,21.1,"facade","297246"
3.998031,50.90658,17.7,"facade","297267"
3.751865,51.06397,26.7,"facade","297285"
3.926101,50.95715,18,"facade","297291"
4.16595,50.86526,20,"facade","297300"
4.979884,51.15462,30.9,"facade","297318"
4.266322,50.8553,23.4,"facade","297321"
4.665506,50.91717,19,"facade","297324"
4.779877,51.13667,21.4,"facade","297357"
3.455246,51.0747,23.3,"facade","297360"
5.383258,50.99083,23.6,"facade","297372"
3.372092,51.05745,18.4,"facade","297375"
3.114724,50.89896,22.2,"facade","297384"
3.830872,51.09571,35.6,"facade","297390"
4.492508,50.74382,19.7,"facade","297399"
4.274697,51.21736,28.9,"facade","297405"
4.480378,50.95082,21,"facade","297426"
4.339132,51.12193,23.8,"facade","297441"
5.3273,50.91819,28,"facade","297456"
4.696755,50.83215,15.8,"facade","297474"
3.61063,50.91915,18.7,"facade","297480"
4.926607,51.32443,16.9,"facade","297483"
3.355006,50.88072,22.3,"facade","297489"
4.53217,51.10543,19.5,"facade","297492"
3.85527,51.03088,25.1,"facade","297501"
5.434922,50.80522,18.4,"facade","297513"
5.263076,50.94528,31,"facade","297522"
4.371238,51.08729,34.1,"facade","297525"
3.849689,51.18101,19.4,"facade","297528"
4.917642,50.93403,17.3,"facade","297537"
3.318762,50.85169,17.8,"facade","297543"
5.26393,51.05776,17.7,"facade","297558"
3.089194,50.9298,19.5,"facade","297567"
4.662442,50.87632,22.8,"facade","297573"
4.24784,50.85507,19.7,"facade","297582"
3.133908,50.95338,25.3,"facade","297591"
3.722905,51.0462,30.6,"facade","297609"
3.803581,50.84813,12.9,"facade","297618"
4.356281,51.06417,27.1,"facade","297621"
3.132082,50.96127,19.6,"facade","297630"
4.956658,50.84706,17,"facade","297633"
2.97316,51.08666,22,"facade","297639"
5.018526,51.13381,17.5,"facade","297648"
4.09219,50.94548,24.7,"facade","297675"
3.260238,50.91939,29.3,"facade","297687"
3.780693,51.0776,26.1,"facade","297696"
4.526787,50.98099,17.5,"facade","297702"
3.155343,51.10798,18.9,"facade","297705"
3.336171,50.89408,37.2,"facade","297708"
3.136487,50.88698,18.8,"facade","297720"
3.809982,50.97957,23,"facade","297741"
2.969553,51.08954,23.2,"facade","297744"
3.71015,51.00268,25.5,"facade","297753"
5.354377,50.92407,22.4,"facade","297768"
3.663552,50.93124,17.1,"facade","297771"
3.209726,51.21947,37.1,"facade","297777"
3.47808,50.93594,17.8,"facade","297798"
3.736491,51.15713,23.5,"facade","297813"
4.88273,50.83486,15.6,"facade","297831"
4.425498,51.28007,22.1,"facade","297843"
4.483469,51.19672,28.4,"facade","297849"
3.339848,51.24118,20.5,"facade","297858"
2.904143,51.22328,25.6,"facade","297861"
5.395871,51.15649,16.5,"facade","297867"
3.472492,50.97709,21.6,"facade","297873"
4.01118,50.88337,17.4,"facade","297891"
4.434141,51.13883,29.9,"facade","297906"
4.556621,51.23072,19.7,"facade","297912"
3.431648,50.91055,19.2,"facade","297918"
3.225108,51.13187,16.8,"facade","297924"
3.161648,51.10218,20.3,"facade","297930"
4.940585,51.31865,21.9,"facade","297933"
4.219499,50.71782,26.6,"facade","297936"
4.262578,50.74906,25.6,"facade","297960"
5.281799,50.97445,17.1,"facade","297972"
5.708353,50.98384,18.3,"facade","297975"
3.213368,50.9131,22.2,"facade","297984"
5.13803261050448,50.9988069477015,18.4,"facade","297993"
4.060503,51.00328,21.4,"facade","297996"
4.491757,50.99429,28.5,"facade","297999"
5.454579,50.7765,17.2,"facade","298002"
4.430617,51.15786,26,"facade","298008"
4.60906237758249,51.2728461507823,15.7,"facade","298017"
3.711533,51.02694,35.4,"facade","298029"
3.755761,50.98687,21.8,"facade","298035"
4.727497,51.0808,17.7,"facade","298038"
4.672189,51.01314,15.1,"facade","298041"
4.356663,51.17972,33.9,"facade","298047"
4.275796,51.02654,16.7,"facade","298065"
4.633202,51.26605,18.5,"facade","298071"
4.796943,50.88265,22.1,"facade","298074"
4.587628,51.10318,18.6,"facade","298080"
4.01054,50.90517,22.5,"facade","298083"
3.388806,51.0725,18.7,"facade","298089"
3.788929,51.20457,24.9,"facade","298092"
3.787316,51.0762,24.5,"facade","298095"
4.114994,50.91232,28.4,"facade","298098"
4.4427,51.2166,58.3,"facade","298107"
5.172386,50.82933,17.4,"facade","298116"
4.474962,51.22203,29.7,"facade","298119"
4.506605,50.97677,24.2,"facade","298128"
4.526613,50.99074,21.4,"facade","298131"
3.341119,50.87736,16.6,"facade","298137"
4.614267,51.15409,19.3,"facade","298146"
2.960672,51.22468,24.1,"facade","298155"
4.760506,51.41352,19.9,"facade","298176"
4.754178,50.99598,19.3,"facade","298185"
4.243519,50.99534,19.8,"facade","298191"
4.999539,51.12794,17.1,"facade","298194"
5.448177,50.92414,19.9,"facade","298203"
4.027582,50.95865,16.1,"facade","298206"
4.49852,51.468,18.2,"facade","298212"
3.747146,51.03457,30.1,"facade","298215"
5.365126,50.90329,20.1,"facade","298218"
5.423702,51.15815,15.1,"facade","298227"
5.267853,50.78279,18,"facade","298230"
4.18692,50.95291,15.8,"facade","298233"
4.37647,51.33073,19.9,"facade","298239"
5.315796,51.26269,16.7,"facade","298242"
4.469761,50.77565,18.4,"facade","298248"
4.793519,50.87489,15.4,"facade","298251"
5.12387,50.78144,17.8,"facade","298257"
5.320553,50.93475,25.5,"facade","298260"
4.329092,51.0464,25.6,"facade","298263"
2.735605,50.93339,23,"facade","298266"
5.19601,50.86514,17.4,"facade","298272"
5.481081,51.29198,17.2,"facade","298275"
4.468351,51.28178,17.5,"facade","298281"
4.099173,51.11491,19.3,"facade","298287"
4.859261,51.14656,30.7,"facade","298296"
3.942496,51.1379,16.9,"facade","298299"
4.277339,51.02229,20.3,"facade","298317"
4.464797,51.22235,28.1,"facade","298326"
5.256687,50.83761,16.6,"facade","298329"
3.95009,51.10023,20.8,"facade","298335"
4.379426,51.22018,35.1,"facade","298365"
4.4486,51.36156,19.6,"facade","298371"
4.439693,51.21048,37.9,"facade","298380"
4.41584,51.19377,37.8,"facade","298386"
3.238809,50.81086,22.2,"facade","298398"
3.685087,50.91868,24.8,"facade","298419"
3.276099,50.82579,25.1,"facade","298440"
3.110984,51.23514,19,"facade","298443"
4.562937,51.19304,23.8,"facade","298446"
2.800821,51.18148,20.2,"facade","298452"
3.15599,50.9289,27.6,"facade","298455"
3.634871,50.7793,16.7,"facade","298461"
4.442135,51.19948,32.5,"facade","298470"
5.524061,50.8872,18.7,"facade","298482"
4.452337,51.19655,39.4,"facade","298485"
4.494346,51.01669,26.1,"facade","298491"
3.601585,51.14919,18.5,"facade","298503"
4.616077,51.1389,23.8,"facade","298512"
4.244488,50.73131,26.5,"facade","298521"
3.216432,50.84563,20.8,"facade","298524"
3.745451,51.04674,48.7,"facade","298533"
3.206353,50.84423,20.6,"facade","298536"
5.303191,50.76281,14.1,"facade","298551"
4.533241,51.32714,27.3,"facade","298566"
4.447223,51.35698,15.6,"facade","298569"
3.701585,50.95604,17,"facade","298572"
4.687958,50.87669,21.4,"facade","298587"
4.352808,51.06236,29.8,"facade","298593"
4.441947,50.93198,24.6,"facade","298596"
3.617429,50.73396,15.9,"facade","298602"
2.714591,51.01236,20,"facade","298608"
2.956226,51.22114,34.5,"facade","298611"
4.742082,51.17151,30.2,"facade","298614"
5.381865,51.05295,33.4,"facade","298632"
3.799574,51.09273,21.5,"facade","298650"
5.470871,50.77923,20.6,"facade","298668"
3.684105,51.0304,22.9,"facade","298680"
3.66177,50.9405,20.9,"facade","298719"
5.080913,50.75526,38.4,"facade","298734"
3.242,50.98405,21.9,"facade","298746"
3.982575,51.11162,23.2,"facade","298749"
4.471054,51.37243,32.1,"facade","298752"
4.541813,50.76884,20.4,"facade","298758"
5.271945,50.83779,15.4,"facade","298761"
2.949758,51.15467,21.2,"facade","298767"
4.646009,51.01482,16.4,"facade","298770"
3.574871,51.06504,21.4,"facade","298788"
3.807789,50.81738,16.9,"facade","298791"
2.999489,51.1896,20.9,"facade","298803"
4.468462,51.22401,28.5,"facade","298821"
5.287059,50.98026,15.8,"facade","298824"
3.669747,51.01233,21.6,"facade","298830"
4.031743,51.06923,21.3,"facade","298836"
3.87881281224262,50.836322551861,18.1,"facade","298842"
5.356934,50.84261,15.7,"facade","298845"
5.386335,50.76254,15.1,"facade","298848"
4.116233,51.01465,19.1,"facade","298860"
4.406045,51.19672,43.5,"facade","298869"
5.27294704164291,50.8989059086189,17.3,"facade","298875"
4.176628,50.99612,26.2,"facade","298878"
3.033945,50.92741,19.6,"facade","298887"
4.55738,50.93755,18.4,"facade","298902"
4.696033,51.30077,19.2,"facade","298914"
4.554811,51.26323,35.3,"facade","298923"
4.917059,51.31276,17.3,"facade","298947"
3.690756,51.05832,27.8,"facade","298950"
4.004621,50.87405,20.6,"facade","298953"
4.690109,50.86269,22.7,"facade","298962"
4.367917,50.93205,22.7,"facade","298965"
4.14272,50.89313,24.7,"facade","299001"
4.567314,51.13317,42.2,"facade","299007"
4.343666,51.17748,31.8,"facade","299034"
3.68175,51.11948,25.6,"facade","299064"
3.836873,51.06895,21.2,"facade","299073"
3.438541,50.88339,18.6,"facade","299082"
3.335039,51.00116,22.6,"facade","299085"
4.11254113565945,50.7933620924384,17.9,"facade","299106"
4.76081,50.97204,17.7,"facade","299115"
3.712727,51.09821,34.5,"facade","299139"
4.654717,50.83497,17.2,"facade","299163"
4.471292,51.02265,26.9,"facade","299169"
4.208333,50.71808,22,"facade","299172"
4.420411,51.20331,35.3,"facade","299187"
3.187749,50.82123,22.8,"facade","299199"
4.43312,51.1773,27.8,"facade","299202"
3.916368,50.92634,16.3,"facade","299223"
4.662049,51.0264,16.5,"facade","299247"
4.493554,51.12933,21.6,"facade","299250"
4.378417,51.09479,23,"facade","299262"
4.3854,51.13748,26.9,"facade","299271"
3.874803,51.18485,22.6,"facade","299289"
4.466498,51.46186,18.4,"facade","299301"
3.75708,51.06192,24.7,"facade","299316"
5.289967,51.23216,14.9,"facade","299319"
4.437305,51.15113,22.1,"facade","299328"
2.684655,51.1164,29.5,"facade","299334"
5.727034,51.06102,16.6,"facade","299346"
4.871302,51.30978,18.5,"facade","299349"
4.129354,50.9191,16.1,"facade","299367"
5.013846,51.00439,14.3,"facade","299373"
4.442776,51.15121,25.6,"facade","299376"
4.726058,51.07441,32.1,"facade","299379"
3.780726,51.12343,27.9,"facade","299388"
3.713943,51.07897,21,"facade","299403"
4.533951,51.11539,20.7,"facade","299412"
5.331012,51.03157,15.8,"facade","299427"
5.472876,50.80049,13.7,"facade","299430"
5.32124,50.92094,25.5,"facade","299436"
4.053505,50.94275,37.4,"facade","299442"
4.155212,51.25051,24.5,"facade","299451"
4.511622,51.35554,17.5,"facade","299472"
3.194689,51.20837,25.8,"facade","299484"
4.560186,51.13352,26,"facade","299499"
3.14645010983454,50.9498468779626,21.8,"facade","299505"
5.625524,50.89434,15.9,"facade","299514"
5.105827,51.34164,17.1,"facade","299520"
4.367305,50.90968,19,"facade","299538"
5.051386,50.98984,21.7,"facade","299541"
3.235922,50.89169,22,"facade","299562"
4.537592,51.20803,25.2,"facade","299571"
4.297385,50.78682,28,"facade","299589"
5.3188916235175,50.9357965873596,45.6,"facade","299595"
4.774442,51.29568,18.7,"facade","299598"
4.6035,51.18075,36.1,"facade","299619"
3.705335,51.07005,26.5,"facade","299622"
3.43859,50.77002,17,"facade","299628"
5.043697,51.06405,23,"facade","299634"
4.477148,50.77326,19.8,"facade","299637"
5.566718,51.19478,18.2,"facade","299649"
4.486606,51.03114,40.1,"facade","299655"
5.351026,50.93246,24.3,"facade","299661"
4.283984,50.87857,40.3,"facade","299664"
4.116151,51.01468,18.3,"facade","299673"
3.151065,50.95709,22.3,"facade","299679"
5.70161484049452,50.9580599443976,22.8,"facade","299685"
3.008626,51.25789,21.7,"facade","299691"
4.460186,50.95367,17.7,"facade","299712"
3.224143,50.80521,28.2,"facade","299715"
5.485726,50.74074,14.1,"facade","299721"
3.428693,51.14346,20.1,"facade","299739"
5.134435,50.77407,14,"facade","299751"
4.948439,51.32773,38.7,"facade","299754"
4.79616,51.19693,16.7,"facade","299757"
4.569793,50.98229,33.3,"facade","299769"
4.571551,51.13283,25.9,"facade","299775"
4.385906,51.16314,39.3,"facade","299778"
3.327624,51.20726,19.3,"facade","299781"
4.891635,50.84869,12.5,"facade","299784"
4.390044,51.17514,31.3,"facade","299799"
3.133637,50.9524,19.8,"facade","299808"
4.427662,51.21937,33.7,"facade","299820"
4.613338,51.16983,17.2,"facade","299826"
4.486838,51.12536,23.2,"facade","299844"
3.202015,50.91529,21.3,"facade","299847"
4.70531,50.86882,43,"facade","299850"
4.983618,50.79711,20,"facade","299853"
4.46207,51.43549,16.4,"facade","299865"
4.503224,51.01111,22.2,"facade","299880"
4.403509,51.08079,23.4,"facade","299895"
4.456368,51.29538,17.6,"facade","299916"
3.763117,51.17644,22.3,"facade","299922"
4.117027,50.91747,20.9,"facade","299925"
3.969941,51.01271,18.8,"facade","299931"
4.337296,51.12565,26.6,"facade","299940"
4.97152,51.34135,26,"facade","299943"
3.97032700845421,50.8217178701605,19.4,"facade","299952"
4.0125,50.87854,19.3,"facade","299964"
5.221707,50.99094,21.5,"facade","299970"
4.446729,50.98706,20.4,"facade","299982"
4.118235,51.03119,16.7,"facade","299985"
5.064544,50.88438,14.8,"facade","299991"
4.035503,50.93248,27.2,"facade","300003"
4.299387,51.00862,32.5,"facade","300015"
5.079414,50.99309,15.2,"facade","300027"
3.111976,50.79894,30.7,"facade","300042"
4.579023,51.12712,24.2,"facade","300054"
3.592338,50.85242,32.9,"facade","300078"
3.759279,51.04337,38.1,"facade","300081"
4.647054,50.84721,27.3,"facade","300111"
4.494339,51.03018,24.1,"facade","300123"
5.430806,51.23081,18.5,"facade","300129"
4.607454,51.21674,19.1,"facade","300147"
4.53847960176355,51.2658997875055,21.9,"facade","300153"
4.436319,51.24323,26.7,"facade","300156"
3.140383,50.9501,22.9,"facade","300165"
4.144188,51.17473,22.4,"facade","300174"
4.367901,50.94925,20.4,"facade","300183"
3.808677,50.81623,13.6,"facade","300195"
3.242579,50.79088,21.5,"facade","300216"
4.611875,51.26823,16.8,"facade","300222"
4.357688,51.06549,30.2,"facade","300225"
4.351967,51.17966,27.2,"facade","300228"
4.508982,51.15931,34.3,"facade","300237"
3.287653,50.79642,23.2,"facade","300252"
4.357756,51.05756,30.9,"facade","300261"
3.715609,51.0119,37.6,"facade","300270"
4.495841,51.19717,24.8,"facade","300291"
4.130048,51.11502,20.4,"facade","300297"
4.466594,51.01362,22.6,"facade","300306"
4.69498115198514,51.2958408378779,31.6,"facade","300309"
3.709444,50.94541,18.1,"facade","300333"
4.758046,51.21174,17.3,"facade","300357"
3.696067,50.86997,19.6,"facade","300360"
4.602075,51.39201,19,"facade","300375"
3.730638,51.07487,35.3,"facade","300399"
3.621185,50.92433,21.5,"facade","300411"
4.52221932555467,51.1545664765665,24.3,"facade","300414"
3.282984,50.82774,22.3,"facade","300417"
3.237035,51.19758,22.7,"facade","300423"
4.400909,51.30502,31.6,"facade","300429"
2.727611,50.96775,17.7,"facade","300444"
4.034836,50.94455,42,"facade","300447"
3.639167,51.00189,17.9,"facade","300450"
4.855509,51.31783,23.4,"facade","300471"
4.150483,51.16337,26.8,"facade","300480"
3.322169,51.13694,20.5,"facade","300483"
3.666285,50.98659,24.5,"facade","300492"
4.276395,51.22149,24.6,"facade","300495"
3.215145,50.83965,19.7,"facade","300498"
4.493468,51.31103,16.7,"facade","300504"
3.711052,51.0855,21.7,"facade","300522"
4.910701,51.09736,19.5,"facade","300534"
3.73372,50.88289,21.1,"facade","300537"
4.998137,51.16316,38.8,"facade","300546"
3.63639,51.06536,19.3,"facade","300549"
4.685755,50.90934,18.3,"facade","300552"
3.370549,50.91405,20.2,"facade","300555"
4.176845,50.97518,18,"facade","300558"
4.60402,50.7527,14.9,"facade","300567"
3.191102,51.15392,22.6,"facade","300579"
2.825025,50.74597,30.5,"facade","300594"
3.449565,51.20569,25,"facade","300642"
4.694553,50.97139,21.5,"facade","300663"
3.693725,51.11757,22.7,"facade","300666"
4.490491,51.18768,22.3,"facade","300669"
3.986136,50.95408,18.4,"facade","300672"
3.758366,50.99707,24.2,"facade","300675"
3.556859,51.11357,19.9,"facade","300699"
3.977161,50.96246,28.3,"facade","300714"
4.643383,51.23808,16.7,"facade","300726"
3.64825320939109,50.9096217474207,19.8,"facade","300735"
3.870936,51.12272,20.4,"facade","300738"
4.129917,51.00057,24,"facade","300741"
3.706322,51.05228,23.8,"facade","300747"
4.701758,51.2999,19.2,"facade","300756"
4.309776,51.16905,27.2,"facade","300765"
3.633043,50.88574,19.2,"facade","300771"
4.428864,51.17077,27.3,"facade","300774"
3.103882,50.84484,18.6,"facade","300777"
4.485928,51.29133,23.3,"facade","300780"
3.640594,51.06398,17.5,"facade","300792"
4.362634,51.05663,26.4,"facade","300798"
4.06826,50.89501,29.6,"facade","300801"
3.974795,51.1025,24,"facade","300804"
5.244866,51.08861,22.5,"facade","300807"
2.822197,50.74396,17.5,"facade","300816"
4.105358,50.73175,14.8,"facade","300819"
3.109781,50.95142,18.9,"facade","300822"
4.694319,50.88654,30.5,"facade","300834"
3.257706,50.81567,20.6,"facade","300858"
5.520334,50.97492,25.9,"facade","300870"
4.691996,51.14324,16.6,"facade","300873"
3.230377,50.80894,31.6,"facade","300879"
4.493049,51.07699,20.9,"facade","300900"
4.510972,51.22215,22.8,"facade","300903"
4.543517,50.98005,18.7,"facade","300927"
5.19504,51.17262,15.3,"facade","300930"
3.56567,51.18659,36.7,"facade","300933"
4.881923,51.0161,16.8,"facade","300936"
3.318712,51.12834,21.4,"facade","300939"
3.152286,51.1923,16.6,"facade","300948"
4.442563,51.21066,43.2,"facade","300951"
4.193592,50.94715,18.1,"facade","300960"
4.454304,51.37905,16.4,"facade","300966"
3.927283,50.97067,17.8,"facade","300972"
3.562617,51.05887,20,"facade","300975"
3.196047,50.97769,19.4,"facade","300978"
4.507115,50.81896,23.6,"facade","300981"
5.285711,50.80668,30.2,"facade","300984"
2.889982,51.21471,27.7,"facade","300996"
4.644774,51.04171,20.9,"facade","301002"
3.832689,50.86337,18.3,"facade","301014"
3.046296,50.78768,17.9,"facade","301023"
4.787327,51.27098,18.1,"facade","301026"
4.463038,51.1644,25.6,"facade","301032"
4.7338,51.03609,16.7,"facade","301038"
5.342131,50.95158,17.3,"facade","301044"
3.24198451505631,51.1867583748526,26.9,"facade","301053"
5.462983,50.96197,24.3,"facade","301059"
5.159348,51.04744,19,"facade","301065"
3.966463,50.95963,19,"facade","301077"
4.644718,50.94357,27.9,"facade","301080"
2.601341,51.08438,23.5,"facade","301089"
5.574951,51.04383,16.3,"facade","301092"
4.276748,50.93384,19.1,"facade","301101"
4.864318,51.11067,19.3,"facade","301107"
4.639102,50.96852,22.5,"facade","301122"
3.264948,50.83669,22.9,"facade","301152"
3.200992,51.15173,20.9,"facade","301155"
3.74837,51.18658,21.6,"facade","301161"
5.13325,51.08224,22.6,"facade","301170"
3.326333,50.92058,20.9,"facade","301188"
4.232612,50.84331,20.9,"facade","301203"
4.682076,51.01361,16.7,"facade","301224"
3.095018,51.06106,21.3,"facade","301242"
5.423501,50.89009,23.3,"facade","301251"
4.10575,50.95173,18.7,"facade","301254"
3.279861,51.05424,18.9,"facade","301260"
5.576206,51.04906,14.1,"facade","301272"
5.32588189324423,50.9229991955442,21.9,"facade","301281"
4.882829,51.34695,18,"facade","301284"
5.436746,50.77709,17.2,"facade","301317"
4.09645,51.03033,23.2,"facade","301335"
2.901239,51.03025,19,"facade","301347"
5.800844,51.12055,20.9,"facade","301362"
4.560775,51.13717,28.2,"facade","301374"
3.601025,50.79523,17.1,"facade","301380"
3.848959,51.17385,22.6,"facade","301392"
3.254432,50.82392,28.7,"facade","301410"
3.135372,51.14674,17.3,"facade","301425"
5.262674,51.16177,14.6,"facade","301431"
4.651551,51.39674,20.4,"facade","301437"
4.937001,51.17611,18.6,"facade","301446"
3.023724,51.16651,16.9,"facade","301449"
3.708606,50.89247,15.5,"facade","301464"
4.452884,51.46014,20.6,"facade","301476"
4.579004,51.06208,29,"facade","301482"
3.29765789085448,51.3376266021475,24.1,"facade","301485"
3.118555,50.80488,20.8,"facade","301488"
4.338176,51.14259,29.1,"facade","301497"
4.274943,51.2332,30.4,"facade","301500"
2.822522,51.19069,19.8,"facade","301515"
3.961646,51.11323,29.8,"facade","301521"
3.37895,50.81564,28.2,"facade","301524"
4.98242,51.31626,20.7,"facade","301533"
4.411795,51.27286,26.5,"facade","301542"
5.349318,50.9639,22.2,"facade","301551"
3.404535,50.86374,20.5,"facade","301560"
3.06384439089026,51.2290718008463,17.8,"facade","301563"
4.942473,50.8107,21.7,"facade","301569"
4.41181722303323,51.2203627790406,31.6,"facade","301584"
5.51736,50.77689,15.5,"facade","301596"
3.554326,50.76378,19.1,"facade","301605"
4.769166,51.20176,18.9,"facade","301608"
3.977015,50.94409,22.2,"facade","301614"
4.114785,50.88265,19.6,"facade","301638"
4.189906,50.91822,18.8,"facade","301641"
4.497038,51.12846,27.5,"facade","301644"
4.983262,51.15827,21.9,"facade","301653"
4.797166,51.3267,20.4,"facade","301671"
3.9027516351417,51.1448142351556,20.6,"facade","301677"
4.47788,51.424,19.1,"facade","301695"
4.549153,50.97882,17.5,"facade","301722"
3.256363,51.19394,23,"facade","301725"
5.497326,50.89939,17.8,"facade","301728"
3.734924,50.77809,13.7,"facade","301731"
5.084205,51.26224,22.8,"facade","301734"
5.346402,50.92323,18.6,"facade","301758"
3.6262175771749,50.8818044686631,19.1,"facade","301761"
3.704537,51.05657,22.6,"facade","301770"
5.047679,50.88835,16.4,"facade","301773"
4.844239,51.17636,18.2,"facade","301776"
4.475823,51.39348,20.6,"facade","301779"
4.66807828056994,50.8385578858845,14.4,"facade","301797"
3.265549,50.81438,21.1,"facade","301803"
3.124219,50.95521,23.3,"facade","301821"
4.163288,51.1712,26.2,"facade","301827"
5.62958,50.89369,14,"facade","301830"
4.672267,50.90842,21.1,"facade","301836"
4.287144,51.21722,23.6,"facade","301839"
3.90892,50.73288,16.4,"facade","301848"
4.177367,50.81304,17.5,"facade","301860"
5.075054,51.06609,18,"facade","301908"
5.790338,51.0972,22.4,"facade","301911"
4.764441,50.93439,15.8,"facade","301926"
4.39145,51.13216,24,"facade","301935"
3.338569,51.17191,19.3,"facade","301944"
4.308139,50.94994,29,"facade","301947"
3.969725,50.93932,18.9,"facade","301965"
5.467467,50.77871,17.3,"facade","301974"
4.822389,50.92448,17.8,"facade","301992"
4.721089,50.87584,21.9,"facade","302004"
3.634777,50.93996,25.6,"facade","302007"
5.321586,51.22922,20.2,"facade","302010"
4.866628,51.26736,22.3,"facade","302031"
4.11196,51.05876,19.8,"facade","302043"
4.808229,51.12027,17.9,"facade","302049"
3.066208,51.28822,23,"facade","302076"
4.651579,50.80156,20.3,"facade","302082"
4.791749,50.81259,24.9,"facade","302097"
4.495847,51.04546,25.2,"facade","302100"
5.110033,51.06916,17.1,"facade","302109"
3.320966,50.85727,18.1,"facade","302115"
5.66172,50.97887,15.8,"facade","302130"
4.413142,51.28375,29.2,"facade","302136"
3.067014,51.08683,17.1,"facade","302151"
3.689155,51.19275,28.2,"facade","302154"
2.64743,51.12104,20.3,"facade","302163"
3.689284,51.19337,28.5,"facade","302172"
4.99866289135249,51.321090931258,17.9,"facade","302175"
4.563263,50.90341,18.8,"facade","302181"
4.078528,50.91224,21.9,"facade","302190"
2.866328,51.01815,22.4,"facade","302214"
5.030841,51.06897,15,"facade","302217"
3.123985,50.9481,25.4,"facade","302223"
3.929406,50.87868,15.9,"facade","302229"
3.312638,50.85328,21.5,"facade","302235"
5.340428,51.00308,21.5,"facade","302244"
4.016376,51.0908,28.5,"facade","302271"
3.820618,50.8706,14.7,"facade","302277"
4.6972,50.88986,33.5,"facade","302280"
4.198867,50.9133,20.2,"facade","302289"
4.950476,51.13991,20.6,"facade","302316"
4.878853,50.85836,18.2,"facade","302325"
5.185105,50.80854,21.1,"facade","302331"
3.721386,51.12615,20.3,"facade","302346"
4.43818,50.93567,20.1,"facade","302349"
4.20188176714927,50.7585623331244,23.1,"facade","302364"
4.607747,51.26082,15.4,"facade","302370"
3.856173,51.04046,19.3,"facade","302376"
4.459206,50.97732,26.2,"facade","302379"
3.823614,50.80277,19,"facade","302388"
5.361372,51.01688,21,"facade","302394"
3.26358,50.83937,27.4,"facade","302400"
5.364094,51.03638,17,"facade","302415"
4.467847,50.98496,23.8,"facade","302424"
3.752251,51.05197,48.6,"facade","302433"
4.437366,51.21956,38.3,"facade","302436"
4.846464,51.08195,16.2,"facade","302445"
2.939121,51.21425,26.5,"facade","302448"
5.365185,51.14778,17.1,"facade","302475"
4.761099,51.34838,37.1,"facade","302478"
4.415883,51.30921,23.8,"facade","302481"
5.572874,50.88563,17.7,"facade","302484"
3.539055,50.97176,23.7,"facade","302496"
4.72639549302949,50.8683502342508,19.7,"facade","302505"
4.80002,50.99163,17.1,"facade","302508"
3.474205,51.17508,19.3,"facade","302514"
4.486563,51.2228,24,"facade","302526"
4.844397,50.88459,14.5,"facade","302529"
4.959496,51.30274,18.9,"facade","302541"
4.757424,51.20238,16.2,"facade","302544"
5.179169,51.0483,23,"facade","302553"
3.113702,50.95711,21.4,"facade","302568"
3.978705,50.81734,14.9,"facade","302574"
4.419686,51.22696,45.2,"facade","302580"
4.569158,51.14562,22.1,"facade","302601"
5.022463,50.81092,14.8,"facade","302610"
4.659194,51.03944,18.3,"facade","302646"
5.604688,51.18449,19,"facade","302649"
4.431318,51.21507,36.6,"facade","302667"
5.465272,50.8036,17.9,"facade","302676"
4.871542,51.26598,18.8,"facade","302682"
4.66064,50.92242,18.1,"facade","302685"
5.458574,50.85205,16.2,"facade","302691"
3.696196,51.05801,30.3,"facade","302700"
4.222613,50.93686,17.3,"facade","302706"
4.465801,51.36993,18.7,"facade","302712"
3.765882,51.10093,30.7,"facade","302727"
5.206031,51.08587,15.4,"facade","302730"
3.638164,50.86393,19,"facade","302739"
5.023414,51.08093,18.3,"facade","302748"
3.248594,51.20453,20.7,"facade","302751"
5.496494,50.7907,21.1,"facade","302757"
4.099082,50.86432,19.9,"facade","302769"
4.668477,51.15978,23.2,"facade","302772"
3.484628,51.12946,24,"facade","302775"
4.142176,51.1735,26.6,"facade","302793"
4.279356,50.92378,17.8,"facade","302805"
3.155496,51.10668,26.7,"facade","302814"
3.443301,50.77172,29.1,"facade","302832"
5.363749,51.03981,20.5,"facade","302838"
3.19658,51.19594,28.9,"facade","302841"
3.621703,50.87725,18.9,"facade","302847"
3.683095,50.9426,19.4,"facade","302862"
4.472365,51.46438,28.3,"facade","302865"
4.725997,51.07932,18.9,"facade","302871"
3.804932,50.963,24.8,"facade","302877"
3.117181,50.86733,19.2,"facade","302883"
3.701088,51.0437,24,"facade","302889"
4.115115,50.8222,19.4,"facade","302892"
5.050493,51.07077,15.7,"facade","302901"
5.504212,50.81039,22.2,"facade","302907"
4.231777,51.01484,21.8,"facade","302910"
4.218678,50.74298,20.1,"facade","302925"
3.893198,50.75225,16.2,"facade","302964"
5.679568,51.08695,15.2,"facade","302967"
5.119369,51.19577,16.2,"facade","302970"
4.035396,51.20293,21.6,"facade","302973"
4.721469,50.88391,42.5,"facade","302982"
4.138485,51.09793,23.3,"facade","302985"
4.838587,50.86144,14.1,"facade","302994"
4.00341,50.92388,22.7,"facade","303003"
4.292975,51.03351,21.1,"facade","303006"
4.429128,50.9255,41.2,"facade","303009"
4.100777,51.19469,22,"facade","303015"
3.833503,51.03032,21,"facade","303027"
3.455979,50.9108,18.2,"facade","303054"
4.76726,50.86179,17.1,"facade","303057"
5.513862,50.86828,23.1,"facade","303066"
5.502548,50.88139,17.9,"facade","303072"
3.533747,50.87243,17.5,"facade","303075"
4.541237,50.81458,17.9,"facade","303081"
5.529594,50.98436,22.7,"facade","303084"
4.475508,51.03404,58.8,"facade","303090"
4.666219,51.22395,25.1,"facade","303093"
3.422323,51.20676,21.8,"facade","303096"
3.832387,50.96436,22.2,"facade","303099"
4.8371,51.04106,16.7,"facade","303108"
3.917439,51.17054,16.8,"facade","303120"
4.71991,50.95472,22.5,"facade","303123"
3.314802,50.849,20.2,"facade","303129"
4.068912,50.88478,26.5,"facade","303132"
3.625947,50.96803,26,"facade","303135"
4.46019,50.91226,30.1,"facade","303165"
4.539665,51.07069,17.2,"facade","303174"
3.329105,51.02684,17,"facade","303177"
3.748402,51.07339,25.4,"facade","303180"
4.698118,50.87901,23.9,"facade","303183"
4.889879,51.16627,19.9,"facade","303192"
4.335875,51.12631,25.8,"facade","303195"
3.232181,50.8077,28.3,"facade","303198"
5.20775607792532,50.9897105266496,20.9,"facade","303231"
3.568496,51.18348,39.2,"facade","303237"
3.176854,50.80784,26.5,"facade","303240"
4.779495,51.31701,18.9,"facade","303249"
3.138242,50.95554,23,"facade","303252"
3.715694,51.12027,23.4,"facade","303258"
3.208986,50.91586,26.8,"facade","303261"
3.618632,50.83725,19.5,"facade","303264"
3.482485,50.77055,20.3,"facade","303279"
4.733589,51.0504,27.4,"facade","303285"
4.34906609066406,51.173598223803,31.8,"facade","303288"
5.334998,50.93249,33.5,"facade","303291"
4.950874,50.97934,14.3,"facade","303297"
3.187397,51.16503,21.9,"facade","303303"
4.445588,51.18716,26,"facade","303309"
5.364183,50.98621,20.1,"facade","303312"
4.939734,50.79702,19.5,"facade","303315"
3.854078,51.027,20,"facade","303318"
5.324493,50.8432,21.7,"facade","303321"
5.494414,50.98878,23.4,"facade","303324"
4.00641,51.10994,19.1,"facade","303327"
4.834571,51.17931,31.3,"facade","303330"
5.607326,50.88081,17.9,"facade","303339"
4.507491,51.29523,21.1,"facade","303342"
4.629661,50.9783,20.2,"facade","303345"
3.624812,50.80932,17.3,"facade","303360"
4.479512,50.82222,30.3,"facade","303366"
4.938339,51.10858,19.4,"facade","303375"
3.440503,50.8769,23.7,"facade","303381"
4.485971,51.04413,22.3,"facade","303384"
3.743144,50.98462,21.6,"facade","303387"
4.870752,50.7986,17.7,"facade","303396"
4.561135,51.18362,23.4,"facade","303402"
4.887579,50.88022,15.7,"facade","303405"
3.104679,50.99768,22.7,"facade","303411"
4.251438,50.95724,18.5,"facade","303420"
4.612307,51.22546,15.5,"facade","303432"
4.709704,50.86723,31.9,"facade","303435"
3.728001,50.98529,17,"facade","303438"
4.168329,50.81668,16.4,"facade","303441"
4.300444,51.1736,23.8,"facade","303462"
4.134059,51.10069,22.7,"facade","303471"
4.548413,51.12527,26.8,"facade","303486"
3.620558,50.95667,22.2,"facade","303504"
4.065223,50.97727,18.9,"facade","303513"
3.82848,51.15667,21.9,"facade","303522"
4.472826,51.16215,27,"facade","303525"
3.744767,51.05434,30.5,"facade","303531"
4.410135,51.03208,25.4,"facade","303549"
3.445697,50.92469,19.2,"facade","303555"
3.676682,51.13432,18.9,"facade","303558"
4.50507,51.31881,16.2,"facade","303564"
5.265725,51.22926,20.3,"facade","303573"
3.537849,50.90535,17,"facade","303576"
5.408341,51.12456,17.7,"facade","303603"
4.674916,51.09652,18.9,"facade","303606"
4.34613,51.03826,22.2,"facade","303615"
5.003858,51.37551,18.9,"facade","303618"
3.248647,50.95192,19.3,"facade","303630"
4.120039,50.77997,19.5,"facade","303633"
4.735314,50.93516,20.9,"facade","303639"
4.694399,50.87519,20.6,"facade","303642"
4.42128,51.32799,16.9,"facade","303654"
4.256865,51.21478,33.1,"facade","303663"
4.544052,50.85694,20.3,"facade","303669"
4.483416,51.19445,32.4,"facade","303681"
5.414554,50.90855,22.6,"facade","303684"
4.331604,50.7411,19.5,"facade","303687"
3.136249,51.1856,18.6,"facade","303693"
4.60038,50.96102,20.5,"facade","303699"
2.810107,50.95539,17.5,"facade","303708"
4.862552,51.35799,24.6,"facade","303738"
4.940672,51.32118,20.3,"facade","303741"
4.235532,50.71106,18.2,"facade","303753"
3.218875,51.12408,19.6,"facade","303762"
4.918011,51.10625,18.8,"facade","303768"
3.526629,51.20003,26.5,"facade","303771"
3.187963,50.9381,25.2,"facade","303774"
3.168889,50.78381,19.5,"facade","303780"
4.20127,50.97128,16.1,"facade","303792"
4.372342,50.92353,26.5,"facade","303795"
5.446558,51.19977,16.9,"facade","303807"
5.128849,51.15271,13.8,"facade","303810"
3.54828,50.98145,25.4,"facade","303813"
3.085341,51.20264,21,"facade","303828"
4.666706,50.99708,25.1,"facade","303840"
3.607353,50.84373,28.2,"facade","303846"
3.85283289194033,51.0670257328871,21.9,"facade","303858"
3.262197,50.99512,17.9,"facade","303864"
4.733455,50.85274,19.4,"facade","303867"
3.440393,51.1111,20.4,"facade","303885"
4.461561,51.36207,17.1,"facade","303903"
4.759741,50.82965,17.5,"facade","303909"
5.143071,51.21105,17.7,"facade","303927"
3.313475,51.12933,20.1,"facade","303939"
4.86385,50.83613,15.7,"facade","303948"
5.353931,50.95618,19.2,"facade","303951"
4.287179,50.87573,24.8,"facade","303969"
4.831472,51.23796,15.8,"facade","303975"
3.069704,51.16763,19.8,"facade","303984"
5.01177,51.16343,17.7,"facade","303990"
3.88619895685188,50.8883911160408,16.2,"facade","303993"
4.481023,51.29693,21.3,"facade","303996"
4.996391,51.15027,22.8,"facade","304002"
4.64387,50.90632,17.9,"facade","304005"
4.482739,51.0122,23.4,"facade","304011"
4.090217,51.12689,27.2,"facade","304014"
3.752403,51.05118,46.3,"facade","304038"
3.935175,51.0069,17.6,"facade","304059"
4.512842,51.25108,22.1,"facade","304065"
4.622808,51.13977,20.5,"facade","304071"
4.18266,51.11425,21.9,"facade","304074"
4.59751954630152,50.9198268864444,13.1,"facade","304080"
5.681127,50.96109,26,"facade","304086"
3.247495,51.2095,30.8,"facade","304089"
3.849372,51.12877,22.9,"facade","304092"
4.583308,51.16691,17.5,"facade","304095"
4.514529,51.2305,25.9,"facade","304107"
4.519055,50.86438,25.7,"facade","304116"
4.349816,50.74064,20.8,"facade","304119"
4.87685,51.31895,15.4,"facade","304128"
5.353736,50.95625,17.8,"facade","304134"
5.064828,51.17431,17,"facade","304140"
4.054702,50.98645,17,"facade","304143"
4.374396,51.1812,33.6,"facade","304149"
4.511532,50.82077,22,"facade","304164"
4.742074,50.86563,16.9,"facade","304167"
4.429294,50.92546,39.2,"facade","304173"
4.538829,50.88578,22.4,"facade","304176"
4.112298,50.85691,17.2,"facade","304188"
4.37789,51.08396,22.7,"facade","304191"
4.19138141407854,51.1545504369142,20.5,"facade","304197"
5.09758772194451,51.1969483201613,16,"facade","304230"
5.04639,51.19367,14,"facade","304239"
4.467616,50.89133,34.7,"facade","304269"
4.282024,51.05884,24.8,"facade","304272"
4.178331,50.8709,30.4,"facade","304278"
3.283598,50.8309,25.2,"facade","304305"
2.862025,51.03457,17.3,"facade","304311"
3.229273,51.22718,20.5,"facade","304320"
4.809874,50.86591,15.7,"facade","304332"
4.295983,51.21693,28.9,"facade","304338"
4.738502,50.96336,18.5,"facade","304353"
3.43218,51.21934,24,"facade","304377"
4.535181,51.02786,18.5,"facade","304395"
4.767556,50.90504,16.1,"facade","304413"
4.444827,51.23306,36.6,"facade","304416"
4.656894,50.80484,14.1,"facade","304425"
2.884181,51.08356,20.2,"facade","304437"
5.385496,50.85759,21.1,"facade","304443"
3.621603,50.75213,28,"facade","304452"
3.323867,50.99581,33.4,"facade","304461"
3.733405,51.03928,29.8,"facade","304476"
5.134802,51.21398,17.9,"facade","304482"
3.584941,50.80825,14.9,"facade","304494"
3.978768,51.13035,16.7,"facade","304500"
4.786873,50.87266,15.3,"facade","304503"
3.767353,51.02699,24.2,"facade","304506"
3.232083,50.77211,19.8,"facade","304509"
3.761067,51.06524,25.2,"facade","304518"
4.118711,50.92308,22.2,"facade","304521"
4.524385,51.04573,23,"facade","304533"
3.679057,50.95116,19,"facade","304545"
4.193949,51.22212,36.8,"facade","304554"
4.763267,51.0355,29.2,"facade","304569"
3.735335,51.04515,36,"facade","304572"
4.91051,51.24561,17.8,"facade","304575"
4.70936,50.87034,20.1,"facade","304593"
5.388632,50.80227,13.9,"facade","304602"
4.399715,51.20637,33.3,"facade","304605"
4.093066,50.86454,18.7,"facade","304611"
3.673393,51.12973,20.1,"facade","304635"
4.662095,51.11884,22.4,"facade","304647"
5.659415,51.12805,18.1,"facade","304662"
4.27369,50.86782,36.6,"facade","304671"
4.542459,51.22461,33.5,"facade","304683"
4.963912,50.80326,17.4,"facade","304686"
4.082995,50.91848,17.9,"facade","304701"
4.451325,51.1379,27.7,"facade","304710"
3.336851,51.17415,18.4,"facade","304725"
4.428842,51.23118,44.8,"facade","304731"
5.756636,51.06525,19.2,"facade","304734"
4.703402,50.88368,26.2,"facade","304740"
3.24072,50.88375,20.5,"facade","304749"
3.214887,51.19815,29.8,"facade","304752"
5.516208,50.87193,26.7,"facade","304758"
5.06213,50.80537,17.3,"facade","304767"
3.193283,50.90902,18,"facade","304818"
3.309997,51.20748,20,"facade","304821"
3.216781,51.22003,25.4,"facade","304827"
4.028092,50.94226,27.1,"facade","304830"
4.313086,50.79268,27.9,"facade","304836"
3.552326,50.77686,15.3,"facade","304857"
4.4258,51.17135,36.4,"facade","304878"
5.262419,50.73802,14.7,"facade","304893"
4.091973,51.24343,17.9,"facade","304908"
4.579851,51.00104,19.5,"facade","304935"
3.20692280616932,50.8631406127211,19.4,"facade","304941"
3.188324,50.81021,32.9,"facade","304950"
4.672872,50.90333,18.7,"facade","304968"
4.569352,51.24461,17.8,"facade","304986"
4.124901,51.21523,21.7,"facade","304995"
3.63468,50.8566,18.6,"facade","305004"
5.131417,51.07088,22.1,"facade","305013"
4.494002,50.96651,26.4,"facade","305046"
4.943954,51.32396,28.8,"facade","305061"
4.582312,51.30398,17.8,"facade","305076"
3.605289,50.83882,20.9,"facade","305079"
3.726824,51.03265,27.9,"facade","305085"
4.931681,50.93866,14.1,"facade","305106"
5.250612,51.11482,25.7,"facade","305121"
3.66619,50.8408,14.6,"facade","305136"
4.754328,50.99047,15.3,"facade","305145"
3.34618,50.82501,26.8,"facade","305148"
4.16008,50.80111,13.9,"facade","305151"
4.590377,51.12529,20.3,"facade","305160"
3.15624,51.0268,19,"facade","305163"
2.907143,50.86585,20.5,"facade","305172"
4.233723,50.95685,35.7,"facade","305184"
5.327244,50.93148,35.7,"facade","305190"
4.308002,50.90596,31.1,"facade","305196"
4.497451,51.1639,24.8,"facade","305205"
4.948335,50.85451,14.8,"facade","305214"
3.224262,51.27023,24.5,"facade","305217"
3.45836,50.93143,21.3,"facade","305223"
4.926609,50.896,14.2,"facade","305229"
4.011907,50.90636,17.6,"facade","305235"
4.44803,51.18258,34.1,"facade","305238"
2.967633,51.15849,25.8,"facade","305241"
5.38075,51.03107,20.1,"facade","305250"
4.459966,50.77332,20.8,"facade","305271"
3.572335,51.18799,22.9,"facade","305280"
3.96737,51.04787,21,"facade","305289"
3.094181,51.02707,21.4,"facade","305292"
4.44966,51.44994,18.2,"facade","305295"
2.610842,51.02434,18.3,"facade","305301"
4.424981,51.18917,45.7,"facade","305304"
4.52118,51.23095,26.8,"facade","305313"
3.93828,50.73387,16.7,"facade","305322"
4.455904,51.20966,44.3,"facade","305334"
3.287609,50.94907,22.5,"facade","305346"
3.778768,51.10786,22.8,"facade","305349"
4.42931637433484,51.2233896604909,39.8,"facade","305355"
4.74160271108375,51.3013678055721,17.3,"facade","305388"
4.450838,51.16391,25,"facade","305397"
4.024808,50.94544,23.7,"facade","305403"
4.318048,50.78951,22.9,"facade","305409"
5.510055,51.08288,15.7,"facade","305412"
4.618758,51.28791,16.7,"facade","305418"
4.490687,51.09249,22,"facade","305430"
3.118979,50.94805,21.8,"facade","305442"
4.625054,50.81456,19.1,"facade","305445"
3.77571,51.068,22.4,"facade","305451"
4.324836,51.0771,25,"facade","305466"
4.378023,51.22412,30.2,"facade","305478"
4.137018,51.16419,28.2,"facade","305484"
3.8789,50.75983,16.7,"facade","305493"
4.834756,50.87576,16.6,"facade","305496"
4.505058,51.09695,25.5,"facade","305499"
4.525632,51.2562,16.9,"facade","305502"
5.037522,51.06162,17.4,"facade","305517"
3.888272,50.82237,16.2,"facade","305526"
3.835167,50.8729,17.2,"facade","305535"
3.387749,50.77769,16.9,"facade","305541"
5.39229732357033,51.1659565357988,15.8,"facade","305547"
3.833019,50.87214,17.7,"facade","305553"
4.43677,51.17429,24.2,"facade","305571"
4.599665,51.39369,20.4,"facade","305580"
3.588265,50.75602,17,"facade","305589"
5.25541,51.13374,17.1,"facade","305622"
4.134754,51.18375,18.3,"facade","305625"
3.225262,50.91657,27.1,"facade","305631"
4.863448,50.86387,15.6,"facade","305643"
4.723768,50.88503,20.6,"facade","305646"
4.028393,50.93172,33.9,"facade","305658"
3.665376,51.0854,27.1,"facade","305664"
4.017518,50.72472,18.7,"facade","305670"
3.7475,51.06046,44.9,"facade","305700"
4.437649,50.92756,29.4,"facade","305709"
4.583114,51.21811,16.3,"facade","305715"
4.979595,50.98749,17.3,"facade","305733"
4.498345,51.12081,19.5,"facade","305739"
3.951605,50.95996,22.3,"facade","305742"
4.154395,51.16407,29.5,"facade","305754"
5.290081,50.82933,15.6,"facade","305757"
4.022727,50.9397,26.1,"facade","305760"
3.991599,51.11123,22.6,"facade","305769"
4.70675,51.19606,17.8,"facade","305787"
4.197634,51.12805,37.8,"facade","305790"
4.942127,51.32323,24.8,"facade","305793"
5.360731,50.99606,20.9,"facade","305796"
4.155964,51.1639,26,"facade","305805"
4.437837,51.24163,32.9,"facade","305811"
4.042305,51.15377,22.6,"facade","305820"
4.508553,50.8203,20.1,"facade","305823"
3.173254,50.78036,18,"facade","305829"
4.37675164963815,50.9303584609872,24.5,"facade","305841"
4.19072,51.18109,33.7,"facade","305853"
5.426245,50.98101,22.5,"facade","305862"
4.4229,51.1727,32.7,"facade","305883"
3.353883,50.88772,26.8,"facade","305886"
4.621179,50.9039,23,"facade","305892"
4.473283,51.06919,19.5,"facade","305916"
4.224401,50.74288,20.2,"facade","305925"
4.37271594318202,50.9325386842358,26.6,"facade","305940"
4.467239,51.16909,33.4,"facade","305964"
3.138474,51.0259,24.8,"facade","305967"
4.642725,51.35078,24.6,"facade","305985"
5.424325,50.83617,18.5,"facade","306015"
4.157686,50.80775,17.3,"facade","306039"
4.16232,51.16652,32.2,"facade","306045"
4.176571,51.19338,31.7,"facade","306048"
5.257393,50.84267,20,"facade","306060"
4.348215,51.29675,31.2,"facade","306063"
5.192167,50.81862,28.7,"facade","306090"
4.876531,51.30116,16.2,"facade","306096"
2.999784,51.26012,23.9,"facade","306099"
3.971209,51.0044,22.3,"facade","306102"
4.450721,51.2286,27.2,"facade","306105"
4.202377,50.8277,17,"facade","306111"
5.108824,51.2154,17.3,"facade","306123"
4.730329,50.90278,17.6,"facade","306129"
3.884539,51.0803,24.2,"facade","306132"
4.78847,50.83891,17.6,"facade","306144"
4.43048,51.2279,42.4,"facade","306147"
3.283389,50.85108,26.4,"facade","306156"
4.136269,50.8675,19.6,"facade","306162"
3.253864,50.83575,22.6,"facade","306165"
3.940211,50.96691,17.6,"facade","306168"
3.898401,50.94015,17.9,"facade","306177"
4.518105,51.26539,18.2,"facade","306192"
3.571779,51.05503,27.8,"facade","306198"
4.346549,51.11869,21.4,"facade","306213"
4.602681,51.3799,16.9,"facade","306216"
4.905809,50.978,17.2,"facade","306240"
3.708358,51.06697,38.5,"facade","306246"
4.754494,50.9478,23.4,"facade","306252"
5.708532,51.02484,16.1,"facade","306267"
4.384645,50.92884,26.7,"facade","306279"
2.739073,50.86115,17.9,"facade","306282"
3.463703,50.91846,18.7,"facade","306294"
3.272659,50.83287,27,"facade","306297"
5.454324,51.13199,19.4,"facade","306306"
4.836311,50.90093,17.6,"facade","306312"
4.699581,51.0286,17.5,"facade","306315"
3.218937,51.17329,22.9,"facade","306318"
5.671451,50.96552,17.2,"facade","306321"
3.753109,51.00247,41.6,"facade","306330"
4.357,51.01141,22.9,"facade","306333"
3.489439,50.96364,19.1,"facade","306336"
2.86230543030673,51.0316722586355,36.1,"facade","306345"
5.726838,51.05409,16.2,"facade","306360"
3.638354,50.87061,16.9,"facade","306372"
3.935221,51.00298,19.2,"facade","306384"
3.184412,50.79334,33.3,"facade","306393"
4.552624,50.87899,21,"facade","306399"
5.25653,51.07607,21.5,"facade","306408"
3.70062,51.06698,28.7,"facade","306414"
3.802574,51.02794,26.6,"facade","306417"
4.990064,51.37046,16.3,"facade","306426"
3.267628,50.84006,20.4,"facade","306432"
4.448982,50.95706,18.2,"facade","306444"
3.735354,51.05361,27.9,"facade","306468"
4.55338070515465,51.1273434920344,25.8,"facade","306471"
3.882447,50.77442,23.8,"facade","306477"
3.315779,50.92923,18.3,"facade","306480"
3.268915,51.12069,23.2,"facade","306483"
2.768954,51.12607,20.3,"facade","306489"
3.7681,51.09173,23.2,"facade","306492"
3.136882,51.30564,27.6,"facade","306498"
3.293195,51.20217,16.1,"facade","306504"
2.717495,50.85761,17.5,"facade","306516"
3.357889,50.85123,20.6,"facade","306519"
4.552808,51.36067,18,"facade","306528"
3.1868,50.80587,42.7,"facade","306543"
3.08616,50.77854,17.4,"facade","306549"
5.45983,50.9078,15.3,"facade","306555"
3.301836,50.849,25.4,"facade","306564"
2.725849,50.82018,15.8,"facade","306573"
4.471265,50.83725,21.1,"facade","306591"
3.69488,51.17025,20.3,"facade","306594"
3.355965,50.71539,17.5,"facade","306600"
3.092104,50.90732,19.8,"facade","306606"
4.489194,51.1669,29,"facade","306609"
2.963158,51.22323,24.3,"facade","306615"
3.665543,51.09625,20.9,"facade","306621"
3.428045,50.84281,25.3,"facade","306627"
3.389407,50.91088,21.6,"facade","306642"
5.039743,51.44458,17.3,"facade","306645"
4.473766,51.00287,34.1,"facade","306651"
4.75539,51.342,19.7,"facade","306669"
4.667182,51.16378,21.5,"facade","306675"
4.078998,51.20857,26,"facade","306681"
3.875092,51.07758,21.4,"facade","306690"
4.296707,51.01061,22.3,"facade","306693"
4.434356,50.9127,34,"facade","306696"
4.461456,51.04442,28.7,"facade","306702"
3.215698,50.91339,28,"facade","306705"
4.124625,51.06057,23.1,"facade","306708"
4.919652,51.3298,16.5,"facade","306711"
3.229001,51.1714,20.4,"facade","306741"
4.754215,51.02679,21.2,"facade","306753"
4.044464,50.8988,22.6,"facade","306765"
4.067033,50.91824,20.5,"facade","306774"
4.53833,51.14256,20.9,"facade","306783"
5.225888,51.19312,15.3,"facade","306786"
4.254762,51.21899,26.3,"facade","306792"
4.423349,51.31259,39.3,"facade","306798"
5.09640351308566,51.2694995192565,18.2,"facade","306801"
4.078027,51.06776,16,"facade","306840"
3.588858,50.85157,24.9,"facade","306855"
3.604445,50.74754,28.2,"facade","306858"
5.115291,51.18896,33.7,"facade","306864"
3.776443,50.87723,16.5,"facade","306882"
4.231295,50.95927,22.7,"facade","306921"
3.703641,51.03047,24.3,"facade","306927"
3.774425,51.05046,23.2,"facade","306945"
3.776745,51.06507,24.7,"facade","306954"
4.64938,51.17131,18.4,"facade","306957"
4.786446,50.87423,15,"facade","306981"
4.091514,50.99197,19.7,"facade","306984"
4.668578,51.24283,17.1,"facade","306993"
4.827013,51.15174,21.8,"facade","306996"
3.931938,51.01731,17.1,"facade","307008"
4.61839762773515,50.9041682293952,16,"facade","307014"
4.283799,50.89284,23.7,"facade","307050"
4.411002,51.21161,40.3,"facade","307053"
2.743235,50.98017,30.8,"facade","307062"
4.431264,51.31779,19.5,"facade","307077"
3.366355,51.12754,19.1,"facade","307113"
5.479949,51.22465,16.7,"facade","307116"
5.119785,50.97548,18.5,"facade","307119"
5.436825,51.22935,38.8,"facade","307125"
4.007308,51.02541,29.4,"facade","307134"
3.614682,51.036,24.9,"facade","307152"
5.149951,51.27411,15.4,"facade","307155"
4.843399,51.19015,18.2,"facade","307161"
3.250037,51.20896,23.6,"facade","307176"
3.747521,51.00261,28.2,"facade","307182"
4.368861,50.89954,21.9,"facade","307209"
4.125695,51.08094,20.6,"facade","307224"
3.225495,51.17814,20.1,"facade","307230"
5.289681,50.94267,49.9,"facade","307233"
5.537358,50.8535,17,"facade","307239"
3.733905,51.04515,25.4,"facade","307245"
3.742243,51.05874,26.3,"facade","307248"
4.410985,51.20404,45.3,"facade","307251"
4.635966,50.86233,19.3,"facade","307260"
4.540035,51.01942,18.4,"facade","307275"
3.485148,50.92235,25,"facade","307320"
4.636009,50.78805,12.6,"facade","307356"
4.656184,51.35137,29.3,"facade","307371"
4.943388,50.85004,15.3,"facade","307377"
4.4846,51.12535,22.8,"facade","307383"
4.89823,51.13641,19.6,"facade","307422"
3.707591,51.02252,21,"facade","307425"
4.101061,50.88769,23.5,"facade","307434"
4.057021,51.08614,33.9,"facade","307440"
5.004452,51.19419,17.8,"facade","307446"
3.613678,51.08837,16.6,"facade","307458"
4.43682,51.01455,22.7,"facade","307461"
3.739106,51.0551,53.5,"facade","307470"
5.754282,51.06543,18,"facade","307482"
4.693549,50.94359,17.8,"facade","307521"
4.003415,51.10666,19.9,"facade","307530"
3.7467,51.0415,24.9,"facade","307560"
4.140765,50.82662,24.7,"facade","307572"
4.177889,50.87482,26.1,"facade","307575"
5.79785,51.10255,19,"facade","307584"
3.726796,51.02817,27.3,"facade","307587"
4.847774,51.18026,23.1,"facade","307605"
4.900102,50.77575,16,"facade","307608"
5.259662,50.83911,17.3,"facade","307617"
3.009594,51.04711,19.9,"facade","307626"
3.922644,51.12205,19.1,"facade","307644"
3.633761,51.18143,18.5,"facade","307650"
5.577586,51.11095,15.9,"facade","307653"
3.642025,51.04736,21.3,"facade","307668"
4.220665,50.84975,18.9,"facade","307674"
4.351072,51.06448,25.9,"facade","307680"
4.508923,51.18487,22,"facade","307698"
4.315365,51.01816,27.9,"facade","307701"
3.881465,50.86521,18.8,"facade","307710"
4.417741,51.20544,51,"facade","307719"
5.314693,50.89872,19.6,"facade","307725"
4.556808,50.90065,16.2,"facade","307731"
5.072949,50.93134,13.4,"facade","307743"
4.974525,51.33669,20.7,"facade","307746"
3.773596,51.10317,24.8,"facade","307761"
4.95013318315484,51.0215316175436,14.8,"facade","307788"
4.519727,50.99542,16.8,"facade","307794"
3.262536,50.81663,25.6,"facade","307797"
4.499173,51.09213,22.7,"facade","307800"
5.6761,50.97434,17.1,"facade","307803"
4.195895,51.06496,17.3,"facade","307815"
3.133453,50.85928,18.8,"facade","307848"
3.686614,51.0702,24.8,"facade","307851"
3.136527,50.95647,17.9,"facade","307872"
3.636583,51.01898,23.5,"facade","307875"
3.711411,51.06233,32.7,"facade","307890"
3.72463,51.05492,25.4,"facade","307908"
4.981765,51.32083,18.8,"facade","307914"
2.950822,50.97857,19.9,"facade","307941"
4.435073,51.14873,28.6,"facade","307944"
4.415863,51.35423,18.4,"facade","307947"
4.591525,51.21386,22.3,"facade","307953"
4.424344,51.25286,31.4,"facade","307956"
5.421041,50.86733,15.1,"facade","307965"
3.721911,51.05781,22.5,"facade","307977"
4.006368,51.01999,35.3,"facade","308001"
2.915105,51.22669,29.1,"facade","308025"
5.243715,50.88772,14.9,"facade","308028"
3.283702,51.20989,18.8,"facade","308034"
4.732952,50.8788,19.7,"facade","308040"
3.76614945071452,51.141324502568,24.6,"facade","308043"
4.510209,50.99945,17.3,"facade","308052"
3.338619,51.13001,18.5,"facade","308061"
3.391471,51.21375,22.2,"facade","308070"
4.535279,50.89126,20.9,"facade","308076"
4.444199,51.15512,25,"facade","308079"
4.644145,50.89219,18.4,"facade","308100"
3.663692,50.98538,20.8,"facade","308130"
4.898281,51.24643,15.3,"facade","308139"
4.532667,51.0876,21.7,"facade","308148"
4.348258,51.14862,28.9,"facade","308160"
4.619358,50.98385,17.4,"facade","308166"
3.297576,50.77786,25.7,"facade","308193"
4.279254,50.98623,18.7,"facade","308196"
4.162905,50.85325,21.3,"facade","308199"
2.697959,51.13893,19.7,"facade","308205"
5.491208,51.01107,19.8,"facade","308208"
3.903751,50.94113,21.4,"facade","308232"
3.871033,50.77362,20.4,"facade","308235"
3.940922,50.86316,17,"facade","308238"
3.234778,50.83799,20.2,"facade","308268"
4.259058,51.21193,25.8,"facade","308271"
3.01531,51.26389,21.9,"facade","308283"
3.66887194548555,51.0216758652833,39.1,"facade","308292"
4.097965,50.87279,22.9,"facade","308295"
5.471316,50.78114,17.4,"facade","308298"
4.168654,50.98638,22.6,"facade","308304"
3.459093,50.92143,19.1,"facade","308316"
4.951112,51.29323,22,"facade","308319"
3.819213,50.81621,16.2,"facade","308328"
2.973184,51.20736,30.9,"facade","308337"
4.119378,51.17823,22.6,"facade","308343"
4.512137,50.99557,19.8,"facade","308355"
4.62495,51.00483,23.8,"facade","308361"
3.765449,50.8011,21.8,"facade","308367"
3.666511,51.03734,17.8,"facade","308376"
3.666902,51.08092,18.1,"facade","308379"
4.273451,50.91195,18.4,"facade","308388"
4.241391,51.01697,23.2,"facade","308403"
5.15629,50.9262,15.1,"facade","308406"
4.431758,51.27681,21.1,"facade","308412"
4.059377,51.23313,31.9,"facade","308427"
3.742812,51.12189,24.7,"facade","308430"
4.39850698500559,51.2106598449966,33.3,"facade","308463"
3.544523,50.97786,21.1,"facade","308466"
5.687077,50.95903,22.5,"facade","308472"
4.944987,50.81289,17.6,"facade","308481"
4.458119,51.23179,38.1,"facade","308484"
4.09659,51.11832,20.8,"facade","308487"
3.974233,50.9939,19.4,"facade","308496"
4.111917,51.22604,24.9,"facade","308505"
5.347743,50.95718,21.1,"facade","308508"
5.176217,51.12873,15.3,"facade","308514"
4.357981,50.90468,29.3,"facade","308520"
5.562495,51.14539,17.6,"facade","308526"
4.334701,51.01254,23.6,"facade","308532"
3.784964,50.99836,24.4,"facade","308547"
5.243676,51.03177,18,"facade","308550"
3.512687,51.24456,19.4,"facade","308556"
4.440671,51.30198,18.3,"facade","308559"
4.27579,50.76763,35.8,"facade","308565"
4.382512,51.17758,38.5,"facade","308571"
2.922641,50.91276,28.6,"facade","308574"
4.245693,51.09152,19,"facade","308589"
4.952347,50.80152,36.8,"facade","308607"
3.83542,51.11533,22.3,"facade","308616"
3.149128,51.02086,20.9,"facade","308631"
4.694383,50.86177,25.9,"facade","308643"
4.679022,51.16407,26.9,"facade","308655"
3.694381,51.06255,49.3,"facade","308658"
3.244815,51.21304,40.7,"facade","308661"
4.034925,51.20134,35.8,"facade","308670"
3.17431,50.80893,25.4,"facade","308679"
3.26565,50.82827,31.6,"facade","308682"
5.384378,50.90732,15.9,"facade","308697"
4.340122,51.09948,26.7,"facade","308706"
5.38743,50.93591,21.2,"facade","308709"
4.416252,51.22829,39.1,"facade","308721"
3.409939,50.90501,18.4,"facade","308724"
5.123384,51.18694,17.4,"facade","308727"
4.767903,51.21049,17.5,"facade","308730"
4.109203,51.01579,24.6,"facade","308751"
3.585225,51.17648,18.8,"facade","308757"
4.640951,51.40245,22.6,"facade","308769"
4.695227,50.87231,19.7,"facade","308772"
3.453409,51.08809,23.7,"facade","308775"
5.115646,51.19648,23.6,"facade","308778"
3.327501,51.13601,36.6,"facade","308784"
4.403454,50.94541,21.7,"facade","308793"
3.742587,51.04619,28.6,"facade","308802"
4.272596,51.077,20.8,"facade","308811"
4.64002917900162,51.3483453519698,23.5,"facade","308814"
3.76383,51.2141,23.1,"facade","308817"
4.984123,51.31867,17.5,"facade","308829"
4.985781,51.32153,15.7,"facade","308841"
4.779441,50.88882,18.3,"facade","308850"
2.757141,50.78214,15.5,"facade","308856"
4.975801,51.33686,15.6,"facade","308859"
4.440991,51.17229,34.9,"facade","308862"
4.998737,51.31419,14.7,"facade","308865"
4.428507,51.32155,19.1,"facade","308871"
4.983245,50.96952,17.1,"facade","308874"
4.240476,50.9614,25.3,"facade","308892"
4.363541,50.95241,21.9,"facade","308898"
4.674805,50.90322,23.9,"facade","308901"
4.435538,51.2881,21.5,"facade","308913"
4.464936,51.22668,27.4,"facade","308916"
4.072019,50.79893,14,"facade","308931"
4.636838,50.88646,16.7,"facade","308940"
4.52113,51.27019,19.1,"facade","308943"
4.340125,51.14534,28.8,"facade","308964"
4.653103,51.26119,17.7,"facade","308979"
5.316742,51.02389,23.5,"facade","308988"
4.377247,50.93161,21.9,"facade","308994"
4.789394,50.87332,16.6,"facade","309003"
4.92745367604363,51.440178435133,18,"facade","309006"
2.917784,50.91484,17.6,"facade","309045"
3.265174,50.82801,27.2,"facade","309048"
3.716536,51.03469,39.4,"facade","309057"
4.331635,51.36985,18.5,"facade","309063"
4.026008,50.83989,19.5,"facade","309066"
4.476583,51.3424,15.8,"facade","309081"
4.829832,51.20043,19.5,"facade","309084"
4.92528,51.32259,18,"facade","309087"
5.105235,51.29664,24.2,"facade","309096"
4.518012,51.00652,19.3,"facade","309099"
4.754986,51.14058,20.8,"facade","309102"
3.917642,51.04962,21.2,"facade","309111"
3.229902,50.82005,25.3,"facade","309123"
4.451781,51.46234,29.9,"facade","309126"
2.873923,50.85838,24.8,"facade","309135"
3.134078,50.94684,22,"facade","309138"
4.705103,50.92677,19,"facade","309141"
3.954446,50.96769,17.4,"facade","309153"
4.589543,51.12876,21.1,"facade","309156"
4.663727,50.83737,19.6,"facade","309165"
3.298636,51.18596,15.3,"facade","309171"
5.376037,51.19487,15.6,"facade","309183"
4.447293,51.18746,27.5,"facade","309189"
4.933181,50.80935,30.2,"facade","309192"
3.990634,51.10348,24.3,"facade","309201"
3.231073,50.8443,26.3,"facade","309225"
4.739956,51.07507,18.7,"facade","309237"
3.081187,50.97893,25.1,"facade","309252"
3.380618,51.03759,19.3,"facade","309270"
3.250793,51.21361,29.7,"facade","309273"
2.915381,51.21133,25,"facade","309279"
4.454453,51.20174,27.5,"facade","309294"
5.739388,51.05428,19.3,"facade","309297"
3.252338,50.92643,19.9,"facade","309300"
3.658057,50.99113,18.8,"facade","309315"
4.633685,51.09785,17,"facade","309330"
4.342871,51.20484,32.2,"facade","309345"
3.834935,50.92545,16.4,"facade","309351"
5.31547,50.88566,18.5,"facade","309357"
4.232941,50.74052,27.2,"facade","309363"
3.04884957562044,50.7801756216882,20,"facade","309369"
4.78126,51.31232,17.9,"facade","309375"
4.032669,50.93205,30,"facade","309423"
4.04954,51.00412,16.7,"facade","309429"
3.286644,51.33868,35.8,"facade","309438"
3.362687,50.85402,20,"facade","309456"
4.672356,50.87336,23.5,"facade","309459"
2.980962,51.13038,24,"facade","309477"
5.068536,51.18166,17.3,"facade","309480"
4.548069,50.94349,19.6,"facade","309483"
4.483445,51.19997,37,"facade","309498"
3.2321,51.22635,21.8,"facade","309507"
5.68777,50.90976,18.6,"facade","309513"
4.564536,51.13551,35.9,"facade","309522"
3.417334,50.87914,26.4,"facade","309555"
4.246065,50.95751,19.9,"facade","309558"
4.44283888883316,51.1973297360265,40,"facade","309567"
4.400897,51.07894,23.9,"facade","309585"
3.316366,50.85396,25,"facade","309591"
5.189193,51.19572,13.9,"facade","309597"
4.40584,51.31357,20.7,"facade","309615"
4.818664,51.24987,19.9,"facade","309636"
2.916871,50.91743,30.1,"facade","309639"
4.802649,50.96362,19.7,"facade","309645"
4.459686,51.21262,55.5,"facade","309648"
4.053991,51.08585,20.2,"facade","309651"
2.956045,50.97597,16.3,"facade","309654"
4.149194,51.2071,21.9,"facade","309675"
5.151947,50.94243,22.1,"facade","309678"
3.685172,51.01796,29.3,"facade","309684"
4.672371,50.84261,15.8,"facade","309687"
5.337663,51.24626,15.1,"facade","309693"
3.759763,51.02146,31.8,"facade","309699"
3.898437,50.80117,18.4,"facade","309702"
4.335181,50.76088,16.9,"facade","309717"
4.262259,50.71689,27.6,"facade","309720"
3.160562,50.91338,22.7,"facade","309726"
2.709897,50.85641,15.8,"facade","309738"
4.51787,51.2451,18.2,"facade","309741"
3.78543372113663,50.9861193746419,20.9,"facade","309750"
4.44674,51.15818,24.9,"facade","309756"
3.796661,50.99276,27.4,"facade","309777"
3.787793,51.20074,25.8,"facade","309780"
3.143615,50.96956,30.4,"facade","309783"
4.366503,51.21757,28,"facade","309789"
4.459714,51.20964,41.7,"facade","309792"
5.49129,50.84748,18.1,"facade","309795"
4.422308,51.30055,21.6,"facade","309810"
3.826988,50.99275,30.1,"facade","309813"
3.33663366266557,51.2123568960277,18.6,"facade","309822"
4.653006,50.95631,15.7,"facade","309843"
3.530557,50.82716,18.4,"facade","309849"
4.413229,51.1588,30.2,"facade","309864"
3.225496,50.80639,29.4,"facade","309870"
3.076334,50.98178,19.8,"facade","309873"
3.125107,50.94934,26.7,"facade","309876"
3.705312,51.06002,25.4,"facade","309891"
4.52719223319854,51.2283039033815,38.4,"facade","309897"
4.822511,51.17748,21,"facade","309903"
4.474306,51.01109,28.5,"facade","309909"
4.708942,51.20189,19.4,"facade","309915"
4.471222,51.0276,30.9,"facade","309924"
4.043996,51.00134,19.9,"facade","309945"
5.330086,51.02708,22.6,"facade","309951"
4.60254,50.90146,15.6,"facade","309954"
4.552489,50.80422,19.4,"facade","309969"
4.516679,51.04465,21.8,"facade","309972"
5.316177,51.23022,22.2,"facade","309975"
3.446219,51.09853,19.4,"facade","309978"
3.237317,51.18712,22.5,"facade","309984"
3.70061,51.11109,28.5,"facade","309987"
4.88169,51.30167,26.1,"facade","309990"
3.14772,50.93173,20.8,"facade","309999"
4.956827,51.32997,17.5,"facade","310008"
3.83138,51.07111,24.8,"facade","310011"
3.746417,50.98791,28.7,"facade","310035"
4.354792,50.90585,33.9,"facade","310050"
5.340052,50.92747,32.1,"facade","310071"
3.097073,50.79478,19.8,"facade","310074"
4.191289,50.87391,19.9,"facade","310080"
3.462424,50.85244,22,"facade","310086"
4.504277,51.0036,18.4,"facade","310089"
4.433604,51.19318,38.1,"facade","310104"
5.452605,51.13308,20.8,"facade","310125"
5.705274,51.10635,16.8,"facade","310134"
4.272379,50.71644,20.3,"facade","310158"
2.970709,51.08933,24.3,"facade","310167"
3.817541,50.96263,26.1,"facade","310173"
4.699453,51.22289,19.9,"facade","310176"
3.695328,50.99558,21.4,"facade","310182"
5.379435,50.99186,24.9,"facade","310200"
3.21767,50.92675,30.5,"facade","310218"
5.380568,51.0675,17.8,"facade","310233"
4.859898,51.31579,19.9,"facade","310251"
3.015852,51.18348,28.6,"facade","310260"
3.168639,50.81061,19.2,"facade","310263"
3.808436,50.82538,14.3,"facade","310275"
4.246884,50.72511,29.5,"facade","310287"
4.55327852210569,51.1400408950848,25.8,"facade","310293"
5.430716,50.80862,16.6,"facade","310299"
2.620357,50.85668,22.3,"facade","310308"
4.145645,51.15338,24.8,"facade","310311"
5.135899,50.72218,17.4,"facade","310323"
4.711634,50.88067,44.5,"facade","310329"
5.210772,50.99458,21.3,"facade","310335"
2.681616,50.8893,16.7,"facade","310350"
4.444089,51.19931,28.6,"facade","310359"
4.468746,50.83656,26.6,"facade","310365"
4.070785,51.15166,17.4,"facade","310368"
5.601112,51.01589,17,"facade","310374"
5.363935,50.99383,26,"facade","310386"
3.712895,51.05757,23.5,"facade","310392"
3.856737,51.17491,20.9,"facade","310395"
4.673681,50.89929,20.2,"facade","310407"
4.47105,50.99678,24.7,"facade","310410"
4.237232,50.73981,23.8,"facade","310422"
4.767698,51.20037,19.8,"facade","310425"
4.430079,51.19955,47.4,"facade","310437"
4.386788,51.18433,32.1,"facade","310449"
3.262959,50.82361,35.5,"facade","310452"
4.473229,50.77334,21.5,"facade","310458"
3.578121,51.05307,22.2,"facade","310461"
4.318208,51.19625,32.8,"facade","310476"
5.58021,51.17683,19.8,"facade","310506"
4.943274,50.93722,13.3,"facade","310527"
4.926693,50.81066,29.8,"facade","310533"
4.486163,51.03887,24,"facade","310545"
4.981645,51.36781,15.2,"facade","310554"
4.208237,50.87616,22.4,"facade","310557"
4.295339,51.14107,25.1,"facade","310575"
4.551329,50.94321,21.3,"facade","310581"
4.061943,50.77439,15.4,"facade","310584"
4.631304,50.76917,13.7,"facade","310587"
5.823355,50.73787,14.8,"facade","310593"
5.099988,51.1997,17.8,"facade","310596"
4.311507,51.00223,24.3,"facade","310599"
4.467299,50.75978,18.7,"facade","310605"
4.152226,51.16818,34.9,"facade","310614"
3.285339,50.82342,21.4,"facade","310647"
2.929312,50.83391,15.7,"facade","310653"
2.83445,50.82122,21.1,"facade","310659"
2.738394,50.93251,22,"facade","310662"
3.204469,51.1977,22.6,"facade","310677"
4.225784,51.13756,21.7,"facade","310680"
4.385434,51.09509,23.5,"facade","310689"
3.609795,51.09447,19.3,"facade","310695"
3.22784,51.20098,31.4,"facade","310698"
5.166773,51.03374,17,"facade","310713"
3.605431,51.09666,15.9,"facade","310719"
3.77203,50.90185,18,"facade","310725"
3.970238,50.91872,24.5,"facade","310728"
2.839181,50.75809,16.3,"facade","310746"
4.584455,50.78946,21.6,"facade","310749"
4.581729,51.23519,23.8,"facade","310761"
4.81409,51.16642,20.7,"facade","310773"
3.560774,51.21363,18.3,"facade","310782"
4.657701,51.11769,24.7,"facade","310785"
4.945567,50.81446,15,"facade","310791"
3.16258,50.8004,17.2,"facade","310809"
5.739133,51.17096,17,"facade","310812"
3.74705,51.05479,31,"facade","310818"
3.708537,51.06859,26.4,"facade","310821"
4.365067,51.1865,33.4,"facade","310827"
4.616503,51.21598,18.9,"facade","310833"
3.274521,50.86606,18.3,"facade","310836"
3.799045,50.83184,18.5,"facade","310839"
3.590415,50.95221,18.9,"facade","310857"
5.024612,50.83679,13.4,"facade","310863"
4.916548,51.2255,25.8,"facade","310875"
3.7937785801912,50.9688974960094,18,"facade","310881"
4.557921,50.83707,17.3,"facade","310887"
5.457896,50.78048,17.9,"facade","310890"
4.758894,51.3505,20.2,"facade","310896"
3.333147,51.13943,19,"facade","310908"
5.674888,50.96066,18.3,"facade","310914"
4.972674,50.8241,20.5,"facade","310917"
4.495575,51.12778,29.4,"facade","310920"
2.940824,51.08418,19,"facade","310923"
3.254182,50.99567,16.6,"facade","310935"
5.422683,51.21123,21,"facade","310938"
4.37471,51.1793,30.8,"facade","310968"
4.887658,50.77367,19,"facade","310971"
5.425394,51.21465,31.1,"facade","310974"
4.349006,50.95868,20.7,"facade","310983"
5.604722,51.04646,16.6,"facade","310989"
5.003012,50.98517,18.2,"facade","310992"
4.174207,50.85645,18.8,"facade","311001"
5.00766,51.12804,18,"facade","311004"
5.058762,50.90938,20.1,"facade","311016"
4.4608,51.01001,25.8,"facade","311022"
3.707968,51.06455,27.2,"facade","311043"
4.456512,51.20411,28.8,"facade","311046"
4.460254,51.01586,28.3,"facade","311049"
4.901155,50.98438,15.8,"facade","311052"
4.445163,51.20127,34,"facade","311058"
5.39188,50.95043,14.7,"facade","311061"
4.789014,51.31812,15.5,"facade","311073"
4.588016,51.04464,22,"facade","311106"
3.03252,51.17819,24.2,"facade","311115"
3.029728,51.12677,28.2,"facade","311121"
3.726612,51.04506,31.9,"facade","311139"
3.213488,51.19376,33.7,"facade","311148"
3.93814917926684,51.1722991673464,17.8,"facade","311154"
3.8993,51.1965,17.1,"facade","311157"
3.670735,51.08316,25.1,"facade","311160"
4.86389,51.36596,20.1,"facade","311163"
3.800256,50.98142,23.3,"facade","311166"
5.701738,51.02256,18.7,"facade","311172"
3.848147,51.16854,24.1,"facade","311175"
4.426679,51.23347,38.6,"facade","311181"
4.309402,50.91096,20.7,"facade","311184"
5.5485460540651,50.8471419958174,18.4,"facade","311193"
3.984464,51.10144,30.7,"facade","311199"
4.50475,50.92021,18.3,"facade","311205"
2.656837,50.98738,19,"facade","311208"
4.894964,51.01203,15.3,"facade","311214"
4.714378,50.87552,21.4,"facade","311235"
3.740883,51.03882,27.9,"facade","311244"
3.197737,50.92235,24.9,"facade","311256"
3.376148,50.8182,20.7,"facade","311262"
4.130977,51.16695,33.8,"facade","311268"
4.226473,50.72575,26.5,"facade","311289"
3.691648,50.95457,22.4,"facade","311301"
4.473967,51.24595,25.2,"facade","311316"
4.080394,50.9113,18.1,"facade","311319"
4.637378,51.2692,17.3,"facade","311322"
2.835616,50.84707,20.6,"facade","311325"
4.002002,51.02519,26.9,"facade","311346"
5.36883,51.03551,18.9,"facade","311349"
4.33994,50.90381,28.9,"facade","311355"
3.214392,50.92047,31.7,"facade","311373"
3.891151,50.984,20,"facade","311376"
4.518005,51.22476,27.5,"facade","311385"
4.012382,50.90229,24.4,"facade","311400"
4.668964,51.15324,19.9,"facade","311406"
4.773735,51.20159,24.5,"facade","311409"
4.325926,50.93597,27.8,"facade","311412"
3.652885,50.99261,21.2,"facade","311415"
4.652771,51.11721,37.6,"facade","311424"
4.146649,51.15273,19.9,"facade","311436"
3.153879,51.10275,18.5,"facade","311445"
4.14278627585516,51.1605778343187,26.4,"facade","311454"
3.849022,51.16454,20.9,"facade","311466"
4.716366,50.99972,14.7,"facade","311469"
4.833308,51.17094,30,"facade","311484"
4.605299,51.10126,20,"facade","311487"
4.365653,51.08765,37.4,"facade","311496"
3.215746,51.0648,17.2,"facade","311523"
4.459445,50.93028,23.6,"facade","311529"
5.453655,51.17087,16.7,"facade","311538"
3.052449,50.78099,21.3,"facade","311541"
3.635632,51.0531,17.2,"facade","311550"
4.780051,51.48738,17.5,"facade","311553"
4.261776,51.04485,24,"facade","311571"
4.443663,51.15833,24.9,"facade","311577"
3.182975,50.81035,25.7,"facade","311583"
3.266871,50.99477,20.7,"facade","311589"
3.549,51.03763,22,"facade","311592"
4.342395,51.20306,37.5,"facade","311595"
5.17104,50.82449,18.6,"facade","311598"
4.24011721770905,51.1007462621606,23.2,"facade","311610"
3.667771,50.92803,16.1,"facade","311631"
4.722879,51.08094,19.6,"facade","311640"
4.693352,50.886,30.7,"facade","311646"
3.719563,51.0514,27.8,"facade","311658"
3.326889,50.85691,21.3,"facade","311664"
4.804074,51.07202,18.3,"facade","311682"
5.373185,51.02862,23.9,"facade","311688"
3.279851,50.85003,22.6,"facade","311691"
5.416158,51.12861,18.2,"facade","311694"
3.611465,50.85605,18.1,"facade","311706"
4.667591,51.1116,22.7,"facade","311715"
4.622355,50.97992,17.2,"facade","311727"
3.711249,51.09387,24.5,"facade","311748"
4.85191,51.20032,17.2,"facade","311757"
4.03487,51.07095,37.2,"facade","311772"
4.639131,51.11794,18.5,"facade","311799"
4.666025,51.15347,15.1,"facade","311805"
4.587008,51.14406,18.5,"facade","311808"
4.500426,51.46638,18.4,"facade","311817"
3.23577,50.80249,21.2,"facade","311859"
4.401497,51.21082,47.3,"facade","311862"
4.382675,51.18162,42,"facade","311874"
4.08943,51.14627,26.3,"facade","311877"
5.21188,51.07059,18.9,"facade","311883"
4.706837,51.05699,22.4,"facade","311886"
4.014971,50.85394,16.8,"facade","311904"
3.817654,51.03095,25.5,"facade","311907"
3.440898,50.98138,19.1,"facade","311910"
5.51814,50.8709,26.7,"facade","311916"
4.932739,50.87827,16.3,"facade","311922"
4.434521,50.89472,39.9,"facade","311925"
3.361896,51.12568,16.4,"facade","311940"
5.53576,51.13107,17.1,"facade","311955"
3.990926,50.87588,16.7,"facade","311961"
5.382473,50.94289,18.6,"facade","311970"
3.887967,50.8904,30.1,"facade","311991"
4.709112,50.83792,19.6,"facade","312006"
4.902803,51.14944,20.1,"facade","312039"
3.665702,51.12359,20.9,"facade","312045"
3.755482,51.04496,37.3,"facade","312048"
4.149738,51.16885,32.6,"facade","312066"
3.771446,51.0739,24.7,"facade","312072"
4.017942,50.94349,22.4,"facade","312075"
4.755578,51.35302,16.4,"facade","312102"
3.32068,51.00659,21.2,"facade","312105"
5.16191,51.00606,16.4,"facade","312120"
3.734947,50.88867,20.5,"facade","312135"
4.100868,51.11502,23.9,"facade","312147"
4.444684,51.04109,27.3,"facade","312162"
3.72652,50.78902,17,"facade","312165"
3.77945,51.07532,30.4,"facade","312171"
3.995545,51.09179,19.7,"facade","312180"
4.479456,51.00993,24.1,"facade","312186"
3.989471,51.10389,32.4,"facade","312189"
4.337733,51.17433,30.8,"facade","312195"
4.546452,50.83281,17.8,"facade","312219"
4.685213,50.87026,27.8,"facade","312222"
4.664661,50.9044,17.7,"facade","312231"
5.352625,50.83505,15.8,"facade","312240"
4.928966,51.32473,20,"facade","312270"
5.173846,51.19108,17.7,"facade","312309"
4.400914,51.33967,19.4,"facade","312318"
4.727468,50.88336,26.8,"facade","312339"
4.093064,51.14765,19.7,"facade","312348"
3.422775,50.88242,24.6,"facade","312360"
3.076869,50.97898,18.8,"facade","312372"
4.781246,50.80564,14.9,"facade","312387"
5.079749,50.75446,17.7,"facade","312393"
4.069236,50.97348,21,"facade","312399"
4.280218,51.06078,24.4,"facade","312405"
4.953441,50.9389,16.8,"facade","312408"
3.91098,51.0404,20.4,"facade","312411"
4.637714,50.97557,19.3,"facade","312414"
5.610415,51.01679,17.7,"facade","312417"
3.345563,50.93654,19.5,"facade","312426"
4.46290203150759,50.9818590410104,22.1,"facade","312429"
4.635336,51.05261,18.4,"facade","312432"
5.072398,51.06275,16.3,"facade","312450"
5.019281,51.022,18.5,"facade","312459"
4.543791,51.35289,24.7,"facade","312477"
3.766119,51.07916,22.6,"facade","312483"
3.755901,51.05658,23.2,"facade","312495"
3.240309,50.87195,21.2,"facade","312504"
3.830368,51.20405,21.6,"facade","312507"
4.362621,51.17086,32.8,"facade","312516"
4.111709,50.99896,16.7,"facade","312519"
3.447319,50.80105,18.2,"facade","312522"
4.388526,51.16497,33.6,"facade","312534"
3.653839,51.08511,20.9,"facade","312555"
4.416898,51.31502,20,"facade","312558"
4.694629,50.86148,23.7,"facade","312561"
4.113208,51.02099,25.6,"facade","312567"
4.30001,50.89963,21.8,"facade","312585"
4.857572,51.32387,19.5,"facade","312603"
3.326289,51.00123,25.1,"facade","312606"
4.900028,51.14131,23.1,"facade","312609"
5.378023,51.03645,29.2,"facade","312648"
4.044709,51.03015,16.2,"facade","312654"
4.568668,50.75332,20.8,"facade","312663"
2.591204,51.10202,26.7,"facade","312669"
5.511509,50.8771,19,"facade","312678"
3.214059,50.91623,25.1,"facade","312681"
3.873071,50.94734,19,"facade","312693"
3.871067,50.776,27.3,"facade","312705"
3.256617,50.92532,20.3,"facade","312708"
4.945949,50.96497,22.7,"facade","312726"
4.8476,51.17407,22.4,"facade","312735"
3.630928,51.00927,20,"facade","312744"
3.666416,51.0531,27.6,"facade","312747"
3.137457,51.018,24.2,"facade","312759"
3.93148662481252,50.9160846127938,30.1,"facade","312762"
5.166217,51.16059,18.8,"facade","312783"
4.834256,51.12676,18.5,"facade","312789"
4.562778,51.14033,27.6,"facade","312795"
4.52203,50.86078,23.1,"facade","312798"
3.366295,50.90611,20.2,"facade","312810"
4.341451,51.17207,28,"facade","312825"
5.704133,50.95704,20.4,"facade","312828"
3.914903,50.97607,16.9,"facade","312849"
5.569279,50.88658,15.9,"facade","312852"
5.32775,50.92598,24,"facade","312855"
4.332493,51.21688,31.3,"facade","312858"
4.40794674498667,51.0470985253831,26.1,"facade","312867"
4.457228,51.20797,34.4,"facade","312876"
4.948558,50.87292,17.5,"facade","312891"
3.703093,51.08511,24.3,"facade","312900"
4.773808,50.96827,13.9,"facade","312918"
5.381239,50.98402,15.8,"facade","312921"
5.018217,50.94395,28.2,"facade","312930"
3.105119,50.83149,20.4,"facade","312933"
2.576908,51.09092,17.4,"facade","312951"
4.30377818675579,51.0709542125997,24.1,"facade","312957"
3.470847,51.04621,21.2,"facade","312969"
5.671336,50.91345,16.8,"facade","312975"
4.079202,51.25109,22.8,"facade","312999"
3.053803,50.89639,18.7,"facade","313014"
4.838761,51.332,16,"facade","313017"
4.437916,51.247,26.4,"facade","313023"
5.552699,50.94962,17.9,"facade","313038"
4.682954,51.19298,21.3,"facade","313041"
4.75831,51.16591,18.3,"facade","313044"
3.17637,50.82098,26.1,"facade","313056"
3.638209,50.99441,15.6,"facade","313068"
3.919616,50.74087,16.9,"facade","313083"
4.456997,51.25026,27.2,"facade","313086"
5.526407,50.87178,18.5,"facade","313092"
3.189845,51.08733,20.8,"facade","313110"
3.652199,50.91094,20,"facade","313125"
3.968329,50.73759,16.7,"facade","313134"
4.232258,50.95847,38.1,"facade","313143"
3.766736,50.94238,18.2,"facade","313149"
3.768985,50.80596,20,"facade","313155"
4.709914,50.82843,17.6,"facade","313158"
3.30916590535371,50.8727072057473,22.9,"facade","313167"
3.581097,51.07926,23.4,"facade","313188"
3.763013,50.82972,18.6,"facade","313191"
5.05288,51.03294,16.4,"facade","313197"
3.871811,50.7812,19.8,"facade","313203"
3.9718,50.6936,16.3,"facade","313209"
4.902015,51.20362,18.1,"facade","313218"
3.024275,50.85028,18.2,"facade","313239"
3.510059,50.82772,16.6,"facade","313245"
4.949562,51.32545,32.2,"facade","313248"
4.141096,50.82732,23.3,"facade","313269"
3.178724,50.87628,29.6,"facade","313281"
4.41793,51.27805,39.2,"facade","313287"
4.368381,50.93052,19.9,"facade","313293"
3.605726,50.74549,29.1,"facade","313296"
5.174884,51.00062,18,"facade","313302"
4.578874,51.13089,21.5,"facade","313305"
4.61795,51.41521,18.1,"facade","313323"
4.738062,50.94267,20.5,"facade","313338"
4.463328,51.0024,33.8,"facade","313356"
4.118016,50.7193,14.9,"facade","313362"
3.539587,50.76004,15.5,"facade","313395"
5.508426,50.75988,17.1,"facade","313407"
4.614991,51.27309,16.5,"facade","313413"
5.49718350977199,50.960436497153,19.3,"facade","313416"
3.594473,50.90054,19.2,"facade","313419"
5.40392,51.13511,15.5,"facade","313431"
4.944954,50.7891,18.8,"facade","313440"
3.730946,51.05711,53.7,"facade","313461"
3.807677,50.94556,24.4,"facade","313464"
4.996129,51.07226,16.6,"facade","313473"
4.81446,51.16562,17.9,"facade","313479"
4.152236,51.1637,24.4,"facade","313500"
3.470402,50.94267,17,"facade","313506"
4.49713,51.25079,35.5,"facade","313512"
3.183288,50.81752,22.1,"facade","313518"
4.120064,51.01871,16.3,"facade","313533"
4.613997,51.09274,21.3,"facade","313539"
4.674925,50.88091,27.7,"facade","313542"
4.139908,51.09274,20.4,"facade","313548"
3.722762,50.78538,15.3,"facade","313554"
4.142728,51.15277,20.5,"facade","313557"
3.79572,50.97168,20.2,"facade","313566"
5.296873,51.01093,25.2,"facade","313584"
4.10247,50.89279,30.4,"facade","313593"
4.252694,51.20942,26.3,"facade","313599"
5.331969,50.99878,21.6,"facade","313611"
2.571761,51.09405,18,"facade","313620"
4.887291,50.77488,17.7,"facade","313629"
4.702711,50.86667,21.5,"facade","313632"
3.73946,51.04943,32.5,"facade","313641"
2.661037,51.07189,25.4,"facade","313644"
3.844306,50.80252,17.3,"facade","313653"
5.077333,51.13231,29.4,"facade","313665"
4.381471,51.18061,34.9,"facade","313671"
3.292664,51.10383,14.5,"facade","313677"
4.42092,51.19457,35.8,"facade","313689"
5.007505,51.13077,15.3,"facade","313695"
3.525982,51.08852,17.7,"facade","313701"
2.924127,50.81767,17.9,"facade","313707"
4.96355,50.97472,15.5,"facade","313710"
3.76039421693324,50.828662635278,15.7,"facade","313713"
4.652097,51.29306,14.5,"facade","313716"
4.112405,51.16881,24.2,"facade","313728"
3.210353,50.91315,32.8,"facade","313734"
5.780489,51.09469,20.1,"facade","313740"
5.491091,50.78582,22.8,"facade","313749"
4.21023351847497,51.0447122679617,20.5,"facade","313761"
4.231143,51.13631,21.8,"facade","313764"
5.698012,51.16064,15.1,"facade","313779"
4.577738,50.95418,17.7,"facade","313785"
3.256144,50.92031,28.4,"facade","313791"
4.93671,51.44311,18.7,"facade","313797"
5.384258,51.17723,13.2,"facade","313806"
3.124598,50.94157,32.9,"facade","313815"
4.966,50.87196,15.5,"facade","313818"
2.675172,51.12719,24,"facade","313824"
4.933461,51.32201,28.8,"facade","313839"
5.410499,50.95269,18.4,"facade","313848"
4.705857,50.87067,29.8,"facade","313851"
4.548815,51.14384,20.7,"facade","313854"
3.193105,51.19422,24.9,"facade","313869"
4.030446,50.94045,44.2,"facade","313872"
5.426505,50.811,22.6,"facade","313875"
5.273511,50.9013,15.1,"facade","313884"
4.383701,51.13738,26.6,"facade","313890"
5.50540062375028,50.9064497910256,15.6,"facade","313902"
3.122107,50.7951,29.6,"facade","313923"
4.954227,50.8937,15.2,"facade","313932"
5.54179,51.24785,18.1,"facade","313938"
3.928743,50.91892,20.1,"facade","313941"
5.873777,50.73017,10.9,"facade","313944"
3.358987,50.7192,17.5,"facade","313956"
4.523039,51.08648,19.1,"facade","313962"
4.40947505758977,51.4458105430951,19.8,"facade","313968"
4.629102,51.05713,27,"facade","313971"
4.357637,51.05329,26.3,"facade","313974"
4.445265,51.45609,17.9,"facade","313986"
5.50166,51.20201,18.7,"facade","313995"
5.35559,50.92564,22.1,"facade","313998"
5.329482,50.92703,22.5,"facade","314010"
4.436848,51.24537,27.6,"facade","314016"
4.71899939713722,50.8223735583818,17.1,"facade","314019"
4.779066,51.0469,19.9,"facade","314034"
3.969586,51.0147,17.6,"facade","314037"
5.530936,50.87107,17.7,"facade","314040"
3.478101,50.8326,22.6,"facade","314043"
3.546167,50.97277,19.9,"facade","314061"
3.72797916935409,51.0827166297626,24.5,"facade","314091"
4.032464,50.94371,29.5,"facade","314094"
3.634329,51.02768,20.9,"facade","314100"
3.820874,51.04344,23.3,"facade","314106"
4.502121,51.46918,24.9,"facade","314118"
3.211054,51.33006,34.5,"facade","314121"
3.52232,51.24253,21.3,"facade","314133"
4.027689,51.00973,17.7,"facade","314139"
4.57588,50.79294,16.6,"facade","314145"
5.001539,51.16866,17.1,"facade","314148"
4.37569232363113,51.1770894377299,36.4,"facade","314154"
4.595311,51.2392,16.2,"facade","314160"
4.484505,51.24968,35.3,"facade","314166"
4.445351,51.2388,34.3,"facade","314169"
4.49006766448477,50.8519859072157,26.9,"facade","314172"
3.189154,50.83717,18.8,"facade","314178"
4.486318,51.30883,17.8,"facade","314187"
4.446062,51.29552,19.8,"facade","314199"
5.199127,51.04966,16.2,"facade","314217"
4.38520489222273,50.7382442798648,16.5,"facade","314220"
5.046004,51.12314,19.1,"facade","314229"
4.12059,50.77635,18.2,"facade","314232"
4.031969,51.05929,22.1,"facade","314250"
4.497189,50.79036,19,"facade","314256"
4.069685,50.97665,19.3,"facade","314262"
4.446767,51.15029,28,"facade","314265"
3.198032,51.20082,30.1,"facade","314268"
2.588953,51.09634,20.2,"facade","314271"
4.428192,51.17378,27.8,"facade","314283"
5.115742,51.18602,28.7,"facade","314286"
4.271286,50.871,40.9,"facade","314289"
5.04786760565311,50.7494962512206,16.2,"facade","314292"
4.739237,51.16948,20.1,"facade","314316"
5.32768615500919,50.8912189823553,17.2,"facade","314325"
5.596811,51.04846,17.8,"facade","314328"
4.817824,51.02231,14.7,"facade","314334"
2.624417,50.84016,17.9,"facade","314355"
5.480872,50.971,18.8,"facade","314367"
4.61632,50.93315,17.6,"facade","314382"
4.768856,50.88958,36.3,"facade","314394"
5.720157,50.92678,17.6,"facade","314406"
2.940341,51.21606,26.1,"facade","314412"
3.754505,51.02807,29,"facade","314415"
4.06659158988629,50.8219756279824,15.1,"facade","314430"
3.820214,50.85107,23.1,"facade","314439"
5.267567,51.04182,15.6,"facade","314445"
4.487494,51.01206,23.4,"facade","314457"
3.642084,51.10517,18.3,"facade","314490"
5.409054,51.13374,15.8,"facade","314496"
3.264919,50.81981,22.6,"facade","314508"
5.32424,50.91848,31.1,"facade","314514"
2.992233,51.25208,21.7,"facade","314517"
4.042546,51.23538,18.8,"facade","314520"
3.417136,51.1315,18.8,"facade","314526"
3.86841,51.03993,20.5,"facade","314529"
3.332043,50.81372,26.7,"facade","314532"
3.887845,50.88905,22.4,"facade","314541"
4.884333,50.85983,18.5,"facade","314544"
4.5623,51.25115,18.2,"facade","314547"
5.110859,50.81677,16,"facade","314556"
4.323984,51.04741,21.7,"facade","314559"
4.617263,50.93637,23.9,"facade","314565"
3.808041,50.88379,20.8,"facade","314571"
4.11589,50.77821,21.7,"facade","314580"
3.692909,51.05879,35.9,"facade","314586"
3.174715,51.3196,26.4,"facade","314595"
3.406936,50.74728,17.1,"facade","314598"
4.218652,50.83747,19.8,"facade","314601"
3.247948,50.79206,21.6,"facade","314604"
3.271074,51.342,24.3,"facade","314616"
4.934707,50.78391,15.5,"facade","314628"
4.02391,50.93589,24.7,"facade","314631"
4.462882,51.10896,19.6,"facade","314637"
3.823905,50.88186,23.1,"facade","314649"
4.484984,51.00932,26.9,"facade","314652"
5.283045,51.01656,18.2,"facade","314670"
4.517781,51.02082,16.3,"facade","314682"
3.536157,50.93083,22.7,"facade","314685"
3.332028,50.80963,21.6,"facade","314694"
3.616366,50.7457,18.1,"facade","314712"
4.485615,51.25045,29.4,"facade","314715"
3.563736,50.94755,21.5,"facade","314721"
3.956435,50.80588,15.9,"facade","314724"
3.587606,50.87896,15.9,"facade","314727"
2.91822487004336,51.2337467730463,34.1,"facade","314730"
4.34631,51.15899,26.5,"facade","314736"
5.062903,51.36701,18.1,"facade","314745"
4.440874,51.24033,26.5,"facade","314751"
3.713143,51.03262,24.7,"facade","314757"
4.499691,50.78051,27.7,"facade","314772"
4.022112,50.94638,25,"facade","314793"
3.738948,50.98949,21.8,"facade","314796"
5.088144,51.07397,18.2,"facade","314802"
3.19202,50.93463,21.3,"facade","314805"
4.011417,51.24414,16.3,"facade","314808"
3.643116,50.92074,20.3,"facade","314826"
5.66901,50.9646,15.7,"facade","314829"
3.029001,51.12445,18.5,"facade","314832"
3.778725,51.07303,22.9,"facade","314835"
3.102006,51.05845,17.9,"facade","314844"
4.922269,51.32376,16.5,"facade","314859"
4.489057,51.04756,21.5,"facade","314892"
4.632155,51.22357,19.1,"facade","314895"
4.814698,50.89484,23.8,"facade","314901"
4.559448,51.13502,26.6,"facade","314904"
3.928962,50.95368,19.5,"facade","314907"
3.71289713995483,51.0515160870542,24.6,"facade","314910"
4.607702,51.09398,18.6,"facade","314916"
2.679711,51.11978,22.8,"facade","314922"
5.35385,50.91043,19.4,"facade","314928"
3.471519,50.83709,16.5,"facade","314934"
3.567661,50.91935,19.6,"facade","314946"
5.321598,50.9034,18.4,"facade","314955"
4.164321,50.9457,17.2,"facade","314961"
4.94381,50.81437,27.2,"facade","314970"
3.15266,50.97449,20.7,"facade","314973"
3.286016,50.83708,27.6,"facade","314976"
3.810858,51.14399,23.9,"facade","315000"
3.167265,51.14971,28.5,"facade","315003"
4.223581,51.2068,24.6,"facade","315006"
3.401086,50.76247,17.8,"facade","315027"
3.248849,51.20315,26.1,"facade","315033"
4.605191,50.74951,15.3,"facade","315048"
3.249622,51.19801,18.8,"facade","315054"
5.439846,50.91869,27.7,"facade","315057"
4.971426,50.84644,19.8,"facade","315066"
3.42238,51.20661,21.2,"facade","315069"
4.434728,51.36203,19.8,"facade","315072"
4.001644,51.06202,19.2,"facade","315084"
4.380259,50.93589,20,"facade","315105"
3.742772,51.03549,28,"facade","315108"
3.570905,51.18383,20.8,"facade","315114"
2.878345,51.1267,21.9,"facade","315129"
4.548021,51.08132,18.8,"facade","315144"
3.706761,51.04308,25.9,"facade","315153"
4.203504,51.05927,19.3,"facade","315159"
4.278294,51.07623,26.3,"facade","315165"
4.325027,51.04327,24.8,"facade","315171"
4.719311,50.8262,16.6,"facade","315174"
4.766735,50.92227,15,"facade","315186"
3.883531,50.83804,19.1,"facade","315189"
4.32677800328705,50.9831854500719,20.8,"facade","315204"
4.721688,50.91993,25,"facade","315207"
4.217226,51.14672,26,"facade","315213"
5.558915,50.87349,18,"facade","315216"
3.481383,51.20483,27.6,"facade","315225"
5.597257,50.81258,24.2,"facade","315228"
5.57453807439546,50.8745371039043,17.6,"facade","315252"
5.450341,50.78832,16.5,"facade","315255"
4.34734136943726,51.158251241226,27.3,"facade","315273"
5.631801,50.86315,18.4,"facade","315282"
3.428115,51.10916,21.8,"facade","315294"
5.547972,50.8638,17.1,"facade","315303"
4.226824,50.8388,21.2,"facade","315321"
4.569309,51.13279,22.5,"facade","315327"
4.85087,51.16563,22.5,"facade","315339"
3.28188630271903,51.2514940133346,20.1,"facade","315348"
3.27609,51.34536,24,"facade","315360"
4.403846,51.17153,32.9,"facade","315366"
5.100567,50.93176,16.2,"facade","315372"
5.584502,51.13497,20.7,"facade","315381"
4.542314,50.75583,19.1,"facade","315384"
3.329083,50.85503,20.4,"facade","315387"
5.574789,50.8609,17,"facade","315390"
4.423755,51.16308,26,"facade","315393"
4.548226,51.12431,26.3,"facade","315438"
2.732904,51.14275,24.9,"facade","315462"
2.897718,50.98388,16.2,"facade","315471"
3.23309,51.33828,34.3,"facade","315477"
4.475058,50.92202,20.7,"facade","315480"
3.181397,50.80838,30.9,"facade","315483"
4.115837,50.72552,15.9,"facade","315498"
3.205619,50.84385,21,"facade","315510"
4.917929,50.76773,17.6,"facade","315513"
3.659484,50.92834,26.3,"facade","315519"
4.445073,51.1989,32.3,"facade","315528"
4.642169,50.94496,16.3,"facade","315534"
3.163474,50.84078,20.7,"facade","315537"
5.791272,51.09576,21,"facade","315543"
4.285082,51.21721,28.3,"facade","315579"
3.621312,50.83958,20.3,"facade","315585"
5.796241,51.10027,21.7,"facade","315594"
5.609057,50.84553,14.1,"facade","315597"
3.396801,51.04107,22.7,"facade","315603"
4.035056,50.93724,29.4,"facade","315630"
4.349533,51.17171,29.5,"facade","315633"
3.305227,51.14121,20.1,"facade","315642"
4.018878,50.91652,21,"facade","315651"
4.462131,50.9851,22.8,"facade","315654"
5.462421,50.97431,22.4,"facade","315663"
5.226897,51.04562,28.3,"facade","315675"
3.823537,51.14751,23.1,"facade","315681"
4.723947,50.85575,17.5,"facade","315693"
4.972684,51.05207,16.2,"facade","315696"
4.763822,50.92251,16,"facade","315699"
2.934463,50.82339,16.5,"facade","315708"
2.921737,51.23363,31.8,"facade","315711"
5.576294,50.84765,17.1,"facade","315717"
5.273208,50.84512,17.4,"facade","315729"
5.45507220179108,50.9607005982577,22.1,"facade","315732"
2.809165,50.78317,14.3,"facade","315735"
4.763792,51.39301,18.1,"facade","315738"
4.490415,51.28888,25.1,"facade","315744"
4.717233,50.9218,22.4,"facade","315759"
5.42957,51.24822,17,"facade","315762"
3.030285,51.27579,23.7,"facade","315765"
3.002113,51.02594,18.6,"facade","315777"
4.542694,50.89472,20.9,"facade","315789"
4.64110403096721,50.8429578580073,30.2,"facade","315798"
4.035987,50.96464,25.7,"facade","315807"
4.420688,50.92857,33.3,"facade","315810"
4.437707,50.91339,32.3,"facade","315822"
4.284863,50.73616,35.6,"facade","315834"
4.347593,51.14546,23.2,"facade","315843"
3.327069,51.00065,18.2,"facade","315849"
3.811375,50.87249,26,"facade","315852"
3.581011,50.75298,17.8,"facade","315855"
5.736265,51.02906,18,"facade","315858"
5.358729,51.11753,13.5,"facade","315876"
5.473048,50.89114,17.4,"facade","315894"
2.909989,51.22898,37.1,"facade","315897"
5.774587,51.14439,18.2,"facade","315903"
4.918061,50.76513,18.5,"facade","315909"
5.102288,51.034,15.7,"facade","315912"
4.050669,50.78498,15.3,"facade","315930"
4.484029,51.20361,35.9,"facade","315942"
5.514096,50.99148,23,"facade","315945"
4.412023,51.28246,32.8,"facade","315954"
3.405493,50.90266,19.2,"facade","315960"
4.43215,50.93466,32.8,"facade","315966"
5.398476,50.99629,18.5,"facade","315978"
4.759075,51.09212,16.8,"facade","315984"
4.831517,50.89115,14.1,"facade","315987"
2.957662,50.9916,17.9,"facade","315999"
4.436293,51.11038,17.8,"facade","316005"
4.245861,50.7815,23,"facade","316014"
3.708866,51.03891,25.1,"facade","316023"
4.47206756366683,51.2195035487214,27.4,"facade","316026"
5.166101,50.93534,18.2,"facade","316041"
4.539093,50.84416,16.9,"facade","316056"
4.738773,50.88717,21.1,"facade","316071"
3.32766,51.1259,26.3,"facade","316086"
4.021705,50.8317,28.6,"facade","316092"
5.534843,50.85254,17.4,"facade","316107"
4.477679,51.27988,19.9,"facade","316113"
4.138402,50.84252,17.2,"facade","316116"
3.69327,50.88579,21.4,"facade","316122"
4.335863,51.22297,29.8,"facade","316125"
3.417979,50.85094,18.5,"facade","316128"
5.548516,51.25471,19,"facade","316131"
4.21087,51.08409,17.4,"facade","316146"
4.400935,51.17103,34.7,"facade","316182"
3.81631,50.92137,17.3,"facade","316200"
4.782293,51.29432,20.7,"facade","316224"
3.615516,51.21858,23.2,"facade","316227"
4.314775,51.22366,30.9,"facade","316239"
5.171627,50.92784,16.5,"facade","316245"
4.186815,50.95183,15.2,"facade","316260"
4.536105,51.14392,21.1,"facade","316269"
3.091387,50.81594,19.9,"facade","316284"
2.943237,51.14406,22.5,"facade","316290"
2.641104,51.11352,21.3,"facade","316293"
2.955349,50.80451,17.3,"facade","316299"
2.989021,51.25614,23.9,"facade","316302"
3.14025,51.30244,23.2,"facade","316305"
4.938804,50.94956,17.4,"facade","316314"
4.444351,51.15626,29.8,"facade","316320"
3.390959,50.87402,16.4,"facade","316338"
3.182046,51.04969,18.2,"facade","316347"
4.503065,50.88195,22.3,"facade","316362"
4.591793,51.18138,20.2,"facade","316365"
3.934639,50.80283,15.6,"facade","316377"
3.262033,51.0165,20.8,"facade","316380"
4.586958,50.87961,23.5,"facade","316398"
2.909502,51.22595,31.1,"facade","316401"
3.638988,51.12546,19.8,"facade","316404"
3.759384,51.05355,22.8,"facade","316416"
3.920105,50.78726,26.3,"facade","316431"
5.360069,50.8385,17.2,"facade","316446"
3.816663,50.86758,20.3,"facade","316452"
4.109359,50.89619,33.8,"facade","316458"
4.08242115187541,51.2544470763212,17.9,"facade","316470"
4.418973,51.20064,32.8,"facade","316476"
5.582562,51.0357,20.9,"facade","316485"
3.162032,50.98844,19,"facade","316488"
5.011798,51.37009,16.3,"facade","316491"
5.099244,51.31977,22.5,"facade","316494"
5.087938,51.06602,23.4,"facade","316503"
2.800484,50.84243,18.7,"facade","316530"
5.394344,50.97826,16.9,"facade","316533"
4.66950068533693,50.9747663873397,16.5,"facade","316542"
4.70164,51.29758,27.3,"facade","316548"
4.442877,51.32286,16.6,"facade","316554"
5.110735,51.18472,18.3,"facade","316563"
4.606122,50.77763,16.7,"facade","316575"
5.499889,50.86749,20.2,"facade","316584"
3.831985,51.15514,26,"facade","316587"
4.452436,51.17186,22.7,"facade","316590"
4.833621,50.84423,14,"facade","316593"
3.601156,50.85319,22.6,"facade","316596"
3.415063,51.21692,22.3,"facade","316602"
4.226137,50.8408,67.3,"facade","316608"
4.459052,51.06293,25,"facade","316632"
4.465071,50.97434,22.5,"facade","316635"
3.296715,51.14253,15.9,"facade","316647"
4.49356,51.00811,21,"facade","316653"
4.541442,51.03808,18,"facade","316659"
3.562021,51.11871,32.1,"facade","316677"
4.460536,51.16774,25,"facade","316680"
3.755422,51.06094,25.7,"facade","316692"
3.22710694666211,50.8834917032587,25.8,"facade","316695"
4.839731,51.33292,17.2,"facade","316698"
5.086736,51.32043,23.2,"facade","316704"
3.732441,51.07488,26.9,"facade","316707"
5.631871,50.86521,19.2,"facade","316740"
4.269541,50.99597,26.2,"facade","316755"
4.215704,51.0588,22.5,"facade","316767"
4.414739,51.27401,24,"facade","316779"
5.66939,50.80877,18.2,"facade","316785"
3.205868,50.849,22,"facade","316794"
4.843255,50.81646,21.2,"facade","316797"
3.652745,51.01631,20.9,"facade","316803"
4.420496,51.1993,32.5,"facade","316806"
3.329261,50.99559,28.3,"facade","316812"
4.663975,50.87269,24.3,"facade","316821"
3.940876,51.17847,22.5,"facade","316851"
4.460067,50.94518,24.3,"facade","316854"
4.760406,50.83752,18.4,"facade","316860"
2.86821,51.03659,18.4,"facade","316878"
4.254737,50.84395,26.7,"facade","316890"
2.589834,51.09991,20.6,"facade","316893"
4.451981,50.95963,19.1,"facade","316902"
4.917403,51.32542,19.3,"facade","316905"
2.858952,50.8531,18.3,"facade","316917"
3.728805,51.0548,27.2,"facade","316932"
5.072749,50.97381,14.8,"facade","316935"
4.289907,51.12546,23.2,"facade","316962"
4.668065,51.15975,26.1,"facade","316965"
3.912836,50.81207,17.7,"facade","316968"
2.882685,51.20953,24.8,"facade","316974"
4.455516,51.19722,28.5,"facade","316983"
3.33002788238991,50.8527136212538,22.7,"facade","316986"
4.333614,51.11318,22.9,"facade","317001"
3.107711,50.93774,18.7,"facade","317007"
4.765417,51.34003,18.6,"facade","317010"
5.281613,51.03876,21.2,"facade","317031"
4.477918,51.01995,33.9,"facade","317049"
5.088524,51.26841,21,"facade","317064"
4.714129,50.82195,18.1,"facade","317070"
4.781742,50.96286,17.7,"facade","317073"
4.636282,51.05778,24,"facade","317079"
5.392284,51.01749,23.4,"facade","317082"
5.536968,50.982,25.8,"facade","317088"
3.45994,51.2061,16.4,"facade","317100"
5.107146,51.00602,15.5,"facade","317106"
4.483618,50.96398,23.2,"facade","317109"
5.81424999026403,50.7512646182269,13,"facade","317118"
4.710697,50.89387,19.1,"facade","317121"
4.310168,50.90409,24.4,"facade","317130"
5.379306,50.75905,15.1,"facade","317136"
3.887473,51.0073,26.6,"facade","317139"
4.146506,51.00161,19.2,"facade","317151"
5.248721,50.99658,17,"facade","317169"
4.391018,50.73211,15.3,"facade","317172"
5.17695,50.82382,24.7,"facade","317175"
4.48617,51.10528,20.2,"facade","317181"
5.221923,51.00525,24.7,"facade","317190"
4.442058,51.21511,41.4,"facade","317199"
4.196187,50.71594,19.3,"facade","317208"
4.66256,51.05609,16.7,"facade","317211"
3.853251,50.75774,21.8,"facade","317220"
4.834997,51.17157,25.9,"facade","317226"
4.713764,50.86082,20.5,"facade","317229"
4.150084,50.87085,20.6,"facade","317238"
4.872626,50.97891,14.5,"facade","317241"
4.539627,50.8211,18.7,"facade","317250"
3.255892,50.83578,19.2,"facade","317253"
4.53262,51.30596,19.6,"facade","317256"
4.385518,51.13834,25.9,"facade","317286"
3.726313,51.08976,28.3,"facade","317289"
4.710007,51.07809,17.4,"facade","317295"
5.146269,51.27333,15.1,"facade","317322"
5.585004,51.03267,16,"facade","317325"
3.597451,50.85151,19.7,"facade","317337"
4.033968,50.81651,17.4,"facade","317340"
3.415176,50.80915,17.7,"facade","317367"
3.752035,51.03777,25.6,"facade","317373"
5.482684,51.22583,17.4,"facade","317379"
4.488387,51.03463,28.9,"facade","317385"
5.251964,51.11507,28.3,"facade","317406"
3.458357,51.07023,25.4,"facade","317421"
4.860796,51.32249,17.4,"facade","317430"
4.827788,51.17984,32.1,"facade","317442"
3.117318,51.09323,19.7,"facade","317445"
3.151407,51.08524,20.1,"facade","317457"
4.434102,51.1762,25.1,"facade","317475"
4.634263,50.92274,18.2,"facade","317484"
2.748535,50.97983,21.4,"facade","317490"
5.291502,50.98355,17.3,"facade","317508"
2.910965,51.22348,26.1,"facade","317520"
5.23104,50.95627,19.5,"facade","317532"
5.122783,51.2409,15.5,"facade","317544"
5.126329,51.18886,17.8,"facade","317550"
5.068837,51.4644,14.8,"facade","317556"
4.520742,50.77009,22,"facade","317559"
4.444107,51.19924,31.5,"facade","317565"
4.699188,50.9847,14.7,"facade","317568"
4.251356,51.12922,22.1,"facade","317577"
5.087625,50.75205,16.4,"facade","317580"
4.172041,50.97435,17.4,"facade","317583"
3.8867,51.17111,19.4,"facade","317604"
3.69547435888764,51.0802163616168,23.2,"facade","317616"
3.711526,51.04792,26,"facade","317622"
4.39423,51.20095,36.1,"facade","317625"
4.33379,51.34659,21.3,"facade","317631"
4.90413,51.244,15.4,"facade","317634"
4.09865,51.01751,24.9,"facade","317664"
3.172607,50.83757,22.7,"facade","317673"
4.216258,50.86189,21,"facade","317679"
3.762344,51.00686,25,"facade","317688"
4.562848,51.13477,33.9,"facade","317691"
4.112227,50.89381,34.1,"facade","317700"
4.666819,51.26205,15.8,"facade","317703"
5.103762,50.72852,15.8,"facade","317727"
4.284972,51.22326,28.4,"facade","317733"
5.413901,50.98844,16.9,"facade","317736"
4.372752,50.94715,19.1,"facade","317751"
5.572255,50.93023,19.4,"facade","317754"
3.79303,51.06514,22.7,"facade","317766"
3.960441,51.18367,16.6,"facade","317769"
5.510018,50.96209,17.4,"facade","317793"
4.802235,51.47403,21.3,"facade","317820"
4.453115,51.1763,26,"facade","317823"
5.563997,50.92878,18.1,"facade","317826"
4.746323,50.88307,21.1,"facade","317841"
4.38634,51.18733,38.4,"facade","317844"
4.444874,51.19464,33.4,"facade","317865"
5.160406,51.15528,19.7,"facade","317871"
4.83659,50.83079,14.6,"facade","317886"
4.136852,51.16118,33.1,"facade","317934"
4.44597,51.16861,28.2,"facade","317943"
3.42957,50.78455,18.4,"facade","317946"
3.099968,51.02352,20.6,"facade","317955"
3.323535,51.19067,18.1,"facade","317958"
5.502301,51.09691,15.8,"facade","317961"
5.057164,51.0069,14.7,"facade","317967"
4.454333,50.94689,18.2,"facade","317973"
4.273016,50.93453,17.9,"facade","317979"
4.153612,51.16896,27.2,"facade","317982"
3.070044,50.9809,21.1,"facade","317988"
4.01038,50.92566,36.2,"facade","317991"
3.099258,51.09432,17.7,"facade","317994"
4.551924,51.23442,16.6,"facade","318009"
4.487411,51.02622,28.1,"facade","318015"
3.258073,50.82645,21.5,"facade","318018"
3.483599,50.82117,16.7,"facade","318027"
4.264797,51.21707,28.5,"facade","318051"
5.286783,51.04098,18.8,"facade","318063"
5.185566,50.74379,15.8,"facade","318075"
4.714422,50.87142,22.7,"facade","318081"
4.119459,51.21951,28.6,"facade","318084"
3.283788,50.79984,25.1,"facade","318096"
5.787006,51.09466,24,"facade","318099"
4.7755,50.89427,17,"facade","318108"
4.078466,51.10914,20.9,"facade","318114"
3.64714,51.03444,20.5,"facade","318117"
3.552413,51.11959,17.4,"facade","318126"
4.453856,51.19689,29.1,"facade","318138"
3.815237,50.93786,20.1,"facade","318141"
3.402251,51.18663,20.4,"facade","318144"
4.449675,51.19816,37.4,"facade","318147"
4.439781,51.21655,34.2,"facade","318159"
4.531976,51.26758,19.9,"facade","318162"
4.986679,51.17502,24.1,"facade","318165"
3.303339,50.80984,21.4,"facade","318168"
4.471824,51.42557,24.3,"facade","318171"
4.351282,50.90798,29,"facade","318174"
4.911068,50.93294,15.4,"facade","318183"
2.747256,50.98213,18.4,"facade","318186"
4.10966,51.00948,15.5,"facade","318207"
2.961783,51.15419,21.6,"facade","318225"
4.50157942308809,50.744113491439,18.4,"facade","318237"
5.313786,50.84438,16.8,"facade","318246"
5.551059,50.83114,18.2,"facade","318252"
4.85809,51.31476,17.5,"facade","318261"
4.678318,50.9993,14.5,"facade","318267"
5.66981,50.97533,20.3,"facade","318270"
3.736972,50.98736,21.3,"facade","318288"
3.688491,51.06966,21.4,"facade","318291"
4.483339,51.36988,22.9,"facade","318294"
5.550547,50.84255,23.3,"facade","318297"
4.875565,50.94258,15.2,"facade","318312"
4.464339,50.98483,30.2,"facade","318315"
4.458326,51.15149,21.7,"facade","318318"
5.639279,50.79885,16.9,"facade","318330"
5.092383,51.27422,16.7,"facade","318342"
5.335903,51.22723,16.6,"facade","318345"
4.457349,50.92895,21.8,"facade","318348"
4.837389,51.08741,22.8,"facade","318360"
4.50428249300597,51.2977804421318,18.6,"facade","318369"
3.866009,50.96741,21.5,"facade","318381"
5.306778,51.20762,15.8,"facade","318396"
4.966912,51.23473,17.3,"facade","318399"
4.783054,51.29963,18.2,"facade","318408"
4.736842,51.17607,22.5,"facade","318420"
4.484805,51.19765,27.6,"facade","318429"
5.512724,50.87468,18.5,"facade","318438"
4.385808,51.01043,21.1,"facade","318444"
5.575861,51.17114,19.7,"facade","318447"
5.569326,50.933,19.2,"facade","318450"
3.98302,50.92001,21.1,"facade","318456"
3.753671,50.93346,15.9,"facade","318471"
3.10476,50.914,19.3,"facade","318495"
4.873504,51.21742,15.2,"facade","318501"
3.61058792370631,50.8416949119218,29.6,"facade","318513"
4.891598,50.77434,21.3,"facade","318531"
5.434659,51.23039,18.6,"facade","318534"
4.873274,51.09592,17,"facade","318546"
4.688356,50.8787,30.2,"facade","318549"
4.365388,51.33214,35,"facade","318555"
4.411445,51.10399,27.8,"facade","318558"
4.728499,50.84764,20.1,"facade","318564"
4.396316,51.0804,29.1,"facade","318570"
5.596302,51.00017,18.9,"facade","318573"
4.426878,51.07939,27,"facade","318591"
4.381898,51.12424,24.2,"facade","318594"
4.695169,50.97041,18.1,"facade","318597"
4.571003,51.13486,34.2,"facade","318600"
4.069502,50.8218,15.7,"facade","318603"
4.571219,51.13449,38.5,"facade","318606"
4.10135954787388,50.8469849308365,16.3,"facade","318609"
3.67982,51.08168,19.9,"facade","318618"
5.020236,50.9762,16,"facade","318621"
4.823292,51.24126,20,"facade","318627"
4.66286640257439,50.8677977089129,26.5,"facade","318636"
5.128239,51.09191,17.5,"facade","318645"
5.321059,51.03253,17,"facade","318648"
5.077833,50.75399,16.1,"facade","318657"
3.755731,50.88697,19.4,"facade","318672"
4.403099,51.30565,27.9,"facade","318684"
4.762543,50.86271,31.7,"facade","318699"
4.399908,51.21174,36.3,"facade","318705"
4.947957,51.31744,18.7,"facade","318717"
4.368364,51.33195,23.2,"facade","318729"
3.724476,50.9798,24.9,"facade","318732"
4.942883,51.31533,24.3,"facade","318735"
4.402572,51.30665,22.2,"facade","318738"
3.95099,50.88058,14.9,"facade","318747"
4.369449,51.33465,19.6,"facade","318756"
5.242217,51.03112,17.8,"facade","318768"
4.329792,50.93802,30,"facade","318783"
4.692344,51.35593,23.7,"facade","318795"
4.358709,51.17019,29.4,"facade","318801"
3.256254,50.84352,25.9,"facade","318804"
2.614591,50.85333,15.8,"facade","318813"
3.75291,51.22605,20.1,"facade","318828"
3.744433,51.03728,44.4,"facade","318843"
5.05160492973432,50.9901861720069,24.1,"facade","318855"
4.734495,51.08928,17.3,"facade","318867"
5.11412,51.23919,19.4,"facade","318888"
2.970786,51.16002,22.5,"facade","318897"
5.303545,51.01802,16.7,"facade","318900"
4.284252,50.87651,35.4,"facade","318903"
4.933473,51.2632,14.9,"facade","318906"
3.863754,51.13315,25.4,"facade","318909"
4.925045,51.31749,16.9,"facade","318912"
4.111882,50.79957,16.5,"facade","318915"
4.239123,51.0981,23.5,"facade","318933"
5.235227,51.02774,19,"facade","318945"
4.219415,50.87907,29.2,"facade","318963"
4.33374864148764,50.752101078411,18,"facade","318966"
3.100516,50.80144,21.6,"facade","318969"
4.219231,50.88032,24.7,"facade","318975"
3.88696,51.14365,18.6,"facade","318981"
5.538071,51.24823,17,"facade","318984"
4.486013,51.24581,22.6,"facade","318993"
4.564602,51.14072,24.5,"facade","318999"
5.165624,51.17599,17.1,"facade","319008"
4.747922,50.86751,15.7,"facade","319011"
3.647036,51.12735,20.3,"facade","319026"
3.76745,51.07919,21.2,"facade","319032"
5.314113,51.22984,19.2,"facade","319035"
4.470068,50.78721,19.5,"facade","319038"
2.776654,51.16848,22.5,"facade","319050"
3.881476,50.85758,17,"facade","319065"
2.940393,51.2407,24.9,"facade","319068"
5.520682,51.18512,17.2,"facade","319071"
4.449208,51.15565,31.8,"facade","319077"
4.745949,51.16177,23.9,"facade","319086"
3.500523,50.95961,18.6,"facade","319098"
3.995853,51.10492,26.4,"facade","319101"
4.48521,51.03511,30.4,"facade","319104"
3.33384,50.9209,19.8,"facade","319119"
3.850621,50.92833,18.4,"facade","319122"
4.031146,50.72853,17.9,"facade","319125"
3.006951,51.12435,29.3,"facade","319128"
4.663125,51.0092,17.7,"facade","319149"
4.694935,50.92413,25.1,"facade","319152"
4.730896,51.09972,39.8,"facade","319155"
3.749312,51.22303,20.7,"facade","319158"
4.051655,50.91675,24.6,"facade","319224"
3.744793,50.99919,23.5,"facade","319230"
3.131113,50.93547,27.3,"facade","319251"
3.249861,51.22982,18.9,"facade","319254"
4.550356,50.87872,24.7,"facade","319260"
4.698189,50.88422,29.2,"facade","319263"
4.672841,50.85209,20.5,"facade","319266"
3.133156,50.9373,17.8,"facade","319275"
4.467565,51.17444,23.2,"facade","319293"
3.323408,50.90116,19,"facade","319305"
4.836779,50.82609,16,"facade","319311"
4.192531,50.8616,19.8,"facade","319326"
5.359839,50.96475,18.2,"facade","319329"
4.433423,51.30559,30.2,"facade","319335"
5.151012,51.04014,17.2,"facade","319344"
3.220998,51.03622,17.3,"facade","319359"
5.274515,51.05968,16.9,"facade","319362"
2.88327,51.08226,18.6,"facade","319371"
5.299677,50.84088,14.9,"facade","319374"
3.70497,51.02592,24.5,"facade","319377"
4.444918,51.45408,20.5,"facade","319395"
4.962943,51.33059,25,"facade","319404"
3.610934,51.08907,21.5,"facade","319413"
4.506254,51.24488,19,"facade","319419"
2.747979,51.12879,27.5,"facade","319434"
5.426974,50.88949,23.6,"facade","319455"
3.109174,51.07448,20.7,"facade","319458"
5.349919,50.92973,30,"facade","319461"
2.678679,51.12766,19.9,"facade","319470"
4.439274,51.21338,44.6,"facade","319476"
4.421148,51.31421,18.7,"facade","319485"
3.855772,50.8938,19.4,"facade","319503"
4.443595,51.27413,22.2,"facade","319530"
4.465627,51.02844,23.2,"facade","319593"
4.318721,51.07883,20.3,"facade","319596"
3.612011,51.03518,25.3,"facade","319599"
5.08343,51.19111,15.4,"facade","319608"
5.323524,50.92945,21.1,"facade","319614"
3.341456,50.99795,29.6,"facade","319617"
4.632305,50.95928,21.6,"facade","319620"
3.33359299133226,51.1279603577164,26.2,"facade","319623"
4.438178,50.90525,36.9,"facade","319626"
3.488052,51.00073,19.3,"facade","319638"
4.172181,50.86967,22.6,"facade","319641"
3.282042,50.84806,24,"facade","319644"
3.014288,50.89496,16.8,"facade","319647"
4.676414,51.03759,22.8,"facade","319650"
4.440469,51.12604,29.8,"facade","319653"
4.754019,50.8884,24.9,"facade","319659"
5.703714,50.96368,20.5,"facade","319662"
5.447264,50.77745,28.5,"facade","319665"
3.978999,50.92511,33.9,"facade","319671"
4.994405,51.17422,16.9,"facade","319707"
3.684737,51.11801,27.7,"facade","319716"
4.386622,51.32966,19,"facade","319734"
4.041652,50.93644,27.8,"facade","319746"
3.235627,51.22498,24.5,"facade","319755"
4.435238,51.21268,38.7,"facade","319758"
4.743881,51.10421,17.1,"facade","319767"
4.910063,51.20947,17.4,"facade","319770"
2.983349,51.15765,21.1,"facade","319773"
4.545128,51.01795,16.9,"facade","319776"
3.730115,51.07696,26.9,"facade","319779"
3.356595,51.08917,16.6,"facade","319782"
4.139272,50.94895,18.6,"facade","319788"
3.275616,50.81834,22.9,"facade","319791"
4.328639,50.96944,20.9,"facade","319797"
5.421196,51.22531,15.9,"facade","319815"
4.808691,51.18018,15.1,"facade","319830"
2.860788,51.02118,20.1,"facade","319854"
4.328469,51.19939,26.5,"facade","319863"
3.280419,50.77844,21.2,"facade","319872"
4.701543,50.86833,24.3,"facade","319887"
5.003468,51.32781,15.8,"facade","319899"
4.465413,51.03006,35.8,"facade","319914"
4.974354,51.06694,22.5,"facade","319941"
3.972165,50.93495,16.5,"facade","319944"
4.340051,50.90735,36.1,"facade","319956"
3.694739,51.05886,25.2,"facade","319965"
4.634167,51.14288,23.5,"facade","319989"
4.065397,51.07484,17.5,"facade","319992"
4.52354670050189,51.2276493559396,38,"facade","319995"
2.724723,51.15132,21.4,"facade","320007"
5.456492,51.25442,12.8,"facade","320022"
3.390279,51.01854,18.7,"facade","320037"
4.4334704540704,50.9073123628237,29.4,"facade","320046"
4.580912,51.29246,25.5,"facade","320058"
4.042583,51.21937,21.3,"facade","320064"
4.696533,51.23994,25.4,"facade","320067"
4.474265,51.21916,30.4,"facade","320073"
3.139584,51.31606,26.8,"facade","320082"
3.205442,50.99442,15.1,"facade","320091"
5.559514,50.9258,16,"facade","320094"
4.321221,51.04731,22.9,"facade","320133"
3.770374,51.07059,25.5,"facade","320148"
3.129909,51.02581,21,"facade","320175"
2.733125,51.13691,18.2,"facade","320202"
3.760262,51.03586,32.9,"facade","320208"
3.815853,50.87054,28,"facade","320211"
3.818111,50.80152,16.5,"facade","320241"
4.77567,51.04512,19.5,"facade","320253"
4.707954,50.87016,27.6,"facade","320259"
5.051799,51.05611,14.5,"facade","320271"
3.334739,50.99324,18.5,"facade","320274"
4.56907428705417,51.0170528273805,17.9,"facade","320277"
2.963565,51.24074,20.9,"facade","320292"
4.667543,50.90787,23.3,"facade","320295"
5.481028,50.78636,18.4,"facade","320307"
3.605752,50.84398,23.6,"facade","320328"
3.127191,50.7879,33.1,"facade","320355"
5.366988,50.98788,40,"facade","320358"
4.689985,51.16996,18.2,"facade","320370"
4.712823,50.87701,22.4,"facade","320409"
3.56477050194323,51.1237949795799,19.6,"facade","320412"
4.564242,51.09856,22.1,"facade","320415"
4.728278,50.85095,17.2,"facade","320418"
4.456965,51.20244,27.9,"facade","320421"
3.91224,51.04193,23.9,"facade","320424"
4.181679,50.87208,23.9,"facade","320433"
4.553857,50.93385,17,"facade","320436"
3.807488,50.87089,35,"facade","320439"
5.676413,50.90347,15.2,"facade","320442"
4.435998,51.03839,29,"facade","320454"
4.897022,51.2432,20.2,"facade","320469"
3.698367,51.06009,22.3,"facade","320487"
4.346801,51.20165,42.8,"facade","320499"
3.670308,51.0813,24.2,"facade","320505"
4.692849,50.8711,31.7,"facade","320514"
5.595849,51.13882,21,"facade","320526"
3.602976,51.01067,17.9,"facade","320535"
4.369067,50.92688,21.3,"facade","320604"
4.738669,50.87922,17.3,"facade","320607"
4.847091,51.14562,22.2,"facade","320637"
5.015743,51.16247,18.1,"facade","320640"
3.722394,51.11865,23.5,"facade","320646"
5.302757,50.9411,29.6,"facade","320649"
4.36595,51.03684,25.7,"facade","320673"
3.729687,51.05374,26.7,"facade","320679"
4.463722,50.76799,23.8,"facade","320685"
3.608058,50.74893,19.7,"facade","320697"
5.342446,50.79979,16.6,"facade","320700"
4.740074,50.89038,17.4,"facade","320703"
3.729241,51.08042,29.5,"facade","320706"
4.409842,51.20684,46.1,"facade","320715"
5.642206,50.82519,17.6,"facade","320718"
3.226713,51.22097,33.9,"facade","320736"
5.335158,50.91984,17.2,"facade","320745"
4.57169,51.27047,16.5,"facade","320766"
5.138384,51.16766,17,"facade","320790"
3.267024,50.79089,20.1,"facade","320799"
4.135432,51.08303,18.1,"facade","320814"
5.557675,50.78579,16.8,"facade","320820"
4.835008,51.07881,18.2,"facade","320823"
3.241326,51.22389,24.8,"facade","320829"
5.668,50.94771,16.5,"facade","320835"
4.137453,50.84674,18.2,"facade","320847"
4.55325,51.26328,37.6,"facade","320868"
4.093991,51.02125,20.2,"facade","320883"
4.097958,50.8634,19.2,"facade","320910"
3.713279,51.05348,22.7,"facade","320916"
4.082482,51.01873,20.1,"facade","320925"
3.873746,50.77107,38,"facade","320928"
4.091325,50.98856,19.3,"facade","320937"
3.073826,51.2123,21.5,"facade","320940"
3.52875,50.90527,41.8,"facade","320943"
3.636268,50.99831,21.5,"facade","320946"
4.55293,51.25944,19,"facade","320949"
3.670609,50.98745,22.5,"facade","320955"
4.245991,50.85287,20.8,"facade","320958"
3.7812829215302,50.7693800272944,18.6,"facade","320970"
4.733415,50.86482,18.9,"facade","320976"
3.572439,50.81542,18.2,"facade","320979"
4.070179,50.91769,21,"facade","320985"
4.741097,50.93549,31.1,"facade","320997"
4.982173,51.34989,19.5,"facade","321003"
4.424579,51.19586,41.6,"facade","321012"
3.743569,51.03492,33.7,"facade","321015"
4.479605,50.91282,24,"facade","321030"
3.852169,51.03022,21.4,"facade","321033"
5.200786,50.98794,21.8,"facade","321036"
2.966551,51.20158,22.6,"facade","321042"
3.116269,51.30787,25.8,"facade","321051"
3.446042,50.84972,18.8,"facade","321072"
3.980917,50.69271,15.8,"facade","321084"
3.232624,50.82485,35.1,"facade","321096"
3.83753,51.0938,19.7,"facade","321099"
5.345571,51.04711,14.4,"facade","321111"
4.534902,51.03714,19,"facade","321123"
4.832196,50.98737,26.7,"facade","321144"
4.660009,50.99452,15.7,"facade","321150"
5.249114,51.12873,18.3,"facade","321168"
2.691403,51.05699,20.7,"facade","321171"
3.697747,50.85941,15,"facade","321192"
2.968969,51.23198,21.9,"facade","321207"
4.29634384151685,50.7304926125348,22.1,"facade","321219"
4.99924,51.24364,18.3,"facade","321222"
4.435772,51.20931,40.9,"facade","321228"
3.328287,50.96477,24.1,"facade","321234"
4.389305,51.10612,21.7,"facade","321240"
3.616676,51.10902,20.2,"facade","321261"
3.275685,50.82441,23.3,"facade","321273"
4.560376,50.90095,22.9,"facade","321276"
3.190828,50.98224,21.4,"facade","321285"
4.095238,50.87397,23,"facade","321327"
3.961921,50.96276,18.4,"facade","321330"
2.718743,51.01403,20.7,"facade","321333"
3.189572,50.944,19,"facade","321336"
4.954643,50.79862,21,"facade","321339"
5.11012,50.85578,16.4,"facade","321345"
3.156452,50.84415,18.2,"facade","321357"
3.994079,51.11944,16.7,"facade","321366"
4.381177,51.14192,35.8,"facade","321378"
4.279157,51.22024,34.9,"facade","321384"
3.2113,51.27049,24.9,"facade","321408"
2.590557,51.09601,19.1,"facade","321420"
3.15171088864735,50.9355234581751,24,"facade","321429"
3.92398,50.74069,15.2,"facade","321432"
5.341044,50.8805,18.7,"facade","321438"
4.52142,51.3187,18.9,"facade","321441"
3.880336,51.00541,24.3,"facade","321456"
3.997339,51.10274,22.8,"facade","321459"
4.690683,50.87628,35.3,"facade","321465"
3.20355,51.19514,23.1,"facade","321477"
5.480658,50.84814,16.7,"facade","321480"
4.992185,51.26497,15.9,"facade","321483"
4.7945,51.27652,15,"facade","321489"
5.527854,50.97972,19.4,"facade","321492"
4.134774,50.93157,19,"facade","321498"
4.279482,50.72438,18.5,"facade","321504"
4.48298,51.14591,19.1,"facade","321507"
4.164336,50.90229,16.8,"facade","321510"
4.573871,51.31905,20,"facade","321528"
3.708182,51.04032,23,"facade","321531"
3.699281,51.04108,20.3,"facade","321537"
2.960555,51.23626,23.9,"facade","321540"
3.713453,51.01776,22.8,"facade","321543"
3.711317,51.00652,30.1,"facade","321546"
4.920444,50.83475,17.4,"facade","321564"
4.486192,51.16518,24.3,"facade","321567"
5.50213,50.9699,24.1,"facade","321576"
5.690053,50.91938,19.5,"facade","321579"
4.727353,50.87355,21.1,"facade","321582"
5.26487012294323,50.9516161081796,21.6,"facade","321591"
4.630195,51.05969,19.5,"facade","321624"
4.029896,50.93396,26.7,"facade","321627"
4.594558,50.8847,20.1,"facade","321636"
4.61992,50.93842,30.6,"facade","321672"
5.360523,50.98578,21.8,"facade","321687"
5.106311,51.18658,18.3,"facade","321693"
2.742236,50.93455,19.4,"facade","321699"
2.71623543310244,51.1414660302351,20.3,"facade","321705"
4.464188,51.22344,32.3,"facade","321711"
4.701171,50.8274,25.3,"facade","321723"
5.162268,50.88763,15.9,"facade","321726"
3.638384,51.05011,19.4,"facade","321738"
4.108308,50.95033,17.5,"facade","321750"
4.398546,51.10594,23.3,"facade","321753"
4.434226,51.19193,36.4,"facade","321759"
4.520712,51.4273,16.5,"facade","321765"
4.36868,51.10144,35.6,"facade","321774"
5.232521,50.95552,16,"facade","321798"
5.415661,51.13162,16.1,"facade","321804"
3.74864,51.22558,23.8,"facade","321813"
4.560729,51.30792,25.4,"facade","321822"
3.348905,50.82396,22.8,"facade","321837"
3.964847,51.09301,17.3,"facade","321843"
3.341565,50.79704,18.3,"facade","321846"
3.749359,51.01279,22.8,"facade","321852"
4.544628,51.3517,26.9,"facade","321861"
4.42996,51.32092,18.9,"facade","321864"
3.20091,51.07319,19.6,"facade","321879"
4.4411,51.22162,36.1,"facade","321882"
4.869354,50.78369,17.3,"facade","321885"
4.849832,51.19395,22.8,"facade","321888"
4.07576757158499,50.8222854343999,17.5,"facade","321903"
3.750317,51.06776,25.3,"facade","321906"
3.441289,51.20935,22.1,"facade","321909"
4.451623,50.97999,19.9,"facade","321921"
3.768083,51.03516,27.4,"facade","321927"
3.81201,51.09021,25.2,"facade","321930"
5.092731,51.33479,16.4,"facade","321933"
3.746273,50.98152,21.8,"facade","321936"
5.364244,50.88914,16.4,"facade","321945"
3.024204,51.24086,23,"facade","321951"
4.711508,50.9392,15.8,"facade","321960"
3.131228,50.94173,31.5,"facade","321963"
4.095706,51.03163,25.4,"facade","321966"
5.440128,51.21471,17.3,"facade","321972"
4.048922,50.81188,19,"facade","321975"
2.970799,51.15709,24.2,"facade","321978"
4.148884,51.1197,19.2,"facade","321987"
4.23513,51.18032,33.3,"facade","321993"
4.499644,51.17756,21.5,"facade","321999"
5.339208,50.96275,16.1,"facade","322005"
3.208787,51.2072,25.7,"facade","322008"
5.418665,50.78364,16.4,"facade","322017"
3.665801,51.07154,18.9,"facade","322032"
4.035237,50.95708,24.6,"facade","322038"
3.594219,50.84899,20.6,"facade","322047"
4.731556,51.45629,20.2,"facade","322050"
3.904478,50.89533,20.1,"facade","322062"
4.435202,51.21736,34.8,"facade","322092"
3.72458,51.06069,51.1,"facade","322095"
2.907288,51.22328,30.7,"facade","322098"
3.44734,51.08709,30.7,"facade","322101"
4.452665,51.10127,24.2,"facade","322104"
3.642915,50.88902,19.9,"facade","322107"
3.761117,51.04935,23.5,"facade","322113"
5.48194,50.9036,16.3,"facade","322116"
4.509572,51.16537,20.8,"facade","322125"
4.4903,51.09169,24.5,"facade","322137"
5.42947517976007,50.9836263614104,15.7,"facade","322155"
3.388903,50.92883,17.6,"facade","322158"
4.922023,51.22013,15.9,"facade","322167"
4.295687,50.98936,18.6,"facade","322170"
3.726623,51.08655,29.6,"facade","322173"
4.518562,51.22694,34.8,"facade","322179"
3.589039,51.28647,18.6,"facade","322182"
3.07490887673388,51.0931200515034,17.3,"facade","322191"
5.354912,51.00446,20.3,"facade","322194"
3.983613,50.7379,16,"facade","322197"
5.528987,51.00218,16.5,"facade","322200"
3.36289,50.80923,19.5,"facade","322206"
5.771711,51.16103,17.2,"facade","322215"
5.256843,51.22685,14.8,"facade","322218"
3.245342,50.76537,18.7,"facade","322224"
4.182209,51.28991,22.4,"facade","322233"
4.766948,51.15767,20,"facade","322239"
3.160416,51.10122,20,"facade","322242"
4.137737,50.74069,15.9,"facade","322245"
3.365646,50.75345,24,"facade","322251"
4.401757,51.19591,33.3,"facade","322254"
3.954325,50.88154,23.5,"facade","322257"
5.054853,50.98981,17.5,"facade","322281"
4.918844,51.22459,36.8,"facade","322284"
5.533574,50.79491,20.3,"facade","322293"
4.992727,51.38113,16.6,"facade","322305"
5.281472,50.8119,20.1,"facade","322320"
5.35884,50.87915,22.8,"facade","322323"
5.303973,50.75283,15.4,"facade","322335"
3.55881,51.12359,21,"facade","322338"
4.254541,50.98236,27,"facade","322353"
3.021808,50.90385,26,"facade","322359"
3.035338,50.98962,18.7,"facade","322362"
4.483703,51.1066,21,"facade","322365"
5.619052,51.01859,15.8,"facade","322368"
3.630419,51.01856,18.9,"facade","322383"
3.991351,51.02083,18.3,"facade","322398"
5.177404,50.81953,19.1,"facade","322404"
5.042841,51.01547,14.7,"facade","322407"
5.586037,50.86066,17.8,"facade","322413"
5.373889,51.23293,17.8,"facade","322416"
3.13987303710116,51.1879465772105,20.9,"facade","322425"
2.599548,51.07559,21,"facade","322428"
4.062549,51.00955,42.2,"facade","322458"
5.58363,51.14582,23.1,"facade","322461"
4.42331,51.23363,42.9,"facade","322467"
4.24875854816488,51.020220954407,23.8,"facade","322473"
3.286482,50.80941,21.8,"facade","322476"
4.507646,50.81382,16,"facade","322482"
2.957375,50.92255,18.5,"facade","322491"
3.329598,51.10284,18.9,"facade","322503"
3.181651,50.87047,19.5,"facade","322506"
3.1934,51.29497,27.5,"facade","322515"
5.31399,50.8761,18,"facade","322521"
5.43026438140999,50.8404130671358,15.6,"facade","322524"
4.233239,50.95369,19.8,"facade","322539"
3.63557,50.87067,18.2,"facade","322557"
4.955183,51.31439,23.4,"facade","322572"
4.458251,51.16071,26.6,"facade","322590"
4.021969,51.14971,17.1,"facade","322593"
3.629742,51.03467,25.9,"facade","322596"
5.470821,50.89323,23.7,"facade","322599"
4.682969,50.8832,66.4,"facade","322605"
5.051422,51.16306,16.6,"facade","322617"
5.16966,50.92903,18.3,"facade","322623"
5.537167,50.81565,18.1,"facade","322632"
4.616965,50.75536,13.8,"facade","322638"
4.953593,50.82086,19.8,"facade","322653"
4.325945,51.11782,21.9,"facade","322665"
3.12824,50.94813,24.3,"facade","322674"
3.568194,50.98382,21.9,"facade","322680"
4.532061,50.99692,18.9,"facade","322698"
4.10304,51.05477,16.4,"facade","322713"
4.288477,51.13813,20.8,"facade","322716"
4.294529,51.21911,30,"facade","322719"
4.433788,51.20238,46.9,"facade","322728"
4.127834,51.11386,22.9,"facade","322752"
4.858598,51.35862,23,"facade","322761"
2.718628,50.81594,16.1,"facade","322770"
4.475521,51.15311,23.9,"facade","322773"
5.442346,50.74522,15.2,"facade","322782"
4.624025459219,50.8964044968858,25.6,"facade","322791"
5.596796,51.213,17.5,"facade","322806"
3.069914,50.89459,16.3,"facade","322809"
3.183319,51.20155,22.3,"facade","322815"
3.024178,51.14266,18.3,"facade","322830"
3.70775,51.03299,28.8,"facade","322833"
4.70809,51.14043,16.9,"facade","322836"
5.390305,51.02381,16.3,"facade","322842"
4.719803,50.88805,21.3,"facade","322845"
4.557222,51.39233,19.3,"facade","322851"
4.955787,50.85039,16,"facade","322857"
5.269953,51.10839,13.9,"facade","322911"
3.287617,50.8105,21.5,"facade","322914"
5.270197,51.06041,25.9,"facade","322923"
3.274243,50.83353,24,"facade","322935"
5.571106,50.87176,16.7,"facade","322962"
4.03875,51.07247,24.1,"facade","322971"
5.093979,50.76298,15.6,"facade","322974"
3.988685,51.10172,31.1,"facade","322980"
4.681601,50.81699,15,"facade","322983"
3.772407,51.10585,21.7,"facade","322989"
4.224725,50.70817,22,"facade","322992"
4.361712,50.93203,21.8,"facade","323001"
2.876984,50.84556,25.7,"facade","323007"
3.720219,51.04154,52.7,"facade","323013"
4.040188,51.20543,26.7,"facade","323016"
4.650404,50.79882,15.8,"facade","323022"
2.8158341471102,51.1839250229693,20,"facade","323031"
5.700931,50.99712,17.4,"facade","323037"
4.275662,50.79939,22.3,"facade","323043"
2.892881,51.20781,20.4,"facade","323049"
2.95956521813975,51.0095776266576,20.6,"facade","323061"
3.210552,51.21014,25.5,"facade","323064"
3.919104,50.87011,15.3,"facade","323067"
4.74356,50.89628,14.6,"facade","323073"
4.172134,51.00138,25.3,"facade","323076"
5.154,50.80403,18.4,"facade","323085"
3.548424,51.19284,20.6,"facade","323091"
4.510976,51.10159,26.7,"facade","323115"
3.198629,51.11561,20.4,"facade","323118"
4.342614,50.77073,19,"facade","323124"
4.015895,50.73581,17.1,"facade","323130"
4.714413,50.88277,36.8,"facade","323166"
4.412398,51.22193,38.4,"facade","323175"
3.233798,51.15584,24,"facade","323178"
2.756436,50.86533,17.1,"facade","323181"
3.17279576714467,51.1333817607202,20.2,"facade","323196"
4.308355,51.16999,25.9,"facade","323220"
3.645192,51.0019,21.1,"facade","323223"
4.479039,51.37383,17.7,"facade","323235"
3.077094,50.80998,30.3,"facade","323247"
3.73924,51.04782,27.6,"facade","323250"
3.724901,51.05925,27.8,"facade","323259"
4.408546,51.10843,29.5,"facade","323268"
5.0053,51.06632,15.3,"facade","323283"
4.030997,51.06087,21.6,"facade","323286"
3.257661,51.12437,23.8,"facade","323295"
3.761489,51.07151,23.6,"facade","323307"
2.716952,51.14114,17.7,"facade","323319"
4.483025,51.13275,21.5,"facade","323322"
3.234125,51.1206,15.6,"facade","323331"
5.557774,50.7911,16.9,"facade","323337"
5.102658,50.83405,24.5,"facade","323340"
4.565932,51.13437,37.5,"facade","323352"
4.581578,51.1265,28.1,"facade","323370"
5.465712,50.80015,17.7,"facade","323376"
5.687288,50.99422,18.8,"facade","323379"
4.826177,51.12245,21.5,"facade","323382"
4.123727,51.16738,24.4,"facade","323397"
4.878186,51.35471,16.2,"facade","323403"
5.04888,50.98797,22.4,"facade","323406"
4.338297,50.74915,18.5,"facade","323415"
4.282775,51.10444,19.6,"facade","323430"
4.807865,51.17892,17.3,"facade","323439"
4.461193,51.26935,26.7,"facade","323445"
5.054151,51.13205,18.2,"facade","323463"
3.884153,50.99626,21.4,"facade","323478"
5.560297,51.20641,17.3,"facade","323481"
3.555813,50.98278,24.6,"facade","323484"
3.61662,51.03964,45.2,"facade","323490"
4.408024,51.19776,36.2,"facade","323493"
4.25501,50.71759,27.6,"facade","323508"
4.04236,50.73013,15.6,"facade","323517"
3.763355,51.06949,26.3,"facade","323535"
4.027968,51.21615,19.7,"facade","323538"
4.159188,50.8064,31.9,"facade","323541"
3.485742,51.09223,19.2,"facade","323544"
2.861486,50.91183,18.3,"facade","323547"
3.22508407732992,51.156917519806,23.4,"facade","323550"
5.670699,51.09759,16.1,"facade","323553"
4.979353,51.37701,15.5,"facade","323565"
3.164161,50.81875,21.5,"facade","323613"
2.802927,50.98461,17.5,"facade","323619"
4.444704,51.20042,35.7,"facade","323628"
4.94114,51.32214,36.8,"facade","323637"
4.432306,51.15739,23.2,"facade","323643"
4.581086,50.90962,17.1,"facade","323652"
3.88219,51.00387,34.5,"facade","323658"
4.275989,50.84492,52.2,"facade","323667"
3.32211,51.12604,22.2,"facade","323673"
2.859095,51.03011,19.6,"facade","323682"
4.639119,51.32865,21.1,"facade","323688"
5.199177,50.82671,35.7,"facade","323691"
2.976885,51.2072,23.4,"facade","323697"
4.236179,51.09951,33.4,"facade","323709"
5.531509,50.8887,17.7,"facade","323718"
3.146426,50.83274,19,"facade","323730"
5.075394,51.13653,16,"facade","323736"
4.483987,51.19941,26.6,"facade","323742"
3.787648,50.88752,23.6,"facade","323748"
4.101634,51.02414,23,"facade","323751"
4.475392,50.76654,20.9,"facade","323754"
3.283976,50.95005,25.7,"facade","323757"
4.65371197676999,50.9039500696929,19.9,"facade","323760"
3.767101,51.08444,23.3,"facade","323769"
5.136816,51.13824,14.6,"facade","323775"
3.400126,50.77533,15.6,"facade","323790"
4.824473,51.23974,20.5,"facade","323799"
3.513047,50.83338,16.8,"facade","323805"
5.703995,50.92259,16.3,"facade","323817"
4.329651,51.10768,30.2,"facade","323823"
5.327992,50.91675,21.4,"facade","323829"
4.57723650698771,51.1293871922967,39.2,"facade","323832"
3.33479255455353,51.2253584404926,19,"facade","323835"
4.099359,51.03331,22.1,"facade","323838"
3.983442,50.72672,15.5,"facade","323844"
4.396775,51.19896,32,"facade","323847"
3.042016,51.02539,23.8,"facade","323853"
4.568853,51.12869,20.8,"facade","323859"
3.533886,51.15254,18.9,"facade","323862"
4.446202,51.2691,24.1,"facade","323871"
5.328633,50.93237,32.5,"facade","323874"
3.733095,50.8778,19.7,"facade","323880"
4.848062,51.31358,17.4,"facade","323883"
4.412471,51.19649,30.1,"facade","323886"
4.704797,50.87292,29.2,"facade","323889"
3.688623,51.06716,20.9,"facade","323901"
4.910274,50.84188,17.3,"facade","323910"
5.48018600355899,51.0247074840274,18.6,"facade","323913"
4.332367,50.95734,20.1,"facade","323916"
4.912024,51.08855,23.8,"facade","323919"
4.051792,50.98462,20.2,"facade","323922"
5.076532,50.75952,24.3,"facade","323934"
5.209619,50.73547,16.3,"facade","323940"
4.675261,51.01134,15.7,"facade","323949"
3.781046,51.06745,22.4,"facade","323958"
3.238929,50.82627,30,"facade","323961"
3.396349,50.93457,18.2,"facade","323967"
4.403422,51.21988,32.9,"facade","323976"
4.133416,51.16336,32.4,"facade","323979"
4.514391,50.82426,23.6,"facade","323985"
3.365418,50.82461,20.5,"facade","323994"
3.884412,50.85508,30.9,"facade","324006"
5.222597,51.04542,18.9,"facade","324015"
4.282031,51.25342,31.6,"facade","324018"
3.727244,51.04777,32.1,"facade","324024"
5.081023,50.74511,20.2,"facade","324027"
5.290222,50.83748,16.9,"facade","324033"
4.607118,51.25517,16,"facade","324048"
5.298919,51.23248,18.1,"facade","324087"
4.504539,51.04642,34.7,"facade","324093"
5.713224,51.0837,18.9,"facade","324096"
5.505923,50.95007,16.7,"facade","324099"
3.122386,51.31488,30,"facade","324108"
5.80181620586781,51.1488989475869,15.9,"facade","324114"
4.31793,51.19635,31.4,"facade","324117"
5.475153,50.85,18.4,"facade","324135"
4.80169,50.94818,16.1,"facade","324150"
4.349189,51.19784,31.3,"facade","324168"
5.714979,50.97357,18.1,"facade","324177"
4.527579,51.0663,21.2,"facade","324189"
4.376333,51.18796,47.1,"facade","324192"
3.01684,50.90546,19.8,"facade","324219"
4.073592,50.85637,21.2,"facade","324225"
4.403988,51.21114,32.4,"facade","324234"
5.071029,50.75022,18.4,"facade","324255"
4.72413545939616,50.9420725140288,19,"facade","324258"
3.39599,51.21342,20.8,"facade","324273"
3.071638,51.16705,16.8,"facade","324291"
4.30729298027447,50.9493612256642,28.5,"facade","324309"
5.135105,50.75007,17.4,"facade","324318"
4.73572,50.88183,21.1,"facade","324327"
4.550185,50.941,21,"facade","324330"
4.548516,50.94136,19.4,"facade","324339"
4.560552,50.92054,15.6,"facade","324348"
4.309508,51.00328,22.3,"facade","324360"
4.564756,50.94635,17.5,"facade","324366"
5.000707,50.90664,13.2,"facade","324369"
4.537408,50.9295,18.1,"facade","324375"
3.516102,50.82297,19.8,"facade","324378"
4.875195,50.86386,16.9,"facade","324387"
3.980262,50.78652,16.2,"facade","324396"
4.582399,50.9464,17.3,"facade","324405"
4.321843,51.35223,21.3,"facade","324408"
3.625961,50.81197,17.1,"facade","324411"
4.617214,50.93686,19.4,"facade","324432"
4.987645,51.25134,16.1,"facade","324435"
4.205318,50.90755,42.8,"facade","324441"
4.231979,50.83328,21.9,"facade","324453"
4.045488,51.20381,19.3,"facade","324456"
3.198978,51.2213,21.5,"facade","324471"
3.288075,50.94948,20.1,"facade","324477"
5.479919,51.25416,16.8,"facade","324480"
5.416239,51.24866,15.8,"facade","324483"
3.222587,51.19999,23.5,"facade","324489"
5.545584,51.25115,18.8,"facade","324501"
3.72879,51.04392,25.2,"facade","324504"
3.65275,50.90676,19.7,"facade","324510"
3.246321,51.21883,19.6,"facade","324513"
2.900285,50.76465,18.4,"facade","324516"
4.909197,50.936,20.2,"facade","324519"
3.744937,50.99238,21.1,"facade","324522"
3.2316,51.21957,24.1,"facade","324525"
5.441589,50.97585,17.2,"facade","324528"
3.214691,51.1857,19.2,"facade","324531"
3.247222,51.18545,20.1,"facade","324534"
4.714081,51.06237,22.4,"facade","324537"
3.592865,50.74669,17.6,"facade","324540"
3.796687,51.05597,23.9,"facade","324558"
3.732531,50.93254,22.1,"facade","324564"
4.867628,51.26684,23,"facade","324573"
4.49633,50.96755,26.1,"facade","324582"
4.787784,51.26449,16.9,"facade","324600"
4.209835,51.1712,20.9,"facade","324603"
4.448747,51.21949,44.2,"facade","324606"
4.486399,51.00951,22.2,"facade","324660"
4.035487,50.94158,38.8,"facade","324675"
3.500016,50.90055,20.8,"facade","324702"
4.693689,51.29716,20.6,"facade","324714"
4.407609,51.22162,34.2,"facade","324723"
4.002072,50.86617,15.8,"facade","324726"
4.449064,51.25821,29.3,"facade","324729"
3.862154,51.17068,23.7,"facade","324732"
3.850177,51.03008,19.9,"facade","324744"
4.467695,51.17308,18.8,"facade","324762"
4.534694,50.7702,17.9,"facade","324765"
4.637198,51.15642,17,"facade","324774"
4.563599,51.13623,28,"facade","324783"
3.28568,51.34464,33.8,"facade","324825"
4.23079,50.97797,20.6,"facade","324840"
5.58256,51.09191,15.4,"facade","324843"
5.150695,50.85432,18.7,"facade","324846"
4.054198,50.9164,20.7,"facade","324849"
4.308575,50.95073,29,"facade","324855"
5.721113,50.94144,20.9,"facade","324873"
5.0558,50.98554,19.3,"facade","324876"
5.406921,50.90947,18.7,"facade","324879"
4.42997118801941,51.2105665169007,34.4,"facade","324891"
4.840158,51.32613,21.2,"facade","324894"
5.696635,50.96355,24.9,"facade","324897"
3.877421,50.76959,25.4,"facade","324909"
4.156958,50.84603,18.9,"facade","324942"
4.43207,51.30874,25.9,"facade","324945"
4.398524,51.35001,29.2,"facade","324948"
3.584879,51.18371,19.6,"facade","324951"
5.190125,51.06002,18.4,"facade","324957"
4.453037,51.31143,17.6,"facade","324960"
4.450041,51.18633,29.3,"facade","324993"
5.19091,50.81467,20,"facade","324996"
4.392538,51.16643,29.5,"facade","325005"
4.115559,50.88264,20.3,"facade","325017"
3.800729,51.00474,20.4,"facade","325029"
2.972296,51.1963,21.4,"facade","325047"
3.879432,50.88021,18.6,"facade","325050"
5.39777541870039,50.8034854509649,16.3,"facade","325053"
4.373426,51.14103,25.9,"facade","325059"
4.018834,50.83672,32.2,"facade","325065"
4.385814,51.13341,26.5,"facade","325068"
5.718863,51.08326,16.7,"facade","325074"
4.384511,51.1341,27.8,"facade","325077"
4.381963,51.14428,30.9,"facade","325095"
4.399932,51.13815,25.7,"facade","325107"
4.38795,51.1347,29.6,"facade","325113"
4.552,51.13413,23.4,"facade","325119"
4.995611,50.8322,15.8,"facade","325125"
4.730487,50.87351,24.4,"facade","325128"
4.777302,50.9482,21.1,"facade","325131"
3.139853,50.95152,28.6,"facade","325140"
5.210559,50.72726,16.4,"facade","325152"
3.283732,50.81934,23.9,"facade","325158"
4.684079,51.13609,20.3,"facade","325161"
4.958183,50.76916,16.4,"facade","325176"
4.726018,50.83001,18.7,"facade","325197"
3.86653,50.76644,21.8,"facade","325215"
5.430888,50.9078,22.5,"facade","325218"
4.494486,50.99958,19.2,"facade","325227"
4.59287,50.84523,19.7,"facade","325233"
5.121147,51.19016,23.5,"facade","325239"
3.25362,51.21638,17.8,"facade","325281"
4.585308,51.03446,18.5,"facade","325299"
3.274187,50.83889,21.7,"facade","325302"
5.186192,50.85885,14.3,"facade","325311"
4.429198,51.15722,27,"facade","325323"
4.448828,51.15126,21,"facade","325335"
4.245223,50.92273,20.3,"facade","325338"
3.495764,51.13784,12.5,"facade","325344"
5.083732,51.28565,15.9,"facade","325347"
4.672514,51.05773,32.8,"facade","325350"
3.952752,50.78641,15.1,"facade","325353"
3.726765,51.03462,27.7,"facade","325359"
4.211024,50.9015,22.1,"facade","325362"
4.231538,50.74161,22.9,"facade","325365"
4.42914,51.02233,22.4,"facade","325368"
3.701754,51.03921,24,"facade","325383"
3.261918,51.34355,22.6,"facade","325392"
2.672405,50.94054,19,"facade","325401"
2.714217,51.0136,20.6,"facade","325410"
3.147662,50.80076,23.6,"facade","325422"
4.478646,51.19881,29.4,"facade","325425"
5.789461,51.09858,17.5,"facade","325428"
3.897811,50.9602,20.2,"facade","325431"
5.138323,50.72254,15.1,"facade","325434"
4.245523,51.13479,21.1,"facade","325449"
4.998917,51.36778,17.2,"facade","325473"
4.695897,50.86189,39.7,"facade","325479"
4.400391,51.31492,22,"facade","325500"
5.017146,51.40999,17.5,"facade","325503"
4.977787,50.95338,22.9,"facade","325506"
4.39850058411163,51.2006277084569,33.4,"facade","325512"
3.74855,51.0627,22.6,"facade","325524"
4.026769,51.2403,19,"facade","325539"
3.112024,50.79683,32,"facade","325542"
4.538402,51.29851,23.6,"facade","325545"
4.137123,50.84958,17.8,"facade","325554"
3.288015,50.85187,25.5,"facade","325557"
3.610711,51.15354,20.8,"facade","325569"
5.093864,51.32761,26,"facade","325575"
5.41552,50.91024,25.9,"facade","325581"
3.23829,50.77202,20.3,"facade","325599"
5.399274,50.90387,16.1,"facade","325602"
4.726587,51.30991,17.6,"facade","325614"
3.439741,51.10295,32.7,"facade","325623"
3.217616,50.80107,25.4,"facade","325638"
3.239006,51.18091,22.6,"facade","325644"
4.23517,50.95382,18.2,"facade","325647"
3.719577,51.05664,26.5,"facade","325671"
3.21095330891357,51.3322500525378,41,"facade","325683"
5.545465,50.86456,17,"facade","325686"
3.577858,51.07513,24.1,"facade","325701"
4.576248,51.06138,21.8,"facade","325707"
3.410787,50.78245,39,"facade","325722"
4.670427,51.16054,29.1,"facade","325728"
3.098478,51.19116,23.9,"facade","325740"
4.908667,50.77372,17.9,"facade","325749"
4.307859,50.90823,23,"facade","325752"
2.648049,51.12335,16.6,"facade","325755"
5.106493,51.18315,20.1,"facade","325761"
3.907274,51.11956,17.2,"facade","325767"
3.612646,50.83659,23.6,"facade","325776"
5.232774,50.81185,24.6,"facade","325797"
3.976487,50.79689,13.9,"facade","325806"
3.675522,51.03337,18.1,"facade","325809"
3.694995,51.10102,20.3,"facade","325818"
4.482332,51.01974,58.3,"facade","325821"
3.172327,50.95892,22.8,"facade","325824"
4.393692,51.04704,27.7,"facade","325848"
4.448321,51.13626,28.6,"facade","325857"
3.165421,51.28206,24.7,"facade","325866"
4.180154,50.8706,21.8,"facade","325869"
2.948011,50.98052,17.9,"facade","325878"
5.42028051191727,50.9085974226106,40.6,"facade","325887"
5.08758,51.06793,28.5,"facade","325905"
4.614697,50.89359,16.4,"facade","325914"
4.712622,51.26588,28.2,"facade","325920"
5.250338,51.07255,16.9,"facade","325935"
3.245823,51.33375,21.2,"facade","325950"
4.778293,51.17275,18,"facade","325971"
4.642793,51.35408,21,"facade","325980"
5.006809,51.05487,14.7,"facade","326013"
4.785803,51.01609,20.6,"facade","326019"
4.4777,51.29095,20.1,"facade","326022"
5.055631,51.27188,19.3,"facade","326025"
5.42929,50.96447,14.9,"facade","326028"
2.910765,50.99575,23.7,"facade","326031"
3.793505,50.88506,18.5,"facade","326037"
2.910949,51.21868,25,"facade","326043"
5.674258,50.81287,20.7,"facade","326046"
5.100901,50.83193,15.7,"facade","326049"
4.214176,51.12476,28.3,"facade","326052"
4.312375,50.77662,18.7,"facade","326055"
4.788397,51.0758,28.7,"facade","326064"
3.620245,51.14789,22.8,"facade","326067"
4.700862,50.97287,17.2,"facade","326073"
4.35992,51.01311,23.9,"facade","326076"
4.679724,51.34581,31.1,"facade","326085"
3.428859,50.84714,19.3,"facade","326091"
3.22434,51.1444,24.4,"facade","326097"
4.065675,50.96901,24.1,"facade","326136"
5.473982,51.27357,18.2,"facade","326139"
3.752124,50.99806,25.8,"facade","326142"
3.274403,50.84475,23.8,"facade","326151"
2.650281,51.10546,25.7,"facade","326154"
5.201768,50.73575,19.4,"facade","326166"
4.635039,51.34733,24.7,"facade","326187"
3.983132,50.96073,20,"facade","326190"
4.40274162317484,51.2265488648062,35.7,"facade","326199"
4.922925,51.3225,18,"facade","326220"
4.359804,51.21703,37.5,"facade","326238"
5.196562,51.17279,15.1,"facade","326253"
4.955823,51.24043,21.6,"facade","326271"
3.44409539870526,50.7760525001844,19.9,"facade","326274"
4.953861,51.01213,17.3,"facade","326280"
4.376797,50.92914,19.4,"facade","326286"
3.44521,50.77122,26.7,"facade","326289"
4.421231,51.20193,33.4,"facade","326310"
4.637443,50.86889,19.5,"facade","326322"
4.41330341377844,51.3001049651852,21.4,"facade","326331"
4.445856,51.35025,14.5,"facade","326337"
4.270122,50.70783,19.2,"facade","326349"
5.132733,51.30487,17.9,"facade","326352"
3.821592,50.8359,19.9,"facade","326355"
5.124618,50.92999,26.8,"facade","326364"
4.194129,51.2209,27.2,"facade","326370"
3.267947,51.05654,21.5,"facade","326373"
5.127291,50.78468,15.2,"facade","326379"
3.66419,51.0508,28.7,"facade","326385"
2.877528,50.84974,25.8,"facade","326403"
4.253681,51.00223,18,"facade","326421"
4.331275,51.0885,25.5,"facade","326433"
4.324979,51.21574,30.8,"facade","326436"
3.332993,51.06636,17.7,"facade","326439"
3.277226,51.05812,26.2,"facade","326442"
4.520384,51.01204,18,"facade","326445"
4.89714,51.2558,13.8,"facade","326454"
3.750669,51.04938,28.6,"facade","326457"
4.224319,50.72042,25.1,"facade","326463"
4.209334,51.16049,23.3,"facade","326466"
3.867572,50.76851,22.4,"facade","326469"
4.34505,51.2015,35.5,"facade","326472"
4.77856864952144,50.9614896739819,17.9,"facade","326475"
5.700037,50.97681,56.4,"facade","326487"
4.536124,51.34785,17.5,"facade","326493"
5.050417,50.98471,19,"facade","326502"
5.406977,50.77426,14.1,"facade","326514"
3.176398,50.81223,21.2,"facade","326517"
5.286257,51.03119,21.2,"facade","326526"
4.096732,51.01779,31.3,"facade","326529"
4.5561667555341,51.1327175389756,27,"facade","326532"
5.368917,51.12014,18.2,"facade","326535"
4.32652,51.21898,41.8,"facade","326538"
3.852805,50.76992,16.6,"facade","326541"
3.85864,50.79545,16,"facade","326547"
4.127778,51.21764,29,"facade","326559"
4.090251,51.25614,23.1,"facade","326568"
5.050739,50.98855,26.3,"facade","326574"
4.401272,51.20428,33.6,"facade","326586"
4.341276,51.04205,23.5,"facade","326589"
4.544764,51.17749,20,"facade","326595"
4.453967,51.16566,31.5,"facade","326598"
3.266808,50.83915,22.7,"facade","326604"
5.196502,51.10243,15,"facade","326607"
5.686238,50.96166,21.9,"facade","326622"
5.677582,50.94508,19.4,"facade","326637"
4.01957,50.9367,33,"facade","326646"
3.619841,51.03718,39.8,"facade","326652"
3.770814,50.75847,14.9,"facade","326658"
3.74303,50.99334,22.5,"facade","326667"
4.727388,50.87578,19,"facade","326673"
4.152619,50.87303,22,"facade","326688"
3.755359,51.05192,32.7,"facade","326697"
5.513766,51.19248,23.1,"facade","326700"
4.688522,51.13605,17.4,"facade","326703"
4.73216,50.87668,18.4,"facade","326706"
4.438838,51.3637,17.9,"facade","326718"
3.257494,50.84415,25.1,"facade","326727"
4.13266,50.93113,19.7,"facade","326763"
4.429499,51.1602,27.8,"facade","326766"
4.531012,50.99398,28.8,"facade","326769"
4.088374,51.11814,20.3,"facade","326778"
4.136026,51.17567,26.7,"facade","326787"
5.556797,50.93787,18.7,"facade","326790"
3.780836,51.07571,23.4,"facade","326796"
4.664269,51.35334,21.9,"facade","326799"
4.438347,51.15602,41.5,"facade","326814"
4.474264,51.02521,28.4,"facade","326820"
4.430349,51.23265,35,"facade","326826"
5.574984,50.92846,19.5,"facade","326847"
4.621593,51.14142,16.6,"facade","326862"
4.2423,50.95221,19.8,"facade","326892"
5.789832,51.14966,15.6,"facade","326919"
4.468196,51.18171,24.5,"facade","326925"
4.349608,51.20473,33.7,"facade","326931"
5.076758,51.07942,16.8,"facade","326967"
4.419349,51.19892,36.5,"facade","326970"
4.277947,50.88916,25.2,"facade","326976"
3.727938,51.02694,25.1,"facade","326982"
3.327443,50.99257,29,"facade","326997"
4.892695,50.77871,22.4,"facade","327000"
4.576817,50.94524,15.7,"facade","327009"
3.280266,50.81928,23.1,"facade","327015"
4.4957,51.05875,20.2,"facade","327021"
5.514397,50.90208,17,"facade","327024"
4.705713,50.90514,19.1,"facade","327033"
4.983441,51.37568,15.8,"facade","327042"
5.350842,50.97893,17,"facade","327045"
4.524016,50.93067,18,"facade","327048"
4.362804,50.97333,21.9,"facade","327054"
4.401956,50.93088,20.2,"facade","327066"
4.302021,51.10408,23.6,"facade","327069"
4.690811,51.34754,20,"facade","327090"
4.497245,50.82912,19.8,"facade","327093"
2.89723,50.95138,18.4,"facade","327096"
5.087372,50.76004,18.8,"facade","327099"
4.403825,51.21262,35.3,"facade","327102"
5.692538,50.95963,23.1,"facade","327111"
3.03895109367199,51.2716273167082,25.2,"facade","327114"
4.481544,51.07418,19.9,"facade","327117"
4.49978966521062,51.0990511974948,22.4,"facade","327120"
4.373658,50.91417,30.6,"facade","327123"
5.074191,50.74788,17.3,"facade","327126"
3.010774,51.02711,19.8,"facade","327135"
5.494343,50.97502,22.9,"facade","327138"
4.501075,51.17214,20.6,"facade","327153"
3.815444,50.88098,17.7,"facade","327156"
4.358595,51.04735,23.1,"facade","327165"
4.09782356950641,51.0384951124049,16.8,"facade","327168"
4.550325,50.94222,26.9,"facade","327171"
4.832822,51.13665,22.6,"facade","327192"
4.855176,51.31381,17.5,"facade","327204"
5.786072,51.09302,18.9,"facade","327213"
4.243831,50.8311,17.7,"facade","327228"
4.406755,50.91753,23.4,"facade","327231"
4.920456,50.89234,15.7,"facade","327243"
3.93254,50.93488,20.9,"facade","327249"
3.190943,50.94698,19.5,"facade","327252"
3.445465,51.08728,22,"facade","327261"
4.450446,51.45485,18.4,"facade","327264"
3.715445,51.04379,38.1,"facade","327270"
5.607427,51.12998,18.5,"facade","327273"
4.319988,50.98905,24.2,"facade","327279"
5.226546,50.94712,19.9,"facade","327285"
4.687779,51.16265,20.5,"facade","327291"
3.75903542466694,51.171815444797,23.6,"facade","327294"
5.25299,50.99375,17.9,"facade","327297"
3.402997,50.90101,33.4,"facade","327309"
4.360091,51.21937,32.6,"facade","327315"
4.577869,51.12896,29.4,"facade","327318"
5.806482,51.13428,18,"facade","327327"
4.668763,51.15913,22.6,"facade","327330"
5.521764,51.09525,26.1,"facade","327333"
2.587915,51.07221,20.8,"facade","327345"
4.797562,51.05632,18,"facade","327348"
5.335421,50.93215,29,"facade","327351"
5.400234,50.93526,17.7,"facade","327366"
5.325204,50.94272,20.3,"facade","327369"
4.276943,50.87271,35.9,"facade","327372"
4.44136247662743,51.1565599292729,26.9,"facade","327378"
3.218754,50.83596,23.3,"facade","327390"
5.083231,50.71909,17.7,"facade","327396"
3.731137,51.06633,24.6,"facade","327402"
3.225376,50.92874,18.1,"facade","327405"
4.797493,51.07646,18.6,"facade","327420"
4.115714,51.16464,22.5,"facade","327456"
3.051334,51.27307,22.9,"facade","327465"
2.873213,50.98375,15.7,"facade","327471"
3.034098,51.27128,26.4,"facade","327477"
4.824309,51.12077,17.7,"facade","327480"
4.824806,51.03598,16.6,"facade","327483"
4.829909,51.16651,24.2,"facade","327489"
3.16023,50.95663,18.7,"facade","327501"
5.735884,51.14788,16.6,"facade","327504"
3.464831,50.94525,19.4,"facade","327510"
4.501854,50.82144,18,"facade","327513"
4.648089,51.05884,18.5,"facade","327516"
4.975406,50.97956,31.1,"facade","327522"
3.14017463433814,51.0278225456891,22.8,"facade","327531"
4.554635,50.81751,22.4,"facade","327537"
4.484903,50.88249,23.3,"facade","327546"
3.295877,50.91637,18.7,"facade","327555"
4.23728,50.74284,19.5,"facade","327567"
3.601079,50.7481,18.8,"facade","327573"
4.975217,51.34436,20,"facade","327576"
5.743586,51.17055,18.8,"facade","327591"
3.759907,51.03084,28.5,"facade","327603"
5.596391,50.78271,15.8,"facade","327609"
4.450085,51.2113,41.2,"facade","327612"
4.299459,51.0499,22.1,"facade","327615"
4.320789,51.11115,22.5,"facade","327618"
5.043076,51.11819,19.6,"facade","327624"
4.642583,50.98529,17.7,"facade","327627"
5.076901,51.12993,22.5,"facade","327633"
3.953072,50.97739,23.6,"facade","327654"
3.576698,51.1862,24.5,"facade","327684"
5.259135,50.82805,17.5,"facade","327687"
3.70703987781018,50.9122192839331,17.6,"facade","327696"
4.500467,51.09664,23.2,"facade","327702"
4.819238,51.02681,18.2,"facade","327711"
5.335415,50.92834,24.8,"facade","327732"
4.105634,50.98654,20.6,"facade","327735"
3.87698,51.06927,25.3,"facade","327738"
4.803,50.89245,21.1,"facade","327765"
3.985602,51.09651,23.2,"facade","327768"
3.436447,50.88902,20.9,"facade","327771"
3.170764,51.03837,20,"facade","327777"
4.42683,51.16955,28.3,"facade","327780"
4.925527,51.31907,19.7,"facade","327789"
3.415079,50.97401,20.6,"facade","327792"
4.42245576061826,51.2811004877562,24.7,"facade","327801"
3.729516,51.04654,29.3,"facade","327804"
4.371086,50.93262,21.6,"facade","327807"
4.833675,50.84295,16.6,"facade","327816"
3.34684,51.07998,19.5,"facade","327819"
4.700401,50.88986,25,"facade","327822"
3.99679,50.94509,17.7,"facade","327831"
5.151238,51.21403,15.6,"facade","327834"
5.624973,50.86568,34.3,"facade","327846"
5.110326,50.81284,17.2,"facade","327852"
4.410682,51.19373,39.6,"facade","327870"
3.131483,50.93822,21.1,"facade","327873"
4.075173,50.84326,27.4,"facade","327876"
4.619259,51.12333,18.8,"facade","327882"
4.607312,50.85464,22.4,"facade","327894"
4.635993,50.95875,22.3,"facade","327897"
4.002741,51.23841,16.2,"facade","327918"
4.58253,51.12518,24.1,"facade","327927"
4.813557,50.95746,22.9,"facade","327936"
4.426637,51.21988,32.3,"facade","327948"
5.326706,50.92116,19.1,"facade","327951"
5.10539865942979,50.8006845335565,14.1,"facade","327972"
2.905465,51.0251,18,"facade","327978"
3.269143,50.80916,26.2,"facade","327993"
3.718393,51.02104,21.7,"facade","328005"
4.44504,51.11736,21.3,"facade","328020"
4.854363,51.11241,15.9,"facade","328029"
5.424846,51.21612,22,"facade","328044"
4.095466,51.15296,20.7,"facade","328050"
4.342795,51.21308,38.5,"facade","328053"
4.170176,50.9978,18.2,"facade","328059"
4.887724,51.31833,17.3,"facade","328062"
3.914395,50.97333,16.6,"facade","328071"
4.713225,50.91885,19.5,"facade","328077"
5.329577,50.9223,22.8,"facade","328086"
3.349629,50.83629,35.7,"facade","328095"
4.549503,51.02116,20.2,"facade","328104"
3.266453,51.14892,21.6,"facade","328113"
4.07662,51.20478,26.2,"facade","328125"
5.354225,50.9273,20.4,"facade","328131"
3.338291,50.82,20,"facade","328146"
4.549271,51.02535,19.3,"facade","328149"
4.401202,51.15908,26.7,"facade","328158"
3.266224,50.99192,26,"facade","328161"
3.229993,51.22469,24,"facade","328164"
4.316617,50.93337,16.9,"facade","328167"
3.407762,50.78425,21,"facade","328179"
4.200802,51.0161,26.4,"facade","328182"
4.59823,50.98311,15.6,"facade","328188"
4.321816,50.8999,40.7,"facade","328197"
4.4551,51.02476,22.6,"facade","328203"
4.165722,50.87191,21.1,"facade","328206"
3.421827,50.80764,23.2,"facade","328212"
5.188236,50.8105,22.3,"facade","328230"
4.698152,50.91676,21.3,"facade","328236"
3.331971,50.8169,22.2,"facade","328239"
4.940149,51.32503,35,"facade","328242"
3.76002,51.02721,25.9,"facade","328248"
4.67403529472384,50.9550525619117,17.9,"facade","328251"
4.48221846807443,51.1263561346411,22.4,"facade","328257"
3.243587,51.215,25.8,"facade","328263"
3.228745,50.84615,25.2,"facade","328266"
3.364351,50.75042,16.1,"facade","328269"
5.366435,50.99191,20.9,"facade","328281"
4.431487,51.31339,21.6,"facade","328287"
4.219174,51.07479,19.2,"facade","328296"
3.094344,50.95246,21.8,"facade","328302"
4.990942,50.93806,21.3,"facade","328311"
4.888181,51.30097,19.5,"facade","328314"
4.88499,51.31289,19.6,"facade","328317"
3.354395,50.80859,19.1,"facade","328329"
4.553491,51.28637,17.9,"facade","328338"
3.248991,51.21009,27.5,"facade","328344"
3.248404,51.19457,19.9,"facade","328362"
4.721376,51.16735,19.6,"facade","328368"
4.453823,51.1337,20.9,"facade","328374"
5.73002964389184,51.051051879532,15.6,"facade","328386"
4.446159,51.13766,24.1,"facade","328392"
3.717699,51.04578,21.9,"facade","328404"
3.23375,51.17879,34.4,"facade","328407"
4.643978,51.18857,23.9,"facade","328419"
5.219905,50.80004,15.8,"facade","328428"
3.635596,50.75312,18,"facade","328440"
2.661397,51.07002,19.9,"facade","328449"
5.332037,50.89513,18.2,"facade","328455"
5.180677,50.81914,23.5,"facade","328461"
5.242962,50.85875,17.5,"facade","328479"
5.178061,50.82106,19.3,"facade","328482"
4.314367,51.3413,26.7,"facade","328488"
4.123604,51.22122,34.2,"facade","328491"
5.38703,51.02318,18.1,"facade","328494"
5.256125,50.77241,17.6,"facade","328497"
4.036848,51.14811,20,"facade","328500"
2.875728,50.85213,23,"facade","328518"
4.90227,51.18214,28,"facade","328533"
5.265145,50.7829,15.2,"facade","328536"
4.937156,50.80681,25.8,"facade","328545"
4.466212,51.01535,28.7,"facade","328563"
4.941232,50.97257,17.4,"facade","328566"
3.038564,51.27291,24.1,"facade","328578"
4.35065540832281,51.1619560061822,27,"facade","328584"
4.212672,51.04752,20.5,"facade","328590"
4.379373,51.16663,27.2,"facade","328599"
4.02629654393862,50.9083457139865,29.9,"facade","328602"
3.174059,50.81951,22.8,"facade","328608"
4.76267,50.87608,24.7,"facade","328614"
3.805603,50.78828,17.9,"facade","328617"
4.839903,51.18934,20.9,"facade","328623"
3.409847,51.15543,17.8,"facade","328626"
4.103062,50.72835,17.5,"facade","328635"
3.029139,51.1237,19.2,"facade","328653"
4.858524,51.36109,23.8,"facade","328674"
3.259855,50.99049,20.3,"facade","328686"
2.876781,50.84901,24.9,"facade","328704"
5.054258,51.12271,16.4,"facade","328710"
4.826562,51.18961,15.3,"facade","328719"
2.914208,51.23347,31.8,"facade","328728"
2.938196,51.08926,20.6,"facade","328734"
3.76024,51.09307,26.3,"facade","328737"
5.128056,51.17037,14.3,"facade","328746"
3.02122,50.85145,28.6,"facade","328749"
4.936219,50.97736,21.6,"facade","328752"
3.833186,50.95603,18.8,"facade","328755"
2.881644,51.07973,19.7,"facade","328761"
3.323784,51.06814,17.5,"facade","328764"
3.834205,50.83561,16,"facade","328773"
4.639376,50.97184,24.4,"facade","328779"
3.310747,50.99621,19.2,"facade","328785"
4.699247,50.9736,17.8,"facade","328797"
4.154426,51.15766,31,"facade","328803"
4.547937,50.94871,22.4,"facade","328815"
3.118463,50.94398,20.8,"facade","328818"
4.459351,51.14263,27.3,"facade","328824"
4.74183,51.13858,21.3,"facade","328830"
4.276916,50.73418,20,"facade","328833"
4.924751,51.0432,16.3,"facade","328842"
3.949309,50.89211,16.8,"facade","328854"
4.011258,51.09286,21.8,"facade","328866"
4.49176970808218,51.0307263090065,42.6,"facade","328872"
3.638992,50.7602,18.2,"facade","328878"
4.183657,50.98026,15.6,"facade","328881"
5.730849,50.99169,17.1,"facade","328890"
4.049678,51.2129,26.8,"facade","328896"
3.03217,50.85215,18,"facade","328902"
4.367904,50.92401,23,"facade","328923"
4.341056,50.9244,24.3,"facade","328932"
3.293983,51.27849,23.9,"facade","328944"
3.428121,51.20701,20.8,"facade","328947"
3.830904,51.09579,33.8,"facade","328953"
3.241338,50.8023,29.7,"facade","328956"
5.346614,50.93898,39.5,"facade","328968"
4.730971,50.82312,13.7,"facade","328974"
4.161228,51.15497,28.7,"facade","328977"
3.037054,51.2726,25.2,"facade","328980"
5.386112,51.00912,21.9,"facade","328983"
3.651147,50.89787,24.9,"facade","328986"
4.237371,51.02906,21,"facade","328995"
4.139538,51.16752,22.9,"facade","329001"
4.139543,51.16753,21.7,"facade","329007"
3.915226,50.81615,18.2,"facade","329010"
3.533445,50.96556,18.8,"facade","329025"
5.745855,50.98325,17,"facade","329028"
5.181995,51.10529,20.6,"facade","329040"
4.236109,51.10053,19.3,"facade","329046"
3.204923,51.23434,22,"facade","329052"
3.606821,50.83194,19.2,"facade","329055"
3.761077,51.07258,26.5,"facade","329061"
3.416043,51.13334,17.8,"facade","329088"
4.11875,50.79703,14.8,"facade","329112"
5.703252,51.09286,26.1,"facade","329118"
5.43571,50.83535,15.8,"facade","329124"
2.731801,51.13999,20,"facade","329127"
3.23160367440947,51.2097220473826,34.1,"facade","329136"
5.305967,50.87511,22.8,"facade","329142"
4.030227,50.94705,26.7,"facade","329148"
5.039486,50.84723,15.4,"facade","329154"
5.270972,50.87199,18,"facade","329157"
3.183337,51.23451,22.6,"facade","329160"
2.61797,51.10898,20.5,"facade","329166"
2.887022,50.78414,19,"facade","329169"
3.1383,50.96961,22,"facade","329172"
5.277938,50.89919,17.3,"facade","329178"
3.519109,51.2422,20.6,"facade","329190"
3.73104,51.03556,30.6,"facade","329193"
4.977294,51.15364,19.8,"facade","329196"
3.808681,50.87682,25.2,"facade","329205"
4.499623,50.76076,19.1,"facade","329220"
4.731919,51.0869,23.7,"facade","329229"
3.393113,50.7543,15.3,"facade","329232"
4.884575,51.35126,18.2,"facade","329235"
3.263671,50.82848,24.6,"facade","329238"
4.757529,50.91934,17.3,"facade","329250"
3.023913,51.18277,20,"facade","329253"
4.26694734604674,51.1368072697588,18.6,"facade","329256"
4.20260192977173,51.1251992271574,28.2,"facade","329265"
4.019635,51.02743,18.9,"facade","329280"
4.230238,50.92732,17.8,"facade","329301"
3.597813,50.74739,22,"facade","329307"
5.388765,50.89633,21.3,"facade","329310"
4.445152,51.00015,20.7,"facade","329319"
3.032708,51.26672,26,"facade","329322"
5.471809,51.08357,17.2,"facade","329328"
4.139026,51.11456,26.2,"facade","329337"
5.036436,50.79648,14.8,"facade","329340"
2.963068,50.81175,16.9,"facade","329361"
3.420638,50.99851,20.8,"facade","329376"
4.598469,50.85601,22,"facade","329382"
3.590547,50.79788,16.7,"facade","329388"
3.309885,51.20229,21.1,"facade","329391"
4.793117,51.07221,17.2,"facade","329394"
3.631356,50.94378,21,"facade","329406"
4.055909,50.94713,20.6,"facade","329415"
5.703045,50.97107,19.9,"facade","329424"
5.127151,50.92351,14.1,"facade","329427"
3.033863,51.26579,22.9,"facade","329445"
2.909712,50.99288,21.9,"facade","329463"
3.204964,50.9181,20.5,"facade","329469"
4.442216,51.167,26.2,"facade","329472"
4.626972,51.00105,16.4,"facade","329481"
4.137438,51.15455,24.3,"facade","329484"
2.944367,50.8384,16.3,"facade","329499"
5.041514,51.16728,15.3,"facade","329505"
4.465557,51.2766,19.4,"facade","329514"
4.893471,50.77704,26.5,"facade","329529"
4.687786,50.91472,18.4,"facade","329541"
5.517981,50.85599,21.3,"facade","329544"
5.035457,51.31688,14.2,"facade","329547"
5.425651,50.84378,16.3,"facade","329553"
2.764591,50.81778,15.9,"facade","329562"
4.751245,51.036,15.9,"facade","329565"
4.416954,51.16227,31.7,"facade","329568"
3.114286,50.86201,20.7,"facade","329571"
5.296911,50.90639,18.4,"facade","329574"
2.968205,51.2216,22.7,"facade","329580"
4.114873,50.9054,17.6,"facade","329592"
5.700668,50.95975,20.9,"facade","329595"
4.582867,51.21686,19,"facade","329607"
4.298579,51.20578,27.3,"facade","329631"
5.206591,50.95271,16.8,"facade","329634"
5.123895,51.18801,17.4,"facade","329643"
5.109949,51.18609,19.4,"facade","329655"
4.461133,50.97824,18.8,"facade","329670"
4.44027,51.25277,28.8,"facade","329679"
5.013921,50.84082,14.3,"facade","329691"
4.985242,51.17053,18.6,"facade","329703"
3.137242,50.94054,26,"facade","329721"
4.488713,51.04528,23.9,"facade","329724"
2.971426,50.97749,18.7,"facade","329727"
4.641251,51.0274,16.3,"facade","329730"
5.672149,50.80821,20.8,"facade","329733"
4.961667,50.96755,15.8,"facade","329736"
3.447226,50.91953,19.4,"facade","329742"
4.57931,50.92376,15.4,"facade","329745"
4.427907,51.18727,44.2,"facade","329754"
4.581455,50.92737,14.6,"facade","329787"
4.263815,50.84648,26.9,"facade","329793"
3.968633,50.88109,16.2,"facade","329796"
5.442185,50.77686,19.9,"facade","329799"
3.099943,51.08952,18.7,"facade","329802"
5.250796,51.01239,16.1,"facade","329805"
3.431529,51.20642,23.9,"facade","329811"
4.437965,51.29277,21.1,"facade","329817"
3.95512170116433,51.176056861052,22.9,"facade","329829"
3.767092,50.99291,23,"facade","329844"
4.809299,51.21027,21.2,"facade","329859"
3.177096856588,50.8198274360697,22,"facade","329868"
4.494689,51.12406,25.3,"facade","329880"
5.289485,50.81054,16.1,"facade","329883"
4.444521,51.15941,25.8,"facade","329886"
3.426434,50.88627,28.2,"facade","329892"
4.825014,51.16092,19.1,"facade","329895"
4.809157,50.87783,17.2,"facade","329898"
4.489777,51.09276,24.1,"facade","329928"
3.979609,50.96332,23,"facade","329934"
3.695479,51.06845,27.1,"facade","329940"
2.879806,50.8507,20.3,"facade","329943"
4.742991,50.91548,18.7,"facade","329985"
5.503331,50.95937,18.9,"facade","329988"
3.634856,50.95667,21.4,"facade","330000"
4.536752,50.76445,15.8,"facade","330006"
5.330904,51.02494,17.3,"facade","330009"
4.687674,50.8865,24.9,"facade","330015"
3.447098,51.21742,29.1,"facade","330021"
3.326468,50.99132,21.5,"facade","330024"
3.862817,51.17088,22,"facade","330030"
4.254118,50.73799,20.1,"facade","330036"
3.57428475691122,51.060464686143,26.3,"facade","330042"
4.450443,51.21055,36.5,"facade","330048"
4.707135,51.00504,16.9,"facade","330063"
5.47464,50.95626,19.7,"facade","330066"
4.608816,51.1452,19.6,"facade","330075"
4.454891,51.10485,30.1,"facade","330084"
4.4123,51.10649,22.7,"facade","330090"
3.366939,51.09338,20.2,"facade","330093"
3.527656,50.88618,16.7,"facade","330096"
3.706698,51.11474,23.5,"facade","330102"
4.533642,51.25039,19.1,"facade","330108"
5.210099,51.06036,21.7,"facade","330120"
3.67728372148348,51.1217484057054,23.3,"facade","330132"
4.710681,50.91223,18.7,"facade","330135"
3.202781,51.20413,31,"facade","330147"
4.761959,51.35101,21.6,"facade","330180"
4.386839,51.16182,35.4,"facade","330192"
3.628158,50.92724,22.4,"facade","330195"
3.694571,50.95495,18.2,"facade","330201"
4.804236,50.96625,18.3,"facade","330207"
5.080514,51.32205,17.5,"facade","330216"
4.374571,50.92698,19.6,"facade","330219"
5.34496,50.92722,24.5,"facade","330222"
3.641046,50.96814,20.5,"facade","330225"
4.428119,51.20842,35.7,"facade","330234"
4.463356,51.46365,20.2,"facade","330237"
4.693176,51.02786,25.9,"facade","330243"
5.357598,50.90095,27.9,"facade","330246"
4.170478,50.94259,38.1,"facade","330249"
5.00836,51.1686,18.2,"facade","330255"
3.219524,50.84438,28.1,"facade","330264"
3.934994,50.88304,15.5,"facade","330267"
4.221797,51.08684,18.7,"facade","330273"
5.225459,51.09548,25.5,"facade","330279"
5.256568,50.94641,23.5,"facade","330285"
4.7347,51.13628,19.6,"facade","330291"
4.029169,50.92286,27.4,"facade","330303"
4.96672,51.2574,17.1,"facade","330306"
4.096885,51.13214,21.8,"facade","330309"
4.839858,51.17815,24.8,"facade","330312"
5.638548,51.12098,17.5,"facade","330318"
4.436859,51.22225,62.7,"facade","330321"
3.876708,50.98135,18.3,"facade","330324"
5.475451,50.90279,15.9,"facade","330327"
4.54837,50.79757,17.1,"facade","330348"
3.360211,50.88503,18.7,"facade","330369"
3.966284,50.96973,19,"facade","330372"
3.900548,50.94425,23.8,"facade","330378"
4.17065,50.95516,23,"facade","330387"
5.292197,50.92332,18.7,"facade","330393"
4.566868,51.24004,16.5,"facade","330396"
4.461745,50.98231,25.4,"facade","330408"
4.75972394247493,50.8616292859183,16.7,"facade","330444"
3.664539,51.01294,25.2,"facade","330447"
3.604543,51.1453,23.2,"facade","330450"
4.16839,50.84882,19.9,"facade","330456"
4.259057,50.74595,22.6,"facade","330471"
5.09117026219986,50.7513871822872,19,"facade","330477"
4.58226,51.05775,19.9,"facade","330480"
3.854377,50.75845,21.1,"facade","330492"
3.542664,50.97654,21.4,"facade","330504"
4.574535,51.11511,17.5,"facade","330519"
3.793735,50.99483,26.3,"facade","330528"
3.132379,50.94063,22.4,"facade","330537"
5.107502,50.92594,16.7,"facade","330567"
3.731651,50.8115,17.5,"facade","330570"
4.566069,51.18098,20.7,"facade","330576"
3.701819,51.04033,25.5,"facade","330585"
4.354889,51.00641,23.6,"facade","330588"
4.096041,50.89348,22.6,"facade","330594"
3.511284,51.20734,21.7,"facade","330597"
4.548152,51.1998,23.3,"facade","330609"
4.302257,51.00365,41.9,"facade","330612"
4.047665,51.06711,19.6,"facade","330624"
4.156973,51.13296,26.9,"facade","330639"
4.815156,51.17699,20,"facade","330645"
4.931211,51.39132,22.1,"facade","330657"
5.450478,51.13022,16.2,"facade","330660"
5.023315,50.85492,14.6,"facade","330669"
2.989423,50.87343,32.8,"facade","330687"
3.956408,51.11415,24.2,"facade","330690"
3.252497,51.24567,19.6,"facade","330693"
4.439782,51.30057,20.2,"facade","330705"
4.827117,50.89751,18.6,"facade","330720"
4.170502,50.92083,21.7,"facade","330729"
4.727865,51.06958,18,"facade","330732"
3.163835,50.81166,22.2,"facade","330741"
4.192465,50.9082,16.7,"facade","330744"
4.758317,51.39341,17.7,"facade","330756"
3.04329387103232,51.2711404075552,27.6,"facade","330771"
2.669774,51.11343,20.7,"facade","330774"
5.404955,50.95094,18.4,"facade","330780"
4.386218,51.17873,32.4,"facade","330783"
3.4085,50.90762,19.6,"facade","330786"
4.359493,50.74008,18.1,"facade","330792"
3.094862,51.00607,19.2,"facade","330798"
4.534317,51.24436,21.1,"facade","330807"
4.499963,50.78799,21,"facade","330810"
3.396232,50.93485,25.1,"facade","330813"
4.497791,51.12442,17.6,"facade","330816"
4.899321,51.0855,16.5,"facade","330819"
4.57404,51.06379,21.1,"facade","330834"
4.107478,50.90527,23.9,"facade","330843"
4.440318,51.27106,24.2,"facade","330846"
2.660263,51.10864,26.4,"facade","330867"
3.338081,50.91785,21,"facade","330870"
5.04641041695102,50.891423961324,15.2,"facade","330888"
3.99888593845174,50.865526612929,19.1,"facade","330900"
4.342446,51.17596,27,"facade","330903"
5.299815,50.7528,17.7,"facade","330918"
3.79325,51.0004,23.6,"facade","330942"
3.473045,51.00635,18.4,"facade","330945"
5.08616,51.13449,14.7,"facade","330966"
3.617683,50.75187,26.6,"facade","330978"
3.553395,50.86746,15.6,"facade","330981"
4.001775,51.14861,20,"facade","330987"
3.763306,50.93599,22.1,"facade","330990"
3.357416,50.80508,21.7,"facade","330996"
3.763686,51.01764,33.1,"facade","331008"
3.395177,51.04023,23,"facade","331014"
5.518702,50.87251,22.9,"facade","331020"
5.236026,50.94886,15.7,"facade","331023"
3.632,50.85718,28,"facade","331035"
2.977766,51.22716,21.4,"facade","331044"
5.321886,51.01854,19.9,"facade","331047"
5.22169,50.97734,18.8,"facade","331062"
4.304014,51.16396,24.1,"facade","331068"
4.193149,51.06293,19.3,"facade","331074"
5.357228,51.23434,18,"facade","331092"
2.9095593227113,51.2107950121817,23.7,"facade","331116"
4.199382,50.86375,20.5,"facade","331134"
4.418758,51.27421,22.5,"facade","331137"
5.48758391300216,50.8462846084934,19.4,"facade","331158"
3.765096,51.03535,28.9,"facade","331161"
4.417883,51.17027,24.2,"facade","331164"
3.732828,51.05546,27.9,"facade","331179"
5.178228,51.15726,16.8,"facade","331185"
3.195721,51.19296,23.9,"facade","331188"
3.227636,51.20982,22.5,"facade","331197"
5.509516,50.99579,22.2,"facade","331203"
3.767726,51.07814,26.6,"facade","331218"
3.637556,50.9513,22.4,"facade","331221"
4.505212,51.47102,19,"facade","331239"
3.823174,51.20249,24.3,"facade","331242"
4.763479,51.21101,18.5,"facade","331266"
5.004593,51.16426,17.7,"facade","331287"
4.828627,51.22716,18.1,"facade","331293"
5.31221,51.02169,21.1,"facade","331296"
5.54359,50.86648,18.1,"facade","331320"
4.994021,50.88959,16.7,"facade","331323"
3.800764,51.05287,23.2,"facade","331326"
5.515876,50.96893,17.9,"facade","331332"
2.885424,51.03381,18.9,"facade","331350"
3.973775,51.18622,23.8,"facade","331353"
4.378759,51.18916,33.6,"facade","331359"
4.241989,50.73168,26.6,"facade","331362"
4.428945,51.22221,35.6,"facade","331365"
4.21338,51.17832,21.4,"facade","331371"
3.131092,50.93436,26,"facade","331389"
5.678028,50.8852,18.2,"facade","331392"
3.258037,50.82058,26.9,"facade","331401"
4.827427,51.08755,18.8,"facade","331407"
3.17551804979156,51.1951418639072,26.5,"facade","331410"
4.46093,50.94093,20.1,"facade","331422"
3.376741,50.85914,23.7,"facade","331455"
3.251326,51.31411,26,"facade","331458"
4.988385,51.16792,28.4,"facade","331461"
3.980033,50.96129,26.3,"facade","331473"
4.82875481725527,51.1133235871734,19,"facade","331476"
4.428595,51.20999,53.5,"facade","331482"
3.213229,50.93855,19.9,"facade","331485"
5.422508,50.86462,17.3,"facade","331497"
3.823451,51.13234,24,"facade","331503"
4.418441,51.20595,30.5,"facade","331509"
4.709388,51.1889,16.5,"facade","331521"
4.382352,51.03163,21.2,"facade","331527"
3.166789,50.83849,21.5,"facade","331530"
4.951427,50.80588,22.6,"facade","331536"
3.524727,51.24166,19.9,"facade","331539"
5.637676,51.00513,15.2,"facade","331542"
4.630493,50.86578,22,"facade","331578"
4.300783,51.14687,26.1,"facade","331584"
3.776219,51.10602,22,"facade","331599"
4.299801,51.15095,27.6,"facade","331614"
2.662313,50.82198,15.5,"facade","331617"
3.790115,51.07852,26.1,"facade","331620"
3.5227832098768,50.7961156708015,17.4,"facade","331626"
5.190884,50.98202,22.4,"facade","331629"
3.748581,51.0101,24.6,"facade","331632"
4.498412,51.29,42.3,"facade","331635"
3.190687,50.97057,26.9,"facade","331641"
3.959781,51.1474,26.6,"facade","331668"
4.482871,51.30235,28.4,"facade","331677"
2.895921,50.8539,23.4,"facade","331689"
4.467564,51.20467,32.2,"facade","331704"
4.915439,51.32634,19,"facade","331710"
3.98745,51.18833,17.6,"facade","331719"
4.50652,51.22497,27.2,"facade","331722"
3.879447,50.77226,21,"facade","331725"
4.03131244297697,50.8456887287182,32.8,"facade","331740"
4.360669,51.07045,28,"facade","331743"
4.135869,51.09575,27,"facade","331746"
5.333293,50.93548,22.4,"facade","331773"
3.289491,50.9469,18.8,"facade","331779"
5.430861,50.94723,20,"facade","331785"
4.628666,51.18591,37,"facade","331791"
5.022637,51.41188,17.6,"facade","331800"
2.70860883694184,51.1398996111553,21.9,"facade","331812"
3.754654,51.03742,27.2,"facade","331815"
4.673911,51.16205,43.9,"facade","331818"
5.023991,50.83777,15.1,"facade","331824"
4.282245,50.78617,21.2,"facade","331836"
3.61816325725256,50.9964063713844,20.3,"facade","331842"
4.711786,50.88419,40.9,"facade","331845"
3.338497,51.14483,20.8,"facade","331863"
3.987157,50.97292,18.8,"facade","331866"
3.70273,51.05296,27.2,"facade","331869"
3.939635,51.1736,24.3,"facade","331872"
3.520032,50.97168,20.2,"facade","331875"
4.330639,51.21441,36.1,"facade","331905"
5.32866922259396,50.924159011076,22.8,"facade","331908"
4.72722087649825,51.0235511986166,20,"facade","331911"
5.321319,50.9309,22.5,"facade","331914"
5.343321,50.90643,23.2,"facade","331926"
3.199328,51.18948,33.3,"facade","331929"
4.448913,51.03692,37.5,"facade","331932"
3.121446,50.95754,31.5,"facade","331947"
5.685748,50.95949,21.8,"facade","331953"
5.612146,50.79748,18.9,"facade","331962"
5.355142,50.89465,33.6,"facade","331965"
3.87565,51.00206,20.1,"facade","331971"
3.63297,51.18538,18,"facade","331983"
2.998977,51.188,21.4,"facade","331995"
4.536346,50.85655,22,"facade","331998"
3.802361,51.05651,38.6,"facade","332007"
3.301693,50.95521,19.9,"facade","332025"
3.991579,50.96574,18.8,"facade","332031"
5.191819,50.98634,22.2,"facade","332037"
4.811243,51.0239,14.8,"facade","332049"
3.39841,50.92001,19.9,"facade","332052"
3.326954,51.12497,33.2,"facade","332058"
5.438529,50.92961,18.8,"facade","332064"
4.68904782433747,51.163319121583,20,"facade","332067"
3.101405,50.9471,23.7,"facade","332076"
3.183337,50.80423,26.9,"facade","332082"
3.457644,51.05131,17.9,"facade","332094"
4.456987,51.19422,25.9,"facade","332112"
4.703622,50.89168,20.7,"facade","332118"
4.313392,50.9317,18.4,"facade","332121"
4.157008,50.86933,18.7,"facade","332124"
4.144458,51.26173,23.4,"facade","332130"
5.425958,51.21002,17,"facade","332133"
2.92152,51.0453,19,"facade","332136"
3.647431,51.01939,20.3,"facade","332142"
4.45203,51.22611,31.1,"facade","332148"
4.035042,50.92647,31.2,"facade","332157"
5.082296,51.11248,16.3,"facade","332166"
3.261128,51.30899,21.5,"facade","332172"
4.681366,51.1426,20.1,"facade","332202"
3.520414,51.1026,17.9,"facade","332205"
4.821388,51.1642,21.6,"facade","332214"
4.569572,51.14104,19.7,"facade","332220"
4.660069,51.1651,24.5,"facade","332226"
4.901796,51.2397,16.7,"facade","332238"
2.97375,50.85895,20.1,"facade","332241"
3.422102,50.99571,19.9,"facade","332250"
4.603279,51.18083,22.7,"facade","332256"
3.002177,51.18464,20.9,"facade","332259"
3.938388,50.71723,17,"facade","332262"
4.764738,50.91265,14.9,"facade","332265"
4.856084,51.31017,44.9,"facade","332268"
3.40212,51.01307,17.1,"facade","332271"
4.608713,50.75944,13.7,"facade","332286"
4.69048352768706,50.8814018268997,33.7,"facade","332301"
4.344141,51.01699,23.4,"facade","332307"
5.137408,51.19896,20,"facade","332310"
4.989704,51.36757,16.6,"facade","332313"
4.258036,51.20952,28.5,"facade","332325"
5.314973,51.04221,19.8,"facade","332331"
4.47386,51.02007,27.7,"facade","332334"
4.950109,50.84986,19.2,"facade","332346"
4.503897,51.16515,21.6,"facade","332355"
4.378864,51.2163,30.9,"facade","332358"
4.628033,51.14197,17.3,"facade","332364"
5.151968,50.93879,17.3,"facade","332373"
2.897543,50.84905,18.9,"facade","332376"
4.075322,51.20708,23,"facade","332388"
2.727852,50.8556,23.3,"facade","332397"
5.248066,50.95715,19.6,"facade","332403"
4.26396183175121,50.8478730007985,25.4,"facade","332412"
4.637565,51.14789,19.2,"facade","332418"
5.526324,51.09423,15.9,"facade","332421"
4.971168,50.97785,20.4,"facade","332430"
3.545168,51.25334,20.8,"facade","332439"
4.629992,51.13937,34.4,"facade","332448"
3.74642,50.96027,21.3,"facade","332454"
2.829506,50.74765,19.1,"facade","332460"
4.465109,51.14673,26.3,"facade","332466"
3.418541,51.13694,23.1,"facade","332481"
3.817171,51.19674,33.4,"facade","332499"
3.05661,50.90228,17,"facade","332508"
3.565908,51.18163,23.6,"facade","332511"
3.587584,50.75773,23.3,"facade","332517"
3.415373,51.0774,21.2,"facade","332520"
4.065227,50.89057,19.9,"facade","332523"
5.427825,50.94117,17.6,"facade","332526"
3.452795,50.8064,25.8,"facade","332532"
4.480358,51.43012,17.7,"facade","332538"
3.277106,50.8243,21.4,"facade","332541"
4.507078,50.77878,20.2,"facade","332544"
4.082193,50.94948,19.9,"facade","332550"
5.329666,50.9402,20.3,"facade","332562"
3.713678,51.09007,27.8,"facade","332565"
4.721025,50.90915,28.2,"facade","332583"
4.768298,50.89498,19,"facade","332595"
4.756309,51.39394,23.7,"facade","332607"
4.82746,50.98231,38,"facade","332610"
4.411838,50.94871,24,"facade","332616"
4.592583,51.16263,22.5,"facade","332622"
3.650741,50.91811,20.2,"facade","332640"
4.822346,51.12062,17.7,"facade","332643"
4.447114,51.13294,21.8,"facade","332667"
4.837554,51.00691,22.8,"facade","332673"
4.690423,51.16612,18.7,"facade","332679"
3.591527,50.74391,18.4,"facade","332685"
4.23828,50.77585,18.4,"facade","332712"
3.847466,50.89376,18.3,"facade","332715"
3.136368,51.14294,25.6,"facade","332718"
3.165658,50.78125,26.3,"facade","332724"
4.661177,51.15318,17.4,"facade","332730"
4.914619,50.94,13.5,"facade","332739"
4.676837,51.13794,19.8,"facade","332742"
4.023491,50.83927,19.6,"facade","332760"
3.622001,50.80533,18.6,"facade","332781"
3.676396,50.79806,15,"facade","332787"
4.750735,51.13795,22.5,"facade","332790"
4.244587,50.78148,17.3,"facade","332799"
4.553575,51.12339,23.3,"facade","332811"
4.288491,50.85593,23.2,"facade","332814"
4.029297,50.96323,18.1,"facade","332817"
3.679751,50.8063,15.5,"facade","332820"
4.658932,50.83313,15.9,"facade","332829"
3.226763,51.202,32.5,"facade","332835"
4.66073,51.10802,16.2,"facade","332838"
5.274649,51.21682,18.9,"facade","332847"
4.371406,51.04033,24.4,"facade","332850"
4.587887,50.78254,18.2,"facade","332853"
5.114874,51.04357,15.8,"facade","332874"
4.643811,51.27015,16.1,"facade","332904"
3.619438,50.74498,16.3,"facade","332916"
4.610239,51.15049,19.9,"facade","332919"
4.758053,50.95272,26.4,"facade","332928"
4.923386,50.95729,30.1,"facade","332934"
4.332872,50.74578,20.5,"facade","332940"
4.595741,50.88655,14.9,"facade","332943"
4.395841,51.34659,26.6,"facade","332967"
5.463874,50.77732,19.5,"facade","332976"
3.32025,50.99786,26,"facade","332985"
3.755137,51.01889,27.5,"facade","332988"
3.43708,51.20632,24.3,"facade","333006"
4.745839,51.39251,18.8,"facade","333012"
4.713241,51.26973,32.5,"facade","333021"
4.595304,50.76867,14.5,"facade","333039"
4.666425,51.15511,21,"facade","333042"
4.534447,51.06574,23.3,"facade","333045"
4.487148,51.19378,39.7,"facade","333051"
5.49635,51.07863,15.7,"facade","333063"
4.987518,51.06949,42.9,"facade","333081"
4.837682,51.13813,22.9,"facade","333093"
3.123178,50.94585,32.7,"facade","333108"
4.624902,50.81792,14.9,"facade","333132"
5.300246,51.03941,33.6,"facade","333141"
3.598088,50.75295,14.7,"facade","333162"
3.332304,50.80522,20,"facade","333168"
4.279024,50.89942,25.9,"facade","333177"
5.187023,51.00309,15.8,"facade","333195"
5.112161,51.23898,20.3,"facade","333201"
5.01532,50.9524,23.7,"facade","333204"
3.914113,50.88671,16.9,"facade","333210"
5.300703,50.94438,20.3,"facade","333216"
3.160846,50.91928,30.2,"facade","333219"
4.245154,51.10023,32.9,"facade","333243"
4.472528,51.19992,30.1,"facade","333252"
3.924089,50.85361,18.9,"facade","333273"
2.866984,50.85416,20.3,"facade","333282"
3.926005,50.97582,16.8,"facade","333318"
5.678824,50.9742,18.4,"facade","333321"
5.461194,50.91521,19.6,"facade","333327"
4.312794,51.17112,37.1,"facade","333342"
5.121445,51.18699,17.8,"facade","333345"
5.333572,51.23541,17,"facade","333354"
5.393123,51.16045,17.3,"facade","333360"
3.002506,51.0102,21,"facade","333363"
4.281006,51.10642,17.4,"facade","333384"
2.686084,51.11662,23.3,"facade","333387"
4.947849,51.32322,19.4,"facade","333399"
4.955641,51.32111,28.8,"facade","333405"
4.602344,51.38891,18.8,"facade","333411"
3.642646,50.9587,26.1,"facade","333420"
3.76655,51.23314,21.4,"facade","333426"
3.181991,50.80446,21.8,"facade","333435"
3.102628,51.0647,31.4,"facade","333441"
3.22756891584636,50.8212579791849,22.9,"facade","333450"
5.32193000303871,50.8332412448443,15.2,"facade","333462"
4.835303,51.1769,23.1,"facade","333465"
3.227701,50.82271,29.7,"facade","333471"
5.590525,51.03406,16.6,"facade","333474"
4.713401,50.86174,18.1,"facade","333483"
4.97805,51.07264,16.6,"facade","333486"
4.511832,50.90991,25.7,"facade","333489"
3.105815,50.95642,22.4,"facade","333492"
4.919086,51.09114,26.6,"facade","333495"
4.913886,51.10575,19.9,"facade","333510"
3.194941,51.19349,26.7,"facade","333540"
4.121979,50.77891,16.9,"facade","333546"
3.97605265180769,51.1767652607179,19.1,"facade","333558"
4.4588,51.19674,42.8,"facade","333561"
3.759912,51.06432,24.6,"facade","333567"
3.505221,50.85413,25.6,"facade","333585"
3.603285,50.84904,25.8,"facade","333591"
4.640848,51.25682,16.4,"facade","333603"
4.865399,51.35842,19.6,"facade","333612"
4.576991,51.29846,18.4,"facade","333621"
5.268387,51.02537,26,"facade","333624"
3.863198,50.91541,19.7,"facade","333636"
4.3419,50.9465,20.9,"facade","333642"
4.254498,50.8469,26.8,"facade","333645"
4.770191,50.88659,18.2,"facade","333648"
4.027351,50.95133,20.4,"facade","333654"
3.186484,51.17662,18.2,"facade","333657"
4.507132,50.91493,33.3,"facade","333669"
3.23415548029483,51.1550523100112,25.3,"facade","333681"
3.379295,50.83576,22.1,"facade","333684"
4.719995,51.29974,30.1,"facade","333690"
3.929258,50.95645,15.7,"facade","333699"
4.379877,51.17149,35.2,"facade","333708"
5.375117,51.00344,20.1,"facade","333723"
2.983658,50.81101,20.4,"facade","333735"
4.138903,51.15928,41,"facade","333741"
4.18831,50.79989,18,"facade","333759"
4.585302,51.30255,16.5,"facade","333771"
5.499197,50.80218,18.2,"facade","333777"
4.838944,51.08731,18.6,"facade","333780"
3.163539,50.92982,20.5,"facade","333786"
3.080536,51.29692,26.3,"facade","333792"
3.911699,50.80373,18.2,"facade","333822"
5.258925,50.98396,14.8,"facade","333828"
3.771819,51.08149,20.5,"facade","333831"
3.758491,51.0694,21.1,"facade","333834"
4.179224,51.25253,26.8,"facade","333846"
3.81687,51.05876,28.3,"facade","333855"
5.559263,50.9418,23.5,"facade","333858"
4.541809,50.88563,21.1,"facade","333873"
4.365129,50.92844,19.6,"facade","333879"
3.72559,51.06783,41,"facade","333888"
4.965108,51.24051,33.2,"facade","333903"
4.562704,51.31774,19,"facade","333909"
4.720063,50.99691,15,"facade","333930"
3.615603,51.21626,19.2,"facade","333942"
3.758812,51.04042,27.2,"facade","333945"
3.334553,51.00308,21.9,"facade","333951"
4.92009,51.1084,18.4,"facade","333954"
5.698808,51.10624,18.8,"facade","333960"
4.477897,50.97092,22.7,"facade","333963"
4.912323,51.14979,21.4,"facade","333984"
4.342997,51.03767,21.8,"facade","333987"
4.673817,51.07809,19.8,"facade","333993"
3.896948,51.10746,19,"facade","333999"
4.507447,50.9179,21.3,"facade","334002"
5.80146,51.13093,16.4,"facade","334020"
5.45914493360935,50.7748343535751,17.2,"facade","334023"
3.517773,51.21868,17.6,"facade","334029"
5.249982,50.94936,17.9,"facade","334038"
4.788548,51.33956,21.6,"facade","334050"
4.126046,51.19542,18.8,"facade","334059"
2.824962,50.88492,17.6,"facade","334065"
4.650593,50.80278,21.5,"facade","334077"
4.781134,51.00133,16.5,"facade","334080"
3.521482,50.85658,15.4,"facade","334083"
5.845693,50.75225,13.9,"facade","334095"
3.32931,51.00107,29.1,"facade","334098"
4.18682364285066,50.9587991605086,15.8,"facade","334107"
4.153571,51.16901,25.3,"facade","334110"
4.367973,50.93554,23.1,"facade","334116"
3.045748,51.27227,21.8,"facade","334128"
3.847879,51.09633,21.1,"facade","334134"
3.85148,50.89676,15.5,"facade","334137"
4.549063,51.22592,18.5,"facade","334152"
4.583245,50.78209,15.6,"facade","334158"
4.74862597852953,51.1400149965141,19.7,"facade","334161"
3.034503,50.9087,19.7,"facade","334167"
5.435136,50.93227,21.3,"facade","334173"
5.270678,50.87121,18,"facade","334176"
3.303578,51.08272,19.3,"facade","334182"
4.410974,51.21159,39,"facade","334188"
3.211693,51.09792,25.2,"facade","334191"
3.50842,50.95817,17.5,"facade","334194"
5.211123,50.95977,17.2,"facade","334197"
3.219869,51.03771,19.3,"facade","334203"
4.136982,50.86757,21.5,"facade","334212"
4.995363,51.10047,18.8,"facade","334221"
5.478164,50.83135,15.7,"facade","334230"
4.526157,51.03097,19,"facade","334233"
4.440837,51.17032,25.5,"facade","334242"
4.515406,51.25297,23.9,"facade","334254"
4.860803,51.31747,18.4,"facade","334257"
4.562186,51.30495,21,"facade","334269"
3.136413,50.96597,29.2,"facade","334272"
3.103348,50.87833,18.4,"facade","334278"
4.142511,51.17633,49.1,"facade","334287"
5.178474,50.88653,15.8,"facade","334293"
4.94802655122312,50.7683459157205,16.9,"facade","334296"
4.451717,51.46498,19.9,"facade","334326"
3.8131,51.00441,20.9,"facade","334332"
3.199527,50.97807,20.8,"facade","334347"
4.624861,51.15053,18.2,"facade","334350"
3.733094,51.18188,24.3,"facade","334353"
4.381285,51.10059,25.2,"facade","334356"
3.088764,50.82532,19.2,"facade","334377"
4.761239,51.13465,25.3,"facade","334383"
4.167384,51.19761,24,"facade","334386"
4.618716,50.96958,19.3,"facade","334392"
5.40848262391561,50.7346961464001,15.1,"facade","334398"
3.070818,51.28858,22.3,"facade","334407"
4.166916,50.99584,19.2,"facade","334410"
4.50924,51.30639,19.4,"facade","334419"
4.426683,51.21326,37.3,"facade","334434"
3.079883,51.07157,23.6,"facade","334437"
4.355983,51.16513,28.6,"facade","334440"
4.849902,50.97765,16.2,"facade","334449"
2.975273,51.16148,23.2,"facade","334467"
3.32094827514978,50.9323290319158,17.4,"facade","334515"
5.122105,51.19653,22.5,"facade","334527"
4.810723,50.97492,16.8,"facade","334542"
5.12741095505631,51.0038939759935,15.2,"facade","334554"
3.164026,51.10238,23.1,"facade","334584"
3.250058,51.23197,23.1,"facade","334596"
3.470219,51.19373,23,"facade","334611"
4.320681,51.22255,31,"facade","334617"
3.54681,51.18802,23.7,"facade","334632"
4.112271,51.14674,20.5,"facade","334638"
4.463066,51.06705,28.7,"facade","334647"
3.25858,51.16816,22.4,"facade","334674"
4.676932,51.15422,20.1,"facade","334680"
3.47411,50.83854,23.4,"facade","334683"
3.27019992968271,50.840300277403,20.8,"facade","334692"
4.640016,50.86775,22.4,"facade","334701"
3.398651,50.83705,29,"facade","334704"
3.646378,50.90709,22.7,"facade","334713"
4.907514,51.24788,16.3,"facade","334719"
3.869732,51.00877,18.5,"facade","334734"
5.212448,50.99647,26.7,"facade","334740"
4.677229,51.01591,18.9,"facade","334743"
3.698587,51.06413,27.2,"facade","334752"
5.346714,50.92039,24.4,"facade","334758"
4.757921,51.13754,19.2,"facade","334761"
3.775199,50.97935,23.8,"facade","334770"
5.107838,50.8302,16.6,"facade","334785"
3.758763,51.02448,28.3,"facade","334788"
4.179424,50.86892,24.1,"facade","334800"
5.742659,51.17214,17.7,"facade","334803"
5.664421,50.97799,15.6,"facade","334806"
5.363713,50.99219,23.3,"facade","334818"
3.930998,50.98804,17.4,"facade","334821"
3.407455,51.01481,16,"facade","334824"
3.93476,50.75431,17.3,"facade","334827"
3.933967,51.00991,31.6,"facade","334830"
4.428333,51.31995,19.5,"facade","334845"
3.953069,50.99492,16.1,"facade","334848"
3.978633,51.00462,21,"facade","334857"
3.69499,50.84415,18.8,"facade","334869"
3.929352,50.98905,15.1,"facade","334875"
5.655088,50.89727,17.8,"facade","334884"
3.928416,51.01274,21.1,"facade","334890"
5.313752,51.02466,21.7,"facade","334899"
3.234545,51.18386,25.4,"facade","334911"
4.957236,51.30903,18.8,"facade","334914"
4.734021,50.85031,19,"facade","334926"
4.49792462205564,50.7841298394016,25.4,"facade","334929"
4.586494,51.3858,20.7,"facade","334938"
4.374418,51.1422,33.1,"facade","334941"
3.471745,51.00906,18.6,"facade","334947"
5.539282,51.03082,16.9,"facade","334956"
3.261973,50.80919,19.2,"facade","334959"
3.141464,50.94785,26.9,"facade","334983"
4.041898,50.93845,23.8,"facade","334986"
4.304898,51.01902,19,"facade","334995"
4.26029,51.2155,27.4,"facade","335007"
4.032004,50.94776,34.2,"facade","335010"
4.042395,50.94099,32.5,"facade","335022"
3.678703,51.07184,20,"facade","335025"
3.29808,51.08151,17.7,"facade","335031"
5.497145,51.0087,20.3,"facade","335034"
4.436188,51.2262,44.3,"facade","335037"
4.090343,50.9537,19.5,"facade","335040"
3.768264,51.04177,24.9,"facade","335049"
4.093675,50.95355,20.8,"facade","335055"
4.725015,50.84007,20.4,"facade","335058"
4.042243,50.93936,28.3,"facade","335064"
5.647231,51.05989,17.3,"facade","335067"
2.747536,50.79757,21.6,"facade","335070"
4.464866,51.17171,26.8,"facade","335073"
4.703895,50.8737,20.6,"facade","335082"
5.327929,51.21916,18.3,"facade","335088"
4.375042,50.76677,15.4,"facade","335094"
4.588142,51.01174,23.9,"facade","335103"
5.092808,51.04561,19.5,"facade","335109"
4.10733,50.83928,16.9,"facade","335112"
3.707864,51.00645,27.2,"facade","335115"
3.772953,51.05953,19.1,"facade","335118"
4.033443,50.92404,24.4,"facade","335139"
4.45967624471283,51.086977396804,32.5,"facade","335142"
3.711257,51.0712,27.6,"facade","335145"
4.042438,50.94376,23.7,"facade","335148"
3.779575,50.98244,22.3,"facade","335151"
4.051737,50.94755,26.1,"facade","335154"
3.133931,50.96238,22.7,"facade","335157"
4.341599,51.20359,37.4,"facade","335163"
4.238978,50.77282,11.7,"facade","335181"
4.633892,50.89961,15.4,"facade","335190"
3.81621,51.19782,22.5,"facade","335193"
4.143213,50.95567,20.2,"facade","335196"
4.004929,50.92235,21.4,"facade","335199"
4.0436,50.94438,19.9,"facade","335202"
4.04492,50.94316,24.2,"facade","335205"
3.64261,50.97412,24.1,"facade","335214"
4.03328,50.93904,43.3,"facade","335220"
4.026587,50.93419,23,"facade","335226"
5.079521,51.13252,23.7,"facade","335232"
4.05522883338454,50.9410614194068,17.9,"facade","335235"
4.043299,50.91794,17.9,"facade","335241"
4.036408,50.94369,32.1,"facade","335256"
4.048389,50.98906,17,"facade","335295"
4.07046,50.97012,18.6,"facade","335298"
4.191817,50.83598,21,"facade","335328"
3.756151,51.01683,21.9,"facade","335334"
4.04014737238747,50.8233498860894,33.5,"facade","335340"
3.234631,51.1627,35.5,"facade","335352"
4.357612,51.32881,31.4,"facade","335358"
5.00618442113305,51.1065102322169,23.9,"facade","335361"
4.432733,51.4398,17.2,"facade","335367"
3.192258,51.19072,21.8,"facade","335391"
4.450352,51.25316,30.5,"facade","335397"
3.321987,50.86378,21.2,"facade","335403"
4.143041,51.16741,25.2,"facade","335409"
3.971049,50.86254,16.3,"facade","335412"
4.362059,51.01305,24.1,"facade","335418"
3.65322,51.02182,19.5,"facade","335424"
3.645269,50.99391,22.8,"facade","335433"
3.634321,50.85453,21.3,"facade","335448"
5.542102,51.25912,16.1,"facade","335451"
4.290681,50.78806,23.3,"facade","335454"
4.460302,51.35612,21.3,"facade","335466"
2.864366,50.80946,17.4,"facade","335493"
5.17394,51.10146,16.8,"facade","335499"
4.546998,51.00496,18,"facade","335502"
5.161233,50.94218,16.9,"facade","335517"
4.51530411458493,51.0323232724332,32.5,"facade","335526"
3.730493,51.06786,28.3,"facade","335529"
3.323668,51.00075,26.9,"facade","335532"
4.242178,51.20621,48,"facade","335538"
4.756786,50.88861,24.3,"facade","335547"
3.72495860784085,51.0365621159008,26.4,"facade","335559"
4.502304,50.84439,24.8,"facade","335562"
5.739641,51.15444,17.4,"facade","335565"
4.008717,50.9201,22,"facade","335574"
3.44657,50.77444,21,"facade","335589"
4.523016,50.85824,19.7,"facade","335592"
4.86806285674563,51.0884553871208,22.2,"facade","335604"
5.129012,51.06848,20.7,"facade","335607"
3.04788810543645,51.1732451142028,18.9,"facade","335613"
5.044716,51.20254,13.1,"facade","335622"
4.535708,50.76493,19,"facade","335628"
4.839433,51.08355,16.5,"facade","335661"
5.29320254776924,51.2329367839666,17.8,"facade","335667"
3.46392094935067,51.0453867909822,20.6,"facade","335676"
5.470089,50.78279,24.7,"facade","335685"
4.793003,51.04273,15.2,"facade","335694"
4.470467,50.84258,21.5,"facade","335700"
3.227143,50.80945,22.7,"facade","335712"
3.744737,51.05568,22.9,"facade","335718"
5.356012,50.92687,22.3,"facade","335724"
4.457216,51.19881,32.4,"facade","335727"
4.474984,51.20525,33.7,"facade","335745"
5.480629,51.01837,19.2,"facade","335757"
4.519966,51.25135,21.8,"facade","335760"
4.864441,51.01022,15.9,"facade","335781"
4.244243,50.87222,23.3,"facade","335784"
4.329983,51.36031,26.3,"facade","335802"
3.212534,51.33332,34.2,"facade","335814"
5.229837,51.00707,17.2,"facade","335820"
4.65406,50.84712,16.7,"facade","335826"
5.007531,51.41208,17.9,"facade","335832"
2.72076868646781,50.878925113248,16.7,"facade","335847"
4.416059,51.27881,27.5,"facade","335868"
4.297111,50.91277,26.4,"facade","335880"
4.642363,50.75887,15.8,"facade","335883"
4.357092,51.06806,27.3,"facade","335889"
3.885733,51.19273,21.8,"facade","335907"
4.109231,50.97737,19,"facade","335910"
4.917074,51.13456,22.4,"facade","335913"
4.869317,51.26775,18.9,"facade","335916"
5.023858,50.83796,15.7,"facade","335922"
4.136908,50.74027,14.6,"facade","335925"
4.628035,51.14085,18.7,"facade","335934"
5.10401,50.7314,16.4,"facade","335940"
3.72596,51.04515,20,"facade","335943"
4.65582,50.9154,15.5,"facade","335946"
3.028857,51.2293,25.8,"facade","335964"
3.200654,51.2001,25.9,"facade","335970"
4.442624,51.19612,35.1,"facade","335976"
4.683963,51.15831,18,"facade","335994"
4.896482,50.81771,16.2,"facade","336003"
4.066803,50.97122,26.1,"facade","336006"
4.028795,50.96383,21.6,"facade","336015"
4.282365,51.25414,30.5,"facade","336039"
2.865102,50.92537,21.8,"facade","336042"
4.13505,50.93447,18,"facade","336054"
4.553099,50.9563,17.6,"facade","336057"
4.055381,50.98294,16.2,"facade","336072"
4.53322,50.88061,18.1,"facade","336075"
3.717632,51.05222,23.1,"facade","336081"
4.057554,50.93791,20.4,"facade","336084"
4.589672,51.15592,19,"facade","336087"
3.892942,50.9053,20.7,"facade","336093"
4.93876,51.30412,17.6,"facade","336099"
4.0515,50.9262,20.4,"facade","336102"
3.771368,50.98043,24.6,"facade","336117"
4.193835,50.91937,18.6,"facade","336120"
5.085087,51.16395,15.2,"facade","336123"
4.52861474982816,51.3328336553055,15.8,"facade","336126"
4.074674,50.93661,20.4,"facade","336129"
4.033468,50.93474,24.1,"facade","336135"
4.92431560171227,50.9202506071833,16.5,"facade","336144"
4.836292,51.0862,19.2,"facade","336150"
3.502346,50.83456,17.6,"facade","336153"
4.045949,50.94165,22.9,"facade","336162"
4.461752,50.85246,24.6,"facade","336177"
4.049091,50.93498,28.7,"facade","336180"
3.233273,51.20355,35.7,"facade","336192"
3.286821,51.04184,18.5,"facade","336195"
4.904151,51.13478,24.2,"facade","336207"
2.904334,50.87413,20.3,"facade","336219"
3.196169,51.15546,36.7,"facade","336255"
3.295207,50.82216,26.5,"facade","336267"
4.667953,51.09005,19.8,"facade","336282"
4.498085,51.0162,31.1,"facade","336285"
4.029939,50.94245,25.9,"facade","336288"
3.009961,50.82908,23.7,"facade","336291"
3.804638,50.9046,17.4,"facade","336300"
4.492731,50.84817,18,"facade","336321"
3.439977,51.22521,19.4,"facade","336327"
4.833786,51.19316,17.9,"facade","336348"
3.432447,50.81963,18.7,"facade","336351"
3.151968,50.95595,20.4,"facade","336363"
4.782696,50.81432,19,"facade","336384"
3.918309,50.91662,19.9,"facade","336390"
4.32193892816809,50.7413552763439,18.3,"facade","336405"
3.039775,50.93182,18.8,"facade","336414"
4.495076,51.12431,29.9,"facade","336429"
3.89105074951044,51.0079911699668,24.8,"facade","336459"
4.476084,50.82366,31.6,"facade","336465"
3.876009,51.00443,22.1,"facade","336474"
3.769478,51.05636,28.2,"facade","336477"
3.790476,51.20557,21.1,"facade","336486"
4.2624,50.84489,28.2,"facade","336489"
4.083986,51.10954,21,"facade","336492"
3.50471563192379,51.1160446411301,20.2,"facade","336504"
5.50826,50.88302,18.1,"facade","336546"
5.794978,51.10887,18.4,"facade","336549"
4.662372,50.87649,26,"facade","336579"
3.116559,50.97351,23,"facade","336582"
4.876774,50.88855,15.3,"facade","336588"
4.660872,50.83595,16.5,"facade","336597"
5.712896,51.09773,16.9,"facade","336603"
5.049412,51.19543,16.5,"facade","336606"
5.808858,51.13319,18.8,"facade","336621"
3.126276,50.93336,19.9,"facade","336624"
5.816687,51.15012,17.6,"facade","336627"
3.796314,50.99485,26.2,"facade","336639"
4.427153,51.1883,40.3,"facade","336663"
4.828553,51.17309,18.2,"facade","336669"
5.67273,51.11629,20.4,"facade","336672"
3.967183,50.81704,17.6,"facade","336678"
4.17279604428916,51.0210941087186,24.9,"facade","336687"
5.682156,50.97979,17.9,"facade","336690"
5.373476,51.10213,20.8,"facade","336693"
2.883931,50.85144,24.7,"facade","336696"
4.154795,50.87043,19.7,"facade","336702"
4.825875,51.12427,23.3,"facade","336714"
3.735107,51.04964,31,"facade","336717"
4.109814,50.88956,24.8,"facade","336732"
4.005033,51.09347,22.2,"facade","336744"
4.367438,50.90593,25.6,"facade","336747"
3.13805,50.93708,20.8,"facade","336753"
3.250192,50.92818,20.7,"facade","336771"
3.193883,51.21533,22.6,"facade","336780"
4.517211,51.05085,31,"facade","336789"
3.979917,51.09974,22.5,"facade","336798"
3.71579,51.0303,29.3,"facade","336801"
4.84733,50.99867,22.9,"facade","336810"
4.110573,51.17991,24.9,"facade","336816"
4.470307,51.38759,16.5,"facade","336822"
5.360632,50.89953,21.1,"facade","336843"
4.745036,50.86386,19.3,"facade","336846"
5.167605,50.94106,23.3,"facade","336849"
4.338617,50.74248,17,"facade","336855"
4.665523,51.1152,17,"facade","336867"
4.628935,51.28081,16.1,"facade","336879"
2.732166,51.06578,24.2,"facade","336885"
3.16036293540259,50.9341028739944,20.4,"facade","336888"
4.979094,51.15781,23.1,"facade","336891"
5.191924,50.98602,25.8,"facade","336897"
3.274059,50.84839,18.9,"facade","336915"
3.88718,50.84465,17.5,"facade","336924"
4.583974,51.23715,20.5,"facade","336933"
5.563122,50.95203,15.9,"facade","336942"
4.623401,50.86167,18.5,"facade","336945"
4.351204,50.768,19.3,"facade","336948"
4.89264042667152,50.7703997460232,15.5,"facade","336951"
4.340139,51.17254,27.5,"facade","336966"
4.694679,50.88885,47.1,"facade","336990"
5.308925,50.87091,20,"facade","337002"
4.86414,51.26068,18.2,"facade","337014"
4.640622,51.14043,16.6,"facade","337017"
4.106253,51.04383,19.7,"facade","337038"
3.732561,51.05604,29.2,"facade","337041"
3.498644,50.95076,23.5,"facade","337050"
3.729346,51.08236,23.4,"facade","337056"
4.84965,51.08667,19.3,"facade","337059"
2.861789,50.99609,14.9,"facade","337065"
5.583145,51.09626,15.4,"facade","337071"
5.484695,50.96036,27.8,"facade","337098"
4.390373,51.18944,39.6,"facade","337116"
5.445578,51.20121,15.3,"facade","337119"
4.215604,50.96292,24.4,"facade","337125"
3.142909,50.93922,26.6,"facade","337134"
3.258226,50.84196,26.7,"facade","337137"
4.783121,50.8897,14.9,"facade","337149"
3.242291,50.84905,22.1,"facade","337155"
4.398015,51.17658,31.3,"facade","337164"
4.134261,51.16813,26.7,"facade","337167"
3.655227,51.02662,27.9,"facade","337176"
3.909181,51.09018,19.8,"facade","337179"
3.237917,51.21882,21.6,"facade","337182"
4.463464,51.25062,23.3,"facade","337194"
4.797278,50.98991,26.8,"facade","337203"
5.38129584680168,50.9889331714062,18.4,"facade","337215"
4.72941302166447,51.07507268341,19.6,"facade","337230"
4.447151,51.17612,25.9,"facade","337242"
3.059184,50.90595,18.7,"facade","337245"
4.803825,51.38007,16.7,"facade","337254"
3.639024,50.93193,21,"facade","337257"
4.08608625676551,51.0028645791471,20,"facade","337260"
5.294519,50.93779,31.7,"facade","337263"
5.170439,51.03468,20.4,"facade","337311"
3.194696,50.97665,22.1,"facade","337320"
4.75086,51.40356,20.4,"facade","337329"
3.363686,51.204,19,"facade","337344"
4.196163,51.21579,21,"facade","337356"
3.802413,51.08893,23.1,"facade","337362"
5.002884,51.09783,15.9,"facade","337377"
5.081706,51.12725,16.9,"facade","337380"
4.131681,51.16504,29.6,"facade","337383"
4.461605,51.15149,26,"facade","337416"
5.100038,51.20359,16.9,"facade","337431"
5.24159,51.03806,18,"facade","337437"
3.845392,50.86481,25.4,"facade","337440"
3.1553266132387,51.1868069708691,19.7,"facade","337446"
3.886679,51.00217,24.8,"facade","337449"
4.583524,51.23058,19.1,"facade","337494"
3.278257,50.8171,25.6,"facade","337503"
4.756439,51.21588,16.7,"facade","337518"
2.82449,51.05234,17.9,"facade","337533"
4.172036,50.81292,21.3,"facade","337545"
4.46212,50.85888,21.4,"facade","337560"
3.898311,51.10351,20.4,"facade","337578"
4.118432,50.82483,18.8,"facade","337593"
4.720193,50.92537,20.2,"facade","337599"
5.135949,51.20991,19.3,"facade","337629"
3.40769,50.96767,18.1,"facade","337635"
3.524744,50.77658,17.6,"facade","337641"
3.759711,51.01199,23.1,"facade","337650"
4.432448,51.21351,31.6,"facade","337656"
4.46649,50.85779,23.2,"facade","337659"
3.112412,50.96072,20.9,"facade","337686"
4.483465,51.02588,26.3,"facade","337698"
3.112292,50.94799,30.4,"facade","337701"
4.433241,51.31561,19.8,"facade","337707"
3.130539,50.96303,19.2,"facade","337716"
4.122534,51.18875,21.4,"facade","337722"
3.594244,50.85172,20.8,"facade","337740"
4.36498077180603,50.7427477719922,19.2,"facade","337746"
3.793532,50.99511,21.6,"facade","337791"
5.526274,50.99838,14.7,"facade","337800"
4.642969,51.26689,27.4,"facade","337803"
4.461411,51.06739,23.2,"facade","337806"
3.21021488312242,50.8376837987304,23.7,"facade","337809"
2.739678,50.93315,20.9,"facade","337812"
4.480941,50.83874,22.5,"facade","337830"
4.399296,51.21434,34.6,"facade","337836"
4.91451998861326,51.089613252643,25.2,"facade","337845"
3.113515,50.94944,21.4,"facade","337854"
4.332318,50.75487,15.8,"facade","337860"
4.571094,51.13431,31.3,"facade","337863"
3.985424,51.13072,19.6,"facade","337869"
4.604119,51.23371,16.7,"facade","337881"
5.48644,51.25885,13.5,"facade","337884"
3.203523,51.19719,20.1,"facade","337896"
3.445507,51.08544,23.6,"facade","337905"
4.792114,50.8718,14.9,"facade","337914"
5.79412374099226,51.0992734443796,22.1,"facade","337917"
4.029691,50.90046,17.8,"facade","337923"
3.017238,51.09117,16.5,"facade","337929"
4.518867,50.74908,35,"facade","337932"
4.506869,50.82098,22.3,"facade","337935"
3.158148,51.10346,19.3,"facade","337938"
4.518622,50.83241,18.6,"facade","337941"
3.587387,51.07561,18.6,"facade","337944"
4.489972,51.02108,35.2,"facade","337959"
3.23882685425084,51.1873314041479,21.4,"facade","337962"
5.341965,50.93397,20.3,"facade","337965"
4.310582,50.94988,33.9,"facade","337989"
4.860531,51.03176,13.2,"facade","337992"
3.404769,50.90764,32,"facade","338013"
4.603388,51.00174,16.8,"facade","338016"
5.391442,51.00835,22.5,"facade","338019"
5.339521,50.99122,19.5,"facade","338031"
3.18406828625548,50.9148869965063,20.4,"facade","338037"
4.031721,50.95294,26,"facade","338040"
4.098863,50.9401,23.2,"facade","338061"
5.407618,51.20207,15.1,"facade","338070"
4.52233,51.09325,23.1,"facade","338088"
4.497785,50.86439,24.3,"facade","338112"
4.498371,51.31209,15.8,"facade","338115"
4.065018,50.82827,17.1,"facade","338118"
4.451277,51.09921,24.4,"facade","338124"
3.251843,50.83208,28.8,"facade","338136"
4.355977,50.91025,27.7,"facade","338145"
5.199201,50.95908,18.3,"facade","338148"
4.485408,50.86227,26.7,"facade","338151"
5.452845,51.23601,20.5,"facade","338157"
2.775634,50.78032,17.1,"facade","338160"
4.047931,50.90224,21.1,"facade","338166"
3.660855,50.84058,15.2,"facade","338169"
5.472723,50.77292,15.2,"facade","338175"
4.080773,51.13614,23.1,"facade","338178"
3.133648,50.93336,25.8,"facade","338193"
5.082275,51.32122,17.3,"facade","338202"
4.055269,51.23407,19.9,"facade","338205"
3.79706,50.91712,16.1,"facade","338229"
4.190497,50.91611,22.1,"facade","338241"
4.28329182238672,50.9001727422805,20.4,"facade","338244"
4.09430039698837,51.259061051686,21,"facade","338247"
4.4454816792305,51.2521037343643,25.2,"facade","338250"
4.670496,51.09159,20.8,"facade","338268"
3.699106,51.02471,22.6,"facade","338289"
2.62300117825926,50.9841208727165,20.3,"facade","338298"
4.437125,51.14249,25.9,"facade","338325"
4.276181,50.84641,33.1,"facade","338331"
3.577663,51.19104,21.7,"facade","338334"
4.336582,51.18496,23.7,"facade","338346"
4.20715,51.05824,25.8,"facade","338355"
3.643916,50.83938,17.7,"facade","338367"
2.665573,50.87051,16.6,"facade","338370"
3.789406,50.88103,16.4,"facade","338373"
5.35866,50.99415,20.5,"facade","338382"
4.42451875161942,51.1652066613571,29.5,"facade","338388"
3.11712493817899,50.9459934030402,28,"facade","338397"
5.475473,51.26834,18.5,"facade","338400"
3.453494,51.21178,19.2,"facade","338409"
4.418712,50.97886,21,"facade","338412"
5.565047,50.95634,16.3,"facade","338415"
4.499299,51.069,21.4,"facade","338418"
3.799196,50.79511,18.1,"facade","338436"
5.048049,50.90681,15.7,"facade","338439"
5.328591,50.93919,22.1,"facade","338487"
5.794852,51.08086,18,"facade","338490"
3.139509,50.93212,23.5,"facade","338493"
4.140494,51.18328,21.4,"facade","338502"
4.590445,51.24127,23.8,"facade","338514"
3.466393,51.07787,19.7,"facade","338541"
5.21743,51.07148,20.8,"facade","338562"
3.443402,51.09387,20.6,"facade","338574"
4.248845,50.78589,16.9,"facade","338580"
4.890489,51.32398,15,"facade","338592"
3.124557,50.79457,25.5,"facade","338595"
3.829694,50.76245,14.8,"facade","338604"
4.567758,51.1362,22.9,"facade","338616"
3.981771,50.97076,18.9,"facade","338628"
4.607637,51.14877,18.1,"facade","338643"
4.787218,51.05585,22.1,"facade","338646"
3.323907,50.99362,19.8,"facade","338670"
4.670448,50.89931,19.4,"facade","338673"
3.319987,51.15858,17.2,"facade","338685"
4.428619,51.27964,28.3,"facade","338691"
4.293989,51.12927,19.6,"facade","338703"
5.737982,50.95453,20.8,"facade","338721"
3.131899,51.08528,19.4,"facade","338724"
3.633706,51.00541,19.6,"facade","338727"
4.199851,51.06619,21.8,"facade","338736"
4.547514,51.15265,20.2,"facade","338754"
3.31492,50.85959,23.8,"facade","338763"
4.096134,51.12418,26.6,"facade","338784"
4.453813,51.14215,24.3,"facade","338790"
3.342545,50.92561,18.2,"facade","338799"
5.444398,51.22098,16.4,"facade","338802"
5.16981,51.04586,20,"facade","338817"
4.600078,50.77038,14.9,"facade","338844"
4.873406,50.85189,16,"facade","338868"
3.66107,50.96841,24.9,"facade","338877"
3.028022,51.12855,23.4,"facade","338886"
3.762948,51.07167,21.9,"facade","338898"
3.967211,50.81652,17.3,"facade","338913"
5.049359,50.98594,20.5,"facade","338916"
3.882919,50.7539,15,"facade","338922"
4.046894,50.91714,21.3,"facade","338925"
3.52491525300641,51.2182815789821,18.9,"facade","338928"
3.74945,50.98061,20.4,"facade","338937"
4.294992,51.07361,33.4,"facade","338940"
4.698564,50.89809,26.2,"facade","338955"
4.588768,50.84696,19.6,"facade","338958"
5.503987,51.09341,17.5,"facade","338964"
3.160691,50.84967,23.8,"facade","338967"
4.324771,50.74243,17.8,"facade","338976"
2.893099,50.85787,22.7,"facade","338979"
4.171034,51.16899,24.7,"facade","338988"
4.598809,50.90053,14.6,"facade","339003"
3.222448,51.17427,22.2,"facade","339033"
3.780012,50.95758,20.7,"facade","339039"
5.420659,51.20875,28.7,"facade","339042"
3.955407,50.8416,17.8,"facade","339045"
4.399512,51.19649,30.3,"facade","339051"
3.114557,50.95038,22.1,"facade","339069"
5.160319,51.05178,18.3,"facade","339081"
5.027541,51.17069,17.8,"facade","339084"
3.755053,51.06904,24.5,"facade","339096"
5.401243,51.15027,14.9,"facade","339114"
3.625978,51.28002,18.1,"facade","339117"
3.200987,51.18397,25.2,"facade","339138"
4.870829,51.08838,21.4,"facade","339144"
3.050836,50.97518,16.3,"facade","339147"
3.140104,51.15419,21.9,"facade","339153"
2.611694,51.05034,18.8,"facade","339162"
4.215382,51.12764,37.5,"facade","339165"
3.721072,51.04355,28.5,"facade","339168"
4.280865,51.07458,23.3,"facade","339171"
5.412485,50.81175,17.2,"facade","339174"
3.125659,51.1494,17.6,"facade","339192"
3.747745,51.01918,22,"facade","339195"
4.453951,51.11187,22.6,"facade","339210"
2.962109,51.24214,23.5,"facade","339213"
5.304489,50.87912,21.5,"facade","339219"
4.497744,50.8761,22.3,"facade","339228"
5.126192,50.97662,17.4,"facade","339231"
4.462649,51.41636,16.9,"facade","339243"
4.502632,51.47683,19.5,"facade","339249"
4.525953,51.19926,32.6,"facade","339258"
5.349365,51.00349,22.9,"facade","339267"
3.696905,51.23725,18.4,"facade","339270"
4.412924,51.19377,36.3,"facade","339297"
4.873057,51.08798,32.6,"facade","339315"
5.609955,50.88781,15.4,"facade","339333"
4.166802,51.29171,27.4,"facade","339336"
3.106046,51.1741,20.8,"facade","339342"
4.426639,51.21467,36.3,"facade","339345"
4.987391,51.24697,15.3,"facade","339381"
3.334993,50.87089,21.6,"facade","339387"
5.471691,50.93145,27.4,"facade","339390"
4.994013,51.16639,16.6,"facade","339396"
5.064742,50.86664,15.8,"facade","339399"
4.656677,51.02737,16.9,"facade","339417"
3.708949,51.0744,25.5,"facade","339432"
4.931705,50.80972,30.9,"facade","339444"
4.735839,51.04926,22.6,"facade","339450"
5.080913,50.74987,27.9,"facade","339453"
3.355022,50.94499,20,"facade","339468"
3.681508,50.81766,16,"facade","339474"
3.65209,50.91282,28,"facade","339498"
3.958293,50.94247,18.7,"facade","339501"
4.840662,51.09077,34.8,"facade","339507"
4.512793,51.28908,22.7,"facade","339513"
3.335829,50.87011,23.5,"facade","339516"
4.192632,51.10203,20,"facade","339534"
4.038371,51.08033,24.7,"facade","339537"
4.530634,51.25437,17.2,"facade","339546"
5.091426,51.32493,20.4,"facade","339555"
5.396859,51.06036,28.9,"facade","339558"
2.612605,51.09402,23.9,"facade","339564"
4.282695,51.02349,19.4,"facade","339570"
3.157687,50.98936,19.1,"facade","339582"
4.454474,51.13721,22.8,"facade","339594"
5.399901,50.84077,18.9,"facade","339603"
3.931964,50.79166,13.7,"facade","339606"
4.296147,50.91458,20.8,"facade","339615"
5.060743,50.80492,20.2,"facade","339621"
4.845329,50.87193,15.3,"facade","339633"
3.814346,50.75965,17.8,"facade","339642"
3.114984,50.93765,25.3,"facade","339645"
4.954797,51.32276,17.7,"facade","339648"
3.457669,51.04275,17.4,"facade","339651"
2.91259,51.2193,27.7,"facade","339702"
5.037495,50.99697,16,"facade","339726"
5.012337,50.91126,19.2,"facade","339744"
3.328166,50.99924,30,"facade","339747"
4.308067,51.36084,24.5,"facade","339753"
3.152416,50.92671,18.5,"facade","339762"
3.730293,50.95243,19.9,"facade","339777"
3.67585,50.91776,16.7,"facade","339783"
4.364286,50.93311,27.4,"facade","339804"
4.618671,50.89892,19.1,"facade","339813"
3.755145,51.0215,26.3,"facade","339819"
5.535741,50.98603,19.9,"facade","339825"
3.977937,50.94794,21,"facade","339834"
4.162762,51.11348,20.6,"facade","339840"
4.480307,51.03537,26.6,"facade","339846"
4.932569,51.3164,25.1,"facade","339873"
4.566254,51.13167,33.9,"facade","339879"
3.270928,50.82051,25.8,"facade","339891"
4.4262361061635,51.0790023165403,24.8,"facade","339900"
4.959363,50.98332,17.2,"facade","339924"
4.488306,51.03086,27.4,"facade","339936"
4.51937,51.31723,18.1,"facade","339939"
4.59088,50.89303,19.2,"facade","339954"
4.101053,50.87908,26.6,"facade","339957"
3.134737,51.1906,17.6,"facade","339966"
3.371692,50.77171,17.6,"facade","339969"
5.124757,51.20933,19,"facade","339996"
5.278762,51.08119,12.4,"facade","339999"
3.262243,50.83297,23.3,"facade","340008"
3.198052,51.15719,23.3,"facade","340011"
4.910568,51.22709,14.5,"facade","340017"
3.305088,50.77682,22.2,"facade","340029"
4.086536,51.18576,19.2,"facade","340041"
3.189434,51.15637,23.8,"facade","340059"
4.779312,51.26695,17.4,"facade","340074"
3.613044,51.04244,26.7,"facade","340080"
3.78769861172589,50.8432347418606,18.9,"facade","340104"
4.602415,50.80293,14.8,"facade","340131"
4.203812,50.91512,19.3,"facade","340140"
3.219744,51.19237,21.9,"facade","340143"
4.86329420398415,51.1157333775911,21.4,"facade","340149"
3.74505,50.95843,19.3,"facade","340152"
4.378329,51.09296,32.8,"facade","340167"
4.607305,51.02195,17.2,"facade","340176"
4.455018,51.18108,23.2,"facade","340182"
3.668005,50.91504,18.4,"facade","340185"
4.572905,50.9685,20.3,"facade","340194"
4.57754,51.00895,15.4,"facade","340200"
4.729445,50.83754,19.9,"facade","340203"
5.812199,51.13591,15.1,"facade","340209"
4.696853,50.86925,36.3,"facade","340215"
5.441764,50.86732,16.6,"facade","340218"
4.485073,50.84306,29.9,"facade","340221"
4.946447,51.3436,14.6,"facade","340230"
4.098384,50.98362,21.5,"facade","340248"
3.980984,51.11228,19.6,"facade","340251"
4.32219,51.09007,21.8,"facade","340254"
4.802236,51.01593,20.2,"facade","340266"
2.962991,50.85592,20.3,"facade","340275"
4.437402,51.2121,36.8,"facade","340281"
3.713684,50.85969,15,"facade","340287"
3.294764,50.83931,22.7,"facade","340290"
3.22638,50.80398,22.9,"facade","340293"
4.92639577268304,51.109222381592,17.7,"facade","340305"
5.447682,51.13314,20,"facade","340323"
2.905146,51.22036,25.6,"facade","340326"
3.578325,51.0125,17.3,"facade","340353"
5.52216608129721,51.1037720677848,15.1,"facade","340362"
3.859444,51.19443,21.3,"facade","340365"
3.164545,50.76978,28.3,"facade","340368"
3.761786,51.01466,27.5,"facade","340374"
5.182617,51.10677,17,"facade","340389"
3.163842,50.78404,23,"facade","340395"
3.236554,50.81137,30.6,"facade","340407"
3.027242,51.2673,21,"facade","340419"
4.971153,51.35155,16.2,"facade","340422"
4.331389,51.21743,31.5,"facade","340425"
4.54122262111658,51.1729605711154,23.9,"facade","340437"
4.347919,51.16,29,"facade","340443"
4.718945,51.08825,16.8,"facade","340470"
3.572154,50.90301,17.9,"facade","340476"
4.9205,51.30793,24.5,"facade","340485"
4.424886,51.21898,38.3,"facade","340494"
4.475399,51.29898,18.8,"facade","340497"
4.139438,51.1559,25.2,"facade","340506"
3.072386,50.97785,18.7,"facade","340512"
4.266466,51.12333,21.1,"facade","340527"
5.078506,51.25963,21.2,"facade","340539"
5.695545,50.97087,18.3,"facade","340548"
5.249485,50.99877,30.2,"facade","340551"
5.188323,50.81655,21.4,"facade","340566"
3.139767,50.93046,25.9,"facade","340578"
4.779925,50.94626,22.7,"facade","340581"
2.929705,51.21237,25.6,"facade","340587"
4.339095,51.11545,23.9,"facade","340626"
3.245833,50.84076,18.3,"facade","340632"
4.498818,51.05103,24.1,"facade","340638"
4.541193,51.21301,21.9,"facade","340644"
4.58798,51.03685,17.7,"facade","340656"
4.518079,51.15624,26.7,"facade","340662"
5.117953,51.24458,17.2,"facade","340668"
3.135709,50.95176,20.5,"facade","340674"
3.283216,50.83335,20.6,"facade","340680"
3.352756,50.85239,23.8,"facade","340701"
3.015965,51.09499,20.2,"facade","340710"
4.85965,51.14374,32.8,"facade","340722"
4.433733,51.21779,35.7,"facade","340737"
3.447574,51.20458,19.9,"facade","340749"
3.571288,51.00501,15.9,"facade","340767"
5.432321,51.22963,21,"facade","340776"
2.908294,51.21577,24.5,"facade","340779"
3.711805,51.05291,24,"facade","340788"
4.45814,51.10153,24.8,"facade","340791"
4.900781,51.16732,22.2,"facade","340800"
3.823747,50.81265,17.2,"facade","340809"
4.902652,51.17515,18.7,"facade","340824"
4.72145442557472,50.9247098155672,36.8,"facade","340830"
5.335571,50.93323,31.8,"facade","340833"
4.148171,51.16927,33,"facade","340839"
5.582945,51.04498,21,"facade","340845"
4.367034,51.11224,24.7,"facade","340848"
3.257054,50.83305,26.9,"facade","340851"
3.286509,50.83023,23.8,"facade","340857"
3.239284,50.78671,21.8,"facade","340860"
5.585455,51.04489,28.1,"facade","340872"
4.688602,51.2984,17.8,"facade","340875"
2.872266,50.99653,24,"facade","340878"
4.364549,50.93608,26,"facade","340881"
5.476656,51.22843,19.3,"facade","340884"
4.862373,51.14299,23.6,"facade","340887"
5.432866,51.2279,33,"facade","340896"
5.489522,51.22641,15.7,"facade","340908"
5.617908,51.05293,18.9,"facade","340917"
5.486636,51.22613,15,"facade","340926"
5.070588,50.9723,20.6,"facade","340929"
4.900366,51.1659,20,"facade","340932"
4.631786,51.05388,19.3,"facade","340938"
5.44698,51.20233,21.6,"facade","340941"
4.28574635228503,50.8047403123404,34.6,"facade","340956"
4.856032,51.14338,22.4,"facade","340962"
4.900998,51.16795,27.7,"facade","340995"
3.239763,50.76839,20.8,"facade","341001"
4.392064,51.20403,47,"facade","341007"
4.705254,50.99016,18.9,"facade","341013"
5.439025,51.24678,18.4,"facade","341019"
5.606716,51.05099,18.2,"facade","341028"
4.277264,50.79121,19.9,"facade","341031"
5.430447,51.24235,17.8,"facade","341034"
5.585298,51.04676,19.7,"facade","341040"
5.440378,51.24263,15.3,"facade","341049"
5.446668,51.22995,17.3,"facade","341055"
5.434855,51.2286,47,"facade","341064"
5.31711,50.90401,22.7,"facade","341067"
5.482673,51.23023,18.6,"facade","341073"
5.112702,51.20395,16.9,"facade","341085"
2.898317,50.76525,17.3,"facade","341088"
4.372468,50.93077,21.7,"facade","341091"
5.441297,51.21846,18.4,"facade","341094"
5.442882,51.20979,20,"facade","341103"
5.075658,50.75937,14.6,"facade","341106"
5.067584,50.97011,16.2,"facade","341112"
5.441997,51.20123,17.2,"facade","341115"
4.296565,50.78634,26.5,"facade","341121"
5.072216,50.75439,16.5,"facade","341124"
5.45096,51.20213,21.1,"facade","341136"
5.488661,51.22341,15.2,"facade","341142"
5.474665,51.21451,16.9,"facade","341154"
5.446566,51.23168,25.2,"facade","341166"
3.475402,50.80812,16.4,"facade","341172"
5.49004,51.22538,16.4,"facade","341175"
4.231844,50.80702,20.2,"facade","341178"
5.450886,51.20804,16,"facade","341181"
4.450352,51.16319,24.1,"facade","341184"
3.274098,50.83161,28.6,"facade","341214"
5.59114,51.05523,15.1,"facade","341229"
4.448205,51.2332,39.1,"facade","341244"
4.879339,50.90802,20.3,"facade","341247"
3.26487,50.82996,23,"facade","341250"
5.438338,51.2317,16.2,"facade","341259"
4.200474,50.78726,15.7,"facade","341262"
3.46705,50.77739,19.4,"facade","341271"
5.562095,51.03351,20,"facade","341280"
4.586467,51.23149,18.1,"facade","341286"
4.879037,50.7723,17.5,"facade","341298"
5.603898,51.13573,19.3,"facade","341301"
3.481518,51.00969,16.5,"facade","341304"
5.080875,50.75141,30,"facade","341325"
3.23029403996635,51.2078430588492,31.1,"facade","341343"
4.912144,51.22824,18.4,"facade","341346"
3.256536,51.19983,19.5,"facade","341355"
5.193314,51.21183,15.2,"facade","341364"
3.271818,51.1176,23.5,"facade","341373"
2.904677,50.86466,32.7,"facade","341376"
5.095877,51.245,16.1,"facade","341379"
4.400543,51.20846,44.1,"facade","341403"
3.770967,51.02383,27.8,"facade","341406"
4.698129,50.87455,19,"facade","341424"
4.041252,50.93732,27.3,"facade","341454"
3.782824,50.88052,28.4,"facade","341481"
3.636966,50.95963,18.8,"facade","341484"
4.539017,51.26079,22.7,"facade","341493"
3.369185,50.90954,20.7,"facade","341502"
3.22969,50.88481,27.1,"facade","341520"
3.494058,50.81108,25.4,"facade","341526"
4.346191,51.16039,27,"facade","341532"
4.479929,51.01605,29.4,"facade","341541"
5.114283,50.94769,21.1,"facade","341550"
3.725653,50.98239,25.1,"facade","341559"
5.564938,51.15572,18.4,"facade","341562"
3.673225,50.87144,15.9,"facade","341571"
4.351619,51.05971,33.3,"facade","341574"
4.791245,50.96522,18.8,"facade","341598"
3.810802,51.19436,28.1,"facade","341601"
4.666402,50.84399,18.8,"facade","341622"
5.518971,50.87174,23.5,"facade","341640"
5.083502,50.93795,17.4,"facade","341643"
3.746389,51.05977,34.9,"facade","341658"
4.077655,51.20793,19.8,"facade","341661"
4.83843,51.17652,21,"facade","341673"
4.234582,51.20259,26.3,"facade","341691"
5.517087,50.96176,19.8,"facade","341697"
5.525916,51.09824,17.6,"facade","341703"
3.233064,51.16365,22.6,"facade","341769"
4.090361,50.8348,18.5,"facade","341778"
4.425103,50.97543,19.1,"facade","341781"
4.418736,51.18353,30.2,"facade","341796"
4.418981,51.1853,31.3,"facade","341805"
4.101733,51.06066,19.5,"facade","341808"
3.155983,50.93992,27.2,"facade","341811"
4.401108,51.1628,27.5,"facade","341817"
3.689884,51.06194,21.8,"facade","341820"
5.21957,51.06343,28.8,"facade","341826"
2.89202927479492,51.0997868516733,22.4,"facade","341838"
3.882812,50.77052,23.7,"facade","341850"
4.947685,50.81897,18.5,"facade","341856"
3.876369,50.77209,27.5,"facade","341859"
4.983272,51.06897,30,"facade","341862"
4.412372,51.22028,34.5,"facade","341868"
2.741102,50.93381,19.8,"facade","341874"
4.70724,50.9536,23.7,"facade","341883"
3.330949,50.81562,19.3,"facade","341889"
4.235098,51.10056,24.9,"facade","341892"
3.762961,51.14254,21.2,"facade","341901"
4.371134,51.1735,26.4,"facade","341916"
3.251036,50.84594,21.7,"facade","341919"
4.086428,51.12593,23,"facade","341922"
3.977396,50.96654,44.7,"facade","341937"
5.217337,51.08926,15.8,"facade","341946"
3.586289,50.89851,16.2,"facade","341949"
2.918624,51.2264,28.4,"facade","341952"
4.761373,51.40136,37.1,"facade","341961"
4.880445,51.05279,17.7,"facade","341973"
5.267678,51.06004,15.9,"facade","341976"
4.94949,50.76475,15,"facade","341991"
5.217321,51.07116,16.2,"facade","341994"
4.763074,51.29688,18.1,"facade","342006"
3.227191,50.85324,27.3,"facade","342015"
5.292172,51.0574,12.5,"facade","342024"
3.768536,51.01295,25.3,"facade","342030"
4.44275626365961,50.889525612839,32.5,"facade","342042"
5.161991,51.03828,17.7,"facade","342048"
4.472649,50.88033,30.8,"facade","342066"
5.276703,51.06129,13.8,"facade","342072"
4.477376,50.88552,28.3,"facade","342075"
5.078957,51.00128,18.2,"facade","342078"
5.324853,51.08504,14.4,"facade","342084"
4.514004,50.86132,30.9,"facade","342093"
5.221034,51.07072,20.1,"facade","342096"
4.976709,51.3154,18,"facade","342099"
4.447056,50.86706,31,"facade","342102"
5.223931,51.08767,18.2,"facade","342108"
3.502519,51.20312,26.6,"facade","342111"
4.504769,50.88004,24.6,"facade","342114"
5.170747,51.04069,23.7,"facade","342141"
5.248713,51.08873,17.6,"facade","342150"
4.564124,51.19334,23.8,"facade","342156"
4.840555,51.09041,34.8,"facade","342162"
5.272414,51.05659,26.8,"facade","342168"
5.169623,51.04177,24,"facade","342177"
4.559257,50.9679,18.4,"facade","342192"
5.216914,51.05629,19.7,"facade","342198"
4.7399,50.91634,17.2,"facade","342207"
4.70162,50.92566,19.1,"facade","342210"
5.224438,51.07607,24.6,"facade","342234"
3.094762,51.27343,20.8,"facade","342237"
4.67231,50.90644,28.1,"facade","342249"
4.383634,50.93607,22.1,"facade","342252"
5.596747,50.811,26.4,"facade","342267"
4.829501,50.7897,16.7,"facade","342276"
4.065222,51.01654,32,"facade","342279"
3.795922,50.83301,20.1,"facade","342300"
3.707457,51.07284,29.9,"facade","342321"
4.462661,51.38985,24.4,"facade","342333"
3.809635,51.19414,22.1,"facade","342339"
4.159177,50.75952,16.9,"facade","342351"
4.398931,51.20794,46,"facade","342357"
4.992178,51.0169,18.7,"facade","342363"
3.399247,50.88104,20.3,"facade","342372"
4.488279,51.13454,20.7,"facade","342375"
4.15479,50.74023,20.6,"facade","342378"
4.576897,50.98194,17.2,"facade","342390"
4.348015,50.7445,21.8,"facade","342393"
4.352782,50.73872,16.6,"facade","342408"
4.462219,51.16236,23.6,"facade","342417"
5.221524,51.08957,17.3,"facade","342423"
4.585567,51.29403,18.1,"facade","342429"
4.041928,50.93815,23.6,"facade","342432"
4.588384,50.84673,19,"facade","342441"
4.33623304014667,51.1333526059599,28.8,"facade","342450"
5.467382,50.88749,17.3,"facade","342468"
4.639937,50.84052,21.3,"facade","342471"
3.80748,50.86603,18.1,"facade","342480"
4.085882,51.00053,16.2,"facade","342483"
4.919553,51.02953,16.4,"facade","342504"
5.338807,50.95578,19.8,"facade","342516"
5.744669,50.95135,22,"facade","342534"
4.135131,50.831,16.8,"facade","342543"
5.208883,51.04025,16,"facade","342546"
4.2716,51.09079,26,"facade","342573"
5.239126,51.08846,17.7,"facade","342591"
3.867294,51.17693,21.8,"facade","342597"
3.330791,50.99902,22.8,"facade","342603"
4.440923,51.19016,31.3,"facade","342612"
4.405942,51.22276,33.3,"facade","342618"
3.328306,50.85827,29.6,"facade","342630"
4.172745,50.94404,17.7,"facade","342633"
4.409454,51.21973,33.1,"facade","342636"
4.292433,51.12901,27.3,"facade","342639"
5.344869,51.04124,16.8,"facade","342654"
4.238641,50.73837,21.1,"facade","342675"
3.988324,50.96788,16.3,"facade","342678"
4.335475,50.7712,19.3,"facade","342687"
3.221048,51.21106,42.2,"facade","342693"
4.413838,51.22078,37.5,"facade","342696"
4.96358,50.96515,16.8,"facade","342702"
4.408935,51.22343,32.2,"facade","342705"
4.249515,50.74093,20.9,"facade","342708"
4.301176,50.9091,23.2,"facade","342711"
4.236207,50.73291,21.4,"facade","342720"
5.293023,51.22412,20,"facade","342723"
4.414037,51.22429,22.4,"facade","342726"
4.239123,50.73634,27.2,"facade","342729"
4.025037,51.06383,35.5,"facade","342732"
4.243852,50.72943,20.8,"facade","342735"
4.256635,50.71966,23,"facade","342747"
4.218032,50.71558,20.1,"facade","342759"
3.249883,50.81367,23.7,"facade","342780"
4.161528,51.16099,26.6,"facade","342789"
4.026429,50.93846,37.3,"facade","342792"
4.540548,51.19736,20.3,"facade","342795"
5.31909119734498,51.0218596457484,17.5,"facade","342804"
4.336733,51.01732,18.2,"facade","342819"
3.992092,51.1039,26.7,"facade","342825"
3.993133,51.10349,20.9,"facade","342837"
4.521892,51.17575,21.2,"facade","342840"
4.626909,50.96,16.6,"facade","342849"
4.899151,51.03501,15.8,"facade","342858"
3.812759,50.87077,24.1,"facade","342861"
4.599779,50.88734,21.5,"facade","342864"
3.252581,51.20058,20.6,"facade","342873"
4.032929,50.96294,33.3,"facade","342876"
3.621503,50.86962,39.9,"facade","342879"
3.010699,51.09147,23.5,"facade","342882"
3.151655,51.02714,18.4,"facade","342951"
5.247311,51.09098,14,"facade","342966"
5.111831,51.29689,21.9,"facade","342996"
3.42259145291632,50.8372429088509,19.4,"facade","343005"
3.950538,50.9458,16.9,"facade","343011"
4.379669,51.18353,42,"facade","343023"
4.102478,51.00366,17.5,"facade","343041"
4.536314,51.07342,21.4,"facade","343065"
3.605335,50.73794,20.6,"facade","343077"
4.320187,50.95757,23.9,"facade","343092"
3.10362475701207,50.9562771726536,19.5,"facade","343101"
5.788288,51.09301,17.4,"facade","343104"
3.23623,50.8425,20.9,"facade","343122"
4.02781,50.84338,42.5,"facade","343128"
3.697433,51.04489,21.9,"facade","343137"
3.562886,51.19057,19.5,"facade","343149"
4.438918,51.16552,24.9,"facade","343152"
4.78288447151942,50.8577644906551,21.7,"facade","343164"
4.033148,51.22017,24,"facade","343170"
3.973499,50.9848,20.2,"facade","343182"
5.460065,50.77878,32.3,"facade","343188"
4.011439,50.78688,13.6,"facade","343194"
4.478822,51.40931,13,"facade","343212"
4.425418,51.1767,29.4,"facade","343221"
4.162165,50.85354,34.3,"facade","343230"
3.138871,51.30362,25.8,"facade","343245"
4.570196,51.13936,23.7,"facade","343251"
3.255696,50.83037,28.5,"facade","343275"
4.337488,51.07534,26.8,"facade","343284"
4.867663,51.27348,17.5,"facade","343287"
5.012567,51.16915,16.5,"facade","343302"
5.456211,50.97918,19,"facade","343329"
4.440877,51.21344,53.8,"facade","343359"
3.476252,50.80878,31.3,"facade","343386"
3.135903,50.94017,25,"facade","343407"
3.153628,51.10762,21.2,"facade","343428"
4.984459,50.7958,19.3,"facade","343470"
5.307298,50.92374,30.1,"facade","343506"
4.012912,50.92071,24.5,"facade","343530"
4.446979,51.19116,29.4,"facade","343590"
5.72576,51.03671,24,"facade","343602"
4.901609,51.18068,26.5,"facade","343605"
3.25708,51.07548,19.2,"facade","343608"
4.162224,50.87495,26.1,"facade","343611"
3.316861,51.0633,17.8,"facade","343620"
3.837907,51.00937,24.1,"facade","343623"
5.130527,50.96384,18.3,"facade","343650"
3.213195,51.03615,21.7,"facade","343689"
5.733834,51.04644,19.3,"facade","343698"
4.34536926757812,50.745639974206,20.7,"facade","343731"
4.55823649483304,51.1944097112867,21.8,"facade","343755"
3.687358,50.92012,14.1,"facade","343767"
4.654613,50.8644,23.3,"facade","343779"
3.97857748119041,50.9014764632445,17.9,"facade","343791"
4.510272,51.08327,22.6,"facade","343797"
5.397354,51.22186,19,"facade","343815"
5.547083,50.97168,21.2,"facade","343821"
5.3994466856356,51.2330759903858,20.3,"facade","343827"
3.127063,51.06056,20.2,"facade","343830"
5.427515,51.22092,17.1,"facade","343842"
4.834792,50.98625,24.4,"facade","343845"
5.404863,51.1936,21.1,"facade","343860"
4.45631559662047,51.1545010790792,23.7,"facade","343872"
4.790944,51.10061,20.3,"facade","343881"
3.988517,51.10038,28.2,"facade","343884"
4.474514,51.0227,36.5,"facade","343890"
4.692658,51.17008,20.5,"facade","343905"
3.248987,51.20611,23.2,"facade","343911"
3.750459,50.99068,24.4,"facade","343926"
4.711956,50.94819,16.5,"facade","343929"
4.562104,51.13157,27.9,"facade","343947"
4.570657,51.12861,32.5,"facade","343965"
4.570119,51.13091,24.1,"facade","343974"
3.192235,51.19956,34.8,"facade","343977"
4.607523,51.09825,23.3,"facade","343983"
3.367856,51.1329,18.9,"facade","343995"
5.727671,51.03638,27.9,"facade","344022"
4.953276,51.10014,21.3,"facade","344031"
4.904444,51.1519,23.8,"facade","344037"
5.061723,50.91222,14.7,"facade","344064"
5.371167,50.99342,19.5,"facade","344067"
3.226932,51.22202,35.9,"facade","344076"
4.253691,51.17279,28.2,"facade","344079"
4.694322,50.90405,24.5,"facade","344085"
4.656337,51.21804,21.4,"facade","344088"
4.047705,50.93376,26.8,"facade","344097"
3.228064,51.20889,26.5,"facade","344100"
5.324087,50.91108,24.1,"facade","344115"
3.732574,51.05021,28.2,"facade","344118"
3.219123,51.19726,28.8,"facade","344121"
2.902517,51.20873,24.8,"facade","344139"
5.36074166417987,50.9140054819664,18.5,"facade","344151"
3.21851191337493,51.2134745554565,23.7,"facade","344154"
3.228646,51.2158,40.4,"facade","344169"
3.983296,50.96398,21.1,"facade","344172"
4.986854,51.31564,24.1,"facade","344187"
3.183695,50.88945,19.9,"facade","344193"
3.226007,51.20141,23.4,"facade","344196"
3.222091,51.20961,39.1,"facade","344202"
4.457757,51.20108,29.5,"facade","344208"
5.113734,51.10111,18.3,"facade","344214"
3.222054,51.21017,40.3,"facade","344220"
3.230426,51.20991,29.2,"facade","344232"
3.769109,51.10175,30.4,"facade","344253"
3.056983,51.04025,20.1,"facade","344277"
4.500438,51.1668,26.5,"facade","393332"
4.456899,51.21355,42.6,"facade","393647"
4.42566,51.19743,36.5,"facade","393938"
4.653774,51.01825,18,"facade","394343"
4.542333,51.19533,23.9,"facade","394637"
5.092722,51.32927,18.2,"facade","394811"
3.80529642410517,51.0009741065932,51.7,"facade","395312"
4.147849,51.11674,20,"facade","396245"
4.505023,51.03517,19.9,"facade","396290"
4.761356,50.96632,13.1,"facade","396485"
4.792241,51.26233,18.1,"facade","396845"
3.7554463576909,51.0386501845371,25,"facade","396872"
3.352979,51.23755,14.7,"facade","397265"
4.727203,50.88981,27.4,"facade","397430"
3.761456,51.0688,23.1,"facade","397457"
4.282878,50.84774,28.9,"facade","397475"
4.016801,50.88602,20.9,"facade","397547"
3.117745,50.95494,25.6,"facade","398411"
4.967461,51.32264,19.9,"facade","398441"
4.726749,51.10268,18.5,"facade","398810"
3.988746,50.89832,18,"facade","398885"
4.509081,50.9159,21.7,"facade","398921"
4.584708,50.79396,16.4,"facade","399182"
4.267305,51.1473,17.5,"facade","3e+05"
3.656704,51.1214,18.8,"facade","401381"
4.375559,51.18988,34.8,"facade","401471"
4.02069608603497,51.1064030776443,25,"facade","406133"
3.88517,50.88426,15.8,"facade","406571"
2.652634,51.10343,25.1,"facade","406661"
3.692925,50.91668,16.3,"facade","406733"
5.254551,50.94854,20.9,"facade","406847"
3.834821,50.78198,16.7,"facade","406871"
3.931828,50.85663,17.1,"facade","406931"
3.401772,51.12527,18,"facade","407015"
4.971428,50.98419,15,"facade","407180"
4.598509,51.21486,23.1,"facade","407651"
4.711658,51.16829,18.9,"facade","407894"
4.53009669744155,51.3264246024967,21.2,"facade","407951"
4.457716,51.204,32.9,"facade","408491"
5.771633,51.10164,17.3,"facade","408566"
4.469633,51.02599,43.1,"facade","408728"
4.436072,51.19248,33.6,"facade","408881"
3.123021,50.93465,20.5,"facade","409955"
4.850491,51.31045,19,"facade","410138"
4.990531,51.16272,22.4,"facade","411011"
4.568036,51.30175,22,"facade","411572"
2.70285477381927,50.8794966224623,19.7,"facade","411620"
4.331615,51.1099,34.6,"facade","413066"
3.711941,51.052,26,"facade","413246"
4.363474,51.08004,24.2,"facade","413270"
4.75931611920789,50.8496229425679,16.7,"facade","413324"
3.821135,51.20424,24.9,"facade","413462"
4.986013,51.15819,22,"facade","413555"
4.48165,51.3029,21.8,"facade","413636"
4.172697,50.98395,16.5,"facade","413804"
4.633246,50.97155,15.6,"facade","413819"
3.224954,51.17508,23.3,"facade","413828"
4.418108,51.19973,36.9,"facade","413954"
5.468513,50.78276,22.4,"facade","414125"
3.921973,51.05736,20.5,"facade","414221"
3.754612,51.02357,26.2,"facade","414284"
4.35491,51.06242,25.3,"facade","414413"
3.319826,51.12535,20.6,"facade","414419"
4.625073,50.80949,14.1,"facade","414473"
5.111511,51.18722,22,"facade","414482"
4.505867,51.312,16.7,"facade","414617"
5.216902,51.1939,16,"facade","414686"
3.603333,50.76791,17.3,"facade","415022"
2.647656,51.11425,20.7,"facade","415241"
3.577571,51.07794,23.3,"facade","415352"
4.483654,51.35976,16.9,"facade","415457"
3.890679,51.09892,20.2,"facade","416090"
3.94518424554472,50.9206670984248,23.2,"facade","416579"
4.98185,51.10635,22.6,"facade","416594"
4.422602,51.1766,28.7,"facade","416759"
3.98329,50.96397,20.3,"facade","416906"
5.302077,51.07175,13.9,"facade","417077"
4.699982,51.29833,18.4,"facade","417155"
5.495859,51.00079,21.1,"facade","417191"
3.041233,51.27693,24.2,"facade","417194"
3.343984,50.84921,17.8,"facade","417269"
3.282935,51.25091,18.7,"facade","417509"
4.319274,50.93093,18,"facade","417548"
4.21996,50.88109,28.4,"facade","417575"
4.689352,50.88305,24.9,"facade","417758"
3.75093,51.03872,26.1,"facade","417797"
4.907156,50.93791,18.7,"facade","417983"
4.056585,51.12605,20.8,"facade","418022"
4.661709,51.01152,19.2,"facade","418127"
4.6911586768796,50.863151763133,21.4,"facade","418370"
4.414383,51.45027,19,"facade","418433"
5.477693,50.83545,17.3,"facade","418454"
4.589979,51.03635,19.1,"facade","418508"
3.314422,50.99798,23.4,"facade","418586"
4.088134,50.92178,18.5,"facade","418640"
3.948019,51.05435,22.9,"facade","418667"
4.085412,50.84574,20.3,"facade","418709"
3.002751,51.18689,20.2,"facade","418955"
4.346398,51.17056,28.6,"facade","419156"
4.417219,51.22766,41.4,"facade","419246"
5.575392,50.8058,19.9,"facade","419342"
4.47425,51.3726,16.5,"facade","419369"
4.29395,51.10649,23.3,"facade","419441"
4.459684,50.7671,18.2,"facade","419453"
4.560453,50.98093,18.1,"facade","419609"
3.259144,51.19462,29,"facade","419618"
5.661016,50.89604,18.4,"facade","419756"
4.07748,50.92409,18.9,"facade","419864"
4.078844,50.84482,22.6,"facade","419882"
3.084184,51.17487,20.6,"facade","420113"
4.217065,51.12441,30.8,"facade","420125"
3.05911,50.94269,26.7,"facade","420131"
4.034006,51.0137,19,"facade","420263"
3.392217,50.78086,26.2,"facade","420293"
4.766672,51.20753,16,"facade","420359"
3.312113,50.83469,25.8,"facade","420398"
5.326631,50.93607,23.9,"facade","420464"
3.976696,51.10539,33.8,"facade","420740"
4.45805,51.26709,31.5,"facade","420830"
4.413753,51.22591,30,"facade","421193"
4.790524,51.05248,17.9,"facade","421397"
4.10884,50.89384,33.1,"facade","421445"
4.842831,50.994,17.1,"facade","421454"
4.428855,51.3033,20.6,"facade","422012"
4.241178,51.15032,22,"facade","422030"
3.655049,51.05004,25.6,"facade","422294"
2.908571,51.21266,27.8,"facade","422444"
4.387589,51.22942,31.4,"facade","422642"
3.714817,51.00362,34.6,"facade","422867"
3.029723,51.26586,21.8,"facade","422891"
3.348329,51.24108,18.6,"facade","422900"
3.493799,50.95994,19.6,"facade","423056"
4.156062,51.13359,27.3,"facade","423587"
4.592216,51.38888,27.3,"facade","423662"
4.440154,51.21711,38.4,"facade","423854"
4.785341,51.33177,15.4,"facade","423989"
4.419868,51.31708,25,"facade","424064"
3.211386,51.20852,24.2,"facade","424139"
4.640812,50.86986,16.2,"facade","424151"
5.308818,50.90215,19.7,"facade","424340"
4.505138,51.32051,18.4,"facade","424421"
3.705738,51.03976,26.8,"facade","424661"
4.466013,51.14525,21.7,"facade","424808"
4.029203,50.93612,27.5,"facade","424865"
5.616745,51.02007,17,"facade","425054"
3.639941,50.937,20.2,"facade","425141"
4.948593,51.14272,29.6,"facade","425222"
4.69496,51.00555,15.2,"facade","425483"
5.374069,50.92935,26.7,"facade","425495"
4.823791,51.17635,23.8,"facade","425642"
4.382191,51.17965,34.4,"facade","426581"
5.693709,50.92031,17.8,"facade","426668"
4.445219,51.36605,16.8,"facade","426719"
3.536089,50.87394,17.5,"facade","427304"
5.467087,50.8062,17.3,"facade","427346"
3.271398,51.19369,23.8,"facade","427826"
4.51581,50.86417,50.6,"facade","428225"
4.626983,51.05396,39,"facade","428336"
3.920101,50.99095,18.1,"facade","428525"
4.97135,50.77248,16.8,"facade","428639"
4.001546,51.10281,22.9,"facade","428996"
4.171055,51.21497,22.6,"facade","429035"
3.015559,50.97382,31.6,"facade","429218"
4.690779,51.27159,16.1,"facade","429290"
3.74893,51.04005,26.2,"facade","429563"
3.766971,51.02556,24.3,"facade","429848"
4.543178,51.1538,20,"facade","429881"
3.754847,51.03577,29,"facade","430946"
5.063914,50.72373,15.2,"facade","431369"
3.123462,50.93782,24.3,"facade","432002"
2.67098,50.93899,18.9,"facade","432725"
3.28281467931821,50.8297969179328,22.6,"facade","433037"
4.405229,51.17067,35.6,"facade","433085"
4.267754,50.75246,24.5,"facade","433562"
4.505693,51.28811,19.7,"facade","433712"
4.227481,51.08794,18.2,"facade","434192"
5.454684,50.86406,15.8,"facade","434237"
3.599202,50.8516,18.9,"facade","434261"
3.697347,51.06169,27.1,"facade","434351"
3.713598,51.05699,21.9,"facade","434441"
3.682549,51.02804,21.7,"facade","434582"
3.320592,51.00289,22.2,"facade","434768"
3.217077,51.21415,32.5,"facade","434858"
3.304807,50.82602,23.8,"facade","435071"
5.064382,51.02889,15.1,"facade","435146"
4.452891,51.14892,22.5,"facade","435206"
4.42606,51.35955,16.9,"facade","435284"
3.716711,51.09705,29.8,"facade","435380"
4.217873,50.71278,30.3,"facade","435449"
4.513384,51.26236,19.2,"facade","435473"
3.181511,50.87756,29.9,"facade","435608"
4.732648,51.00214,15.8,"facade","435752"
4.770171,50.90622,15,"facade","435974"
4.491587,50.96008,27.5,"facade","436010"
4.633006,51.38957,22.5,"facade","436148"
4.456441,50.95913,26,"facade","436190"
5.687103,50.90725,16.9,"facade","436559"
5.260112,50.94317,18,"facade","436610"
4.734062,50.87648,22.1,"facade","437192"
4.623511,51.0606,19.3,"facade","437231"
4.60433,50.99783,16.1,"facade","437378"
5.095984,50.80696,20.1,"facade","437735"
3.400104,50.84072,21.7,"facade","437825"
3.99204,51.09937,22.4,"facade","438155"
4.706791,50.86914,43.5,"facade","438158"
5.477163,50.95475,21.6,"facade","438329"
5.475499,51.13731,15.4,"facade","438449"
4.537922,51.08766,21.3,"facade","438566"
4.228829,50.98108,24.2,"facade","438602"
4.324578,51.11228,25.6,"facade","438650"
5.626392,50.8244,25.6,"facade","438908"
5.545699,51.24167,16.7,"facade","438920"
3.677979,50.80559,24,"facade","439466"
3.570186,50.92443,18.2,"facade","439583"
3.650144,50.79739,16.2,"facade","439826"
3.603517,50.74641,37,"facade","440114"
4.649118,51.40596,19.8,"facade","440510"
3.316763,51.31023,20.5,"facade","440660"
4.034671,50.93373,37.9,"facade","440705"
4.642022,50.95551,22.3,"facade","440933"
4.415293,51.22638,56.7,"facade","441020"
4.361794,50.95637,19.9,"facade","441050"
5.227189,51.19092,19.9,"facade","441125"
4.12035374269739,51.2124439938894,21.8,"facade","441617"
5.095558,50.72161,16.5,"facade","441872"
4.734751,50.88678,21.4,"facade","442100"
4.877987,50.85258,15,"facade","442490"
3.828755,51.03984,22.9,"facade","442604"
3.647189,51.09023,20.4,"facade","442637"
3.354333,50.91729,23.1,"facade","443027"
3.76535,51.01922,37.5,"facade","443246"
3.239161,50.76551,21.2,"facade","443462"
2.968472,51.22219,22.3,"facade","444380"
4.016731,50.8759,33,"facade","444740"
2.95006195225171,51.2224487362049,35.4,"facade","444809"
4.35569,50.90619,35.7,"facade","444968"
5.332822,50.9342,25.4,"facade","445178"
4.110027,50.8204,18.1,"facade","445226"
3.142007,51.02517,20.6,"facade","445457"
3.44713,51.08455,22.4,"facade","445661"
4.327302,51.35174,23.3,"facade","445751"
4.233919,50.85194,20.5,"facade","445796"
4.782421,50.85333,24.1,"facade","445805"
4.42645,51.28465,24.9,"facade","445853"
5.086822,51.08738,16.8,"facade","445859"
3.76435,51.04003,24.7,"facade","446048"
2.95795885829746,51.2449468725834,22.5,"facade","446075"
4.24639,51.22177,25.9,"facade","446186"
4.72422884570068,51.0825070886945,22.5,"facade","446231"
4.427952,51.22104,34.4,"facade","446438"
3.087108,51.08566,20.8,"facade","446534"
4.540458,50.88359,18.8,"facade","446642"
5.10364608546822,51.0863092398183,17.5,"facade","446675"
4.443371,51.21554,46.5,"facade","446705"
3.555582,51.19252,20.2,"facade","446750"
4.670197,51.08838,18.6,"facade","446783"
3.321596,50.99313,24.7,"facade","446882"
5.010058,50.79784,19.5,"facade","447029"
3.3539809015728,50.9134186388816,30.2,"facade","447254"
5.723222,51.06836,15.7,"facade","447341"
3.929086,51.0366,19.7,"facade","447515"
3.604396,50.85041,26.1,"facade","447578"
3.71350037069252,51.0000477083799,25.2,"facade","447851"
4.031854,50.96379,32.7,"facade","447920"
3.766823,51.04747,21.1,"facade","447980"
3.897648,50.81876,16,"facade","448094"
4.595043,50.9386,18,"facade","448262"
3.843682,51.09701,19.9,"facade","448289"
4.154649,51.02751,17,"facade","448295"
4.469164,51.05583,24.3,"facade","448352"
4.470177,51.39471,18.7,"facade","448388"
4.839793,50.8373,22.3,"facade","448421"
3.218804,50.92914,23.9,"facade","448619"
3.292409,50.77674,20.3,"facade","448790"
4.388065,51.17556,41.6,"facade","448829"
3.718758,51.04175,47.9,"facade","448841"
4.85144,51.10072,17.3,"facade","448904"
4.565024,50.83614,20.3,"facade","448940"
4.950896,50.76867,16.5,"facade","449012"
3.731364,51.03347,28,"facade","449015"
4.802253,50.94453,19.5,"facade","449048"
3.534007,51.16872,20.5,"facade","449093"
4.469086,51.22245,31.4,"facade","449330"
4.43695,51.31173,18.3,"facade","449450"
3.173618,50.80311,19.6,"facade","449660"
3.74607,50.87988,14.5,"facade","449939"
4.689214,50.86333,17.7,"facade","450014"
4.517647,51.06616,24.9,"facade","450137"
5.273294,50.95191,25.9,"facade","450254"
3.788851,51.02973,21,"facade","450647"
3.448627,50.92199,25.1,"facade","450860"
3.332711,50.92759,18.1,"facade","450863"
4.040672,50.93269,31.4,"facade","450965"
4.181398,51.00718,28.3,"facade","450974"
4.330107,51.10601,29.3,"facade","450992"
3.71672080647061,51.0876778313256,44.6,"facade","451019"
4.959396,51.32915,19.4,"facade","451064"
4.500716,51.01453,42.5,"facade","451154"
3.854086,50.93592,20.8,"facade","451175"
4.674352,51.05621,20.1,"facade","451223"
2.894589,51.21031,21.1,"facade","451265"
3.108812,51.06854,27.4,"facade","451274"
4.42885873742453,50.9372516495435,22.9,"facade","451280"
3.730915,51.07663,30.2,"facade","451373"
3.806512,51.0683,28.2,"facade","451388"
2.624102,50.86222,15.5,"facade","451406"
5.170615,51.10984,23.9,"facade","451451"
4.655563,51.18911,27.8,"facade","451469"
3.432916,51.1065,27,"facade","451520"
4.169994,50.80857,18.9,"facade","451538"
3.723363,51.06749,33.2,"facade","451544"
4.697347,50.9332,24.1,"facade","451547"
3.742573,51.18379,22.9,"facade","451580"
3.664722,51.12507,25.8,"facade","451607"
4.354017,51.01365,24.6,"facade","451613"
3.680218,51.23356,20.3,"facade","451640"
3.775888,51.07871,25.4,"facade","451670"
5.080855,51.07899,16.8,"facade","451715"
4.757104,51.35101,20,"facade","451736"
4.424207,51.18515,42.9,"facade","451769"
4.463546,51.2465,28.3,"facade","451778"
4.408116,51.31259,20.7,"facade","451847"
4.6790893119981,50.8547867989819,21,"facade","451895"
4.988802,50.82923,25.2,"facade","451976"
4.360373,51.18489,39.9,"facade","451994"
4.682915,51.16225,20.5,"facade","452033"
4.882509,51.29835,17.1,"facade","452150"
4.468943,51.27243,21.7,"facade","452189"
4.922505,51.31909,19.5,"facade","452627"
2.75099998982103,51.1292828801781,25.1,"facade","452654"
4.449176,51.35616,16.6,"facade","452660"
2.866341,51.01811,23.2,"facade","452771"
4.71409,50.95482,14.8,"facade","452810"
4.36227,51.18708,31.1,"facade","452909"
4.65548440516007,50.800290845649,14.9,"facade","453035"
5.467641,50.78699,21.2,"facade","453116"
4.940764,51.32398,29,"facade","453212"
4.361626,51.17897,26.3,"facade","453218"
3.756519,50.7937,14.4,"facade","453398"
3.97091,51.10622,28.7,"facade","453428"
4.493678,51.30285,16.8,"facade","453461"
4.235359,51.18039,33.4,"facade","453653"
3.210893,50.86367,18.4,"facade","453836"
4.698779,50.89241,24.8,"facade","454061"
4.226215,50.89324,22.1,"facade","454247"
4.88972,50.77464,19,"facade","454250"
4.363183,51.18488,29,"facade","454562"
4.073371,50.73773,16.2,"facade","454682"
3.651805,51.10442,18.4,"facade","454715"
4.215857,50.8657,19.6,"facade","454733"
2.928433,50.93662,21.6,"facade","454772"
4.249762,51.01271,28.9,"facade","454841"
4.783528,51.26656,14.9,"facade","455276"
4.625644,50.89904,20.2,"facade","455393"
5.180492,50.81773,41.4,"facade","455507"
4.461,50.76061,20.6,"facade","455834"
4.960968,50.76693,15,"facade","455840"
5.086971,51.07008,23.8,"facade","455843"
3.413731,50.96127,18.5,"facade","455873"
5.26428109252765,50.9451640040021,24.8,"facade","455903"
5.499421,50.75334,16.2,"facade","456002"
3.245447,50.84673,22.1,"facade","456068"
4.426066,51.18535,29.9,"facade","456185"
3.243383,51.19793,22.1,"facade","456446"
5.10523745521542,51.1937995039089,16,"facade","456458"
4.372021,51.05456,26,"facade","456479"
4.108017,50.8344,18.5,"facade","456515"
4.103108,51.12486,22.1,"facade","456599"
3.842965,50.95374,19.2,"facade","456623"
5.358638,50.91696,20.2,"facade","456776"
3.311728,50.83127,23,"facade","456866"
3.46717147554431,50.8168235446445,20.7,"facade","457019"
4.734315,50.86905,23,"facade","457046"
5.141066,51.26583,15.1,"facade","457049"
5.174469,50.82024,18.4,"facade","457058"
4.43265068560462,51.1924915697573,38.4,"facade","457061"
5.015573,51.38955,22.7,"facade","457064"
3.579397,51.17657,31.9,"facade","457067"
4.361043,50.96958,17.5,"facade","457070"
3.956952,50.74505,17.5,"facade","457073"
4.293776,50.78858,29,"facade","457076"
4.479857,50.88526,23.7,"facade","457079"
3.958145,51.14997,19,"facade","457088"
4.251465,51.08864,22.3,"facade","457091"
3.89365361316623,51.1848789155142,18,"facade","457100"
5.208703,51.18181,17.6,"facade","457151"
3.614968,50.86405,17.1,"facade","457166"
3.764861,51.17108,21.5,"facade","457169"
3.892537,50.90477,32.3,"facade","457172"
4.475626,51.02652,25.5,"facade","457538"
3.273387,51.059,20.6,"facade","457634"
3.529347,50.9869,25.2,"facade","457637"
4.492744,50.84018,28.7,"facade","457649"
3.64589797273557,50.9167597945493,17.7,"facade","457868"
4.994325,50.83597,15.2,"facade","458138"
4.43065149773886,51.3161264677799,27.9,"facade","458222"
4.396828,51.19976,32.4,"facade","458396"
4.566151,50.98142,19.9,"facade","458522"
3.282424,50.82941,21.4,"facade","459557"
4.116612,50.76824,17.4,"facade","459950"
4.534995,50.81824,18.7,"facade","460220"
3.30131,50.81288,23,"facade","460322"
3.486258,51.07765,20.2,"facade","460490"
4.279129,50.91791,17.7,"facade","461156"
4.478602,51.16788,31.3,"facade","461186"
4.493173,51.2912,24.6,"facade","461369"
5.144064,50.82999,18.1,"facade","461564"
3.606858,50.83451,42.7,"facade","461609"
4.839077,51.28926,14.2,"facade","461657"
5.572889,51.00757,17.8,"facade","461681"
4.289775,50.78852,24.6,"facade","461747"
4.503328,51.42859,20.2,"facade","461750"
4.838224,51.14153,21.8,"facade","461783"
3.69079,50.97941,22.3,"facade","461915"
4.337672,50.9523,16.8,"facade","462029"
4.554809,51.13985,22.4,"facade","462194"
4.651544,51.18867,24.7,"facade","462428"
3.726803,51.0458,23.9,"facade","462533"
4.456955,51.22859,34.6,"facade","462548"
4.471157,50.85603,25,"facade","462656"
2.864462,51.03179,41.2,"facade","462770"
4.632955,51.04828,21.6,"facade","462887"
4.98917,51.02445,15.8,"facade","462941"
4.18318,50.97176,20.3,"facade","462995"
5.373847,50.75997,16.8,"facade","462998"
3.467214,50.78614,15.2,"facade","463406"
4.12336,51.16719,28.5,"facade","463550"
3.985387,50.74071,17.4,"facade","463574"
5.200462,50.88784,20.3,"facade","463586"
5.25936100439624,51.1269634792143,12.9,"facade","463637"
4.332077,51.07827,22.7,"facade","463640"
5.070035,51.05624,16.6,"facade","463721"
4.058137,50.71805,16.8,"facade","463766"
4.250938,50.73828,22.2,"facade","463985"
4.438075,51.05158,21.5,"facade","464225"
4.129883,51.18708,22.1,"facade","464285"
5.278565,51.02726,16.7,"facade","464330"
4.459429,51.20234,30.6,"facade","464609"
4.115526,50.8409,21.2,"facade","464675"
4.731568,50.89225,20.1,"facade","464792"
4.765058,51.0543,20.8,"facade","464933"
3.614856,51.10137,19.2,"facade","465725"
4.785636,51.0746,19.9,"facade","466010"
3.36293,50.85667,21.5,"facade","466022"
3.444076,50.7736,37.2,"facade","466196"
4.509146,50.82395,24.5,"facade","466259"
4.547236,50.92878,17.6,"facade","466328"
4.986565,51.31276,18.4,"facade","466499"
4.545482,51.22752,20.3,"facade","466553"
3.193022,50.79527,19.9,"facade","466604"
3.564934,51.14398,19.7,"facade","466712"
4.166374,51.28793,23.5,"facade","467042"
4.446819,51.29185,21.8,"facade","467318"
5.457811,51.02095,15.8,"facade","467321"
4.339967,50.94141,28.2,"facade","467411"
4.689745,50.95824,14.4,"facade","467504"
4.425586,50.98869,19.6,"facade","467585"
3.298948,50.96306,17.4,"facade","467753"
3.99826,50.90348,15.3,"facade","467786"
4.77847,51.05266,22.5,"facade","467819"
5.039594,51.44773,27.9,"facade","467990"
4.139532,50.83176,18.1,"facade","468029"
3.285466,50.77855,19.7,"facade","468059"
3.976814,50.89484,15.6,"facade","468098"
3.916801,51.03854,20,"facade","468134"
4.990804,51.30906,15.1,"facade","468161"
4.533547,50.7722,24.3,"facade","468503"
3.434619,51.18147,15.1,"facade","468569"
3.350127,50.84292,38.5,"facade","468716"
3.748561,51.22639,19.8,"facade","469037"
4.974043,51.16516,17.3,"facade","469040"
3.403575,51.04064,16.9,"facade","469064"
3.721805,51.02266,22.3,"facade","469088"
5.482537,50.95609,22.6,"facade","469130"
5.591233,50.93682,15.1,"facade","469268"
5.455742,50.77226,17.7,"facade","469478"
4.957474,50.88506,15.9,"facade","469496"
3.104208,51.05363,23.9,"facade","469538"
3.085434,50.80847,18.4,"facade","469574"
3.442989,50.78222,17.6,"facade","469631"
3.87674119863668,51.1845268601528,22.3,"facade","469679"
4.494161,50.98979,28.9,"facade","469820"
4.371043,51.18926,34.5,"facade","470033"
5.347604,50.92817,22.6,"facade","470147"
5.044469,50.80148,16.8,"facade","470174"
4.56947981240619,51.1434278555822,21.6,"facade","470435"
3.472305,50.99531,19.6,"facade","470753"
4.319273,51.22265,28.5,"facade","470948"
5.077372,50.75836,29.1,"facade","471644"
3.909357,50.96083,19.4,"facade","471740"
3.19958,50.91897,27,"facade","471743"
4.62874,50.90126,24.4,"facade","471890"
4.876559,51.00166,19.4,"facade","471908"
3.989177,50.79923,15.3,"facade","472193"
3.361712,50.74604,17.7,"facade","472226"
3.212814,50.94138,19,"facade","472292"
4.435921,51.197,45.2,"facade","472358"
4.167649,50.86989,18.6,"facade","472382"
4.380584,51.06496,19.6,"facade","472502"
4.591653,51.03651,19.3,"facade","472616"
4.209898,51.12366,29.1,"facade","472790"
5.261359,50.91936,16.1,"facade","473075"
3.997559,51.02389,20.7,"facade","473138"
4.315585,51.35026,25.4,"facade","473411"
3.784764,50.89764,18.7,"facade","473510"
3.391086,50.87561,19.8,"facade","473645"
5.181385,50.9813,19.6,"facade","473723"
5.010143,50.81093,17.5,"facade","473780"
4.498445,51.29083,22.2,"facade","473783"
3.222679,50.92287,28.3,"facade","473867"
5.703553,50.96061,25.6,"facade","473990"
4.818096,51.11955,27.9,"facade","474305"
4.726935,50.88608,23.9,"facade","474557"
4.073936,50.86396,19.8,"facade","474560"
4.45277299483227,51.1044586542391,25.4,"facade","475151"
4.721364,50.82145,14.9,"facade","475241"
3.696179,50.84366,19.1,"facade","475325"
3.014895,50.93002,23.5,"facade","475427"
5.095973,51.12933,17.4,"facade","475595"
4.943207,50.81301,27.5,"facade","475640"
3.76179,51.05476,24.9,"facade","475652"
3.81369,51.09234,19.2,"facade","475670"
3.745441,51.04181,29.6,"facade","475688"
5.272064,50.94861,20.7,"facade","476021"
2.934215,50.82382,18.4,"facade","476039"
3.101763,50.8495,20,"facade","476042"
4.337801,51.3492,28.2,"facade","476054"
4.324573,51.2086,28,"facade","476078"
3.67415712980903,50.8040402285034,18.5,"facade","476153"
4.450913,51.12938,26.6,"facade","476156"
4.649034,51.16141,17.5,"facade","476252"
3.972515,51.17567,22,"facade","476303"
3.396553,50.84477,22.6,"facade","476471"
5.75114,51.01789,18.7,"facade","476525"
4.08922785962015,51.0221731593892,17.8,"facade","476828"
4.453587,51.25242,27.2,"facade","476957"
4.153383,51.03868,22,"facade","476981"
4.402313,51.34329,25,"facade","477005"
3.68755537440852,51.0717111207592,22.3,"facade","477062"
4.455164,51.45551,22.6,"facade","477065"
4.496531,51.16776,26.5,"facade","477470"
4.909617,51.07133,15.7,"facade","477890"
4.532421,51.32743,30.4,"facade","478484"
4.644681,50.90528,19,"facade","478574"
4.446318,50.86207,26.7,"facade","478664"
4.107481,51.0948,22,"facade","478790"
4.902302,51.17665,21.1,"facade","478802"
2.772248,51.16562,20.4,"facade","478811"
2.597185,51.1061,18.1,"facade","478820"
2.628378,51.10212,20.7,"facade","478847"
5.698449,51.08008,16.3,"facade","479051"
3.625214,51.04925,19.8,"facade","479069"
4.456843,51.03177,25.1,"facade","479120"
4.274399,51.08291,23.7,"facade","479183"
4.135162,51.16138,27.4,"facade","479357"
4.28981,51.01807,19.1,"facade","479414"
4.904259,50.8972,15.7,"facade","479534"
4.888017,50.93217,14.7,"facade","479624"
4.890947,51.31383,20.2,"facade","479930"
3.814541,50.89835,18.9,"facade","480182"
5.393753,50.94594,19,"facade","480242"
4.230016,51.01424,21,"facade","480263"
4.060133,50.92159,19.8,"facade","480362"
4.916282,50.79368,16.9,"facade","480647"
4.684933,51.26435,15.9,"facade","480695"
4.045971,51.15421,16.9,"facade","480779"
3.285757,50.8557,22.5,"facade","480782"
4.810049,51.17931,18,"facade","482279"
3.771521,51.0639,21.4,"facade","482297"
3.2783,50.82593,28.6,"facade","482411"
4.02115647587934,50.8698724266655,18.2,"facade","482504"
3.208254,51.09099,17.1,"facade","482513"
3.28972,51.33896,29,"facade","482657"
5.438834,50.9633,16.8,"facade","483128"
4.43090969791282,50.9233350090876,39.2,"facade","483260"
4.435769,51.2951,20,"facade","483923"
3.119164,50.94359,22.1,"facade","483995"
3.606854,50.83595,34.5,"facade","484712"
4.246216,50.8671,23.9,"facade","484733"
3.305874,50.84889,21.5,"facade","485120"
2.716474,50.85879,17.2,"facade","485636"
3.570701,51.05181,25.3,"facade","485708"
4.93405285524535,51.3254306523608,20,"facade","486026"
3.71906,51.03087,23.7,"facade","486053"
3.818125,50.99607,19.7,"facade","486068"
4.314581,51.17011,26.5,"facade","486218"
3.383063,51.20539,22.5,"facade","486236"
3.294445,50.8865,16.7,"facade","486542"
4.586558,51.01731,17.3,"facade","486788"
4.228438,50.80463,14.4,"facade","486818"
4.469221,51.12753,21.7,"facade","486827"
5.633999,50.89533,16.5,"facade","486875"
3.33088,50.9195,19.5,"facade","486884"
4.452841,51.17041,34.2,"facade","487046"
4.422216,51.11032,25.6,"facade","487070"
3.485227,51.20919,17.7,"facade","487106"
3.659684,51.07742,22.3,"facade","487109"
3.68736,50.95663,15.2,"facade","487361"
4.415417,51.28685,26.9,"facade","487373"
3.756226,51.03406,55.1,"facade","487388"
4.988123,51.07383,19.8,"facade","487391"
4.432268,51.21246,37.5,"facade","487397"
4.456345,51.30597,17.2,"facade","487400"
3.970597,50.70135,17.9,"facade","487418"
3.147058,51.13782,21.2,"facade","487481"
3.240814,51.21442,26.9,"facade","487583"
3.847049,51.00936,21.6,"facade","487640"
3.658499,51.02956,22.4,"facade","487652"
4.230751,51.20855,21.8,"facade","488429"
4.476915,51.19506,32,"facade","488450"
4.614402,51.14338,18.2,"facade","488603"
3.43392,50.93689,21.5,"facade","488633"
5.480744,50.86855,22.3,"facade","488714"
4.627226,50.93373,22,"facade","488915"
3.6549885374661,51.0853812764914,21.4,"facade","488936"
4.721723,50.88562,23.6,"facade","488969"
4.416039,51.00785,24.3,"facade","489023"
5.127581,51.16923,15.2,"facade","489287"
2.673112,51.11541,21,"facade","489290"
4.04966,51.12469,21.3,"facade","489566"
4.069522,51.03057,35.6,"facade","489941"
3.02823,50.78196,18.8,"facade","489965"
5.366718,50.95811,18.6,"facade","490256"
5.263168,50.81154,15.8,"facade","490352"
4.042659,50.85193,19.3,"facade","490484"
4.133092,51.21344,22.3,"facade","490856"
3.855252,50.97729,19.6,"facade","491240"
4.471551,50.9866,24.8,"facade","491441"
3.178514,51.15489,21.3,"facade","491621"
4.20561,50.9297,18.4,"facade","491744"
3.753241,51.17871,30.9,"facade","492083"
4.47543935058895,51.1995005230438,31.7,"facade","492401"
4.624478,51.33455,20.1,"facade","492494"
3.52075,50.9891,28.4,"facade","492548"
4.878023,51.30806,15.5,"facade","492554"
3.636752,50.86054,17.8,"facade","493130"
2.667188,51.11392,18.1,"facade","493280"
4.25109,50.81531,20.1,"facade","493289"
4.984903,51.15979,19.2,"facade","493316"
3.205808,51.0942,20.7,"facade","493322"
4.565719,51.13616,31.3,"facade","493343"
5.748747,51.17465,16.4,"facade","493346"
5.477477,51.24857,16.7,"facade","493370"
3.548727,50.96461,17.7,"facade","493373"
4.736384,50.86695,23.9,"facade","494114"
4.710651,50.87889,22.7,"facade","494159"
2.646024,50.84722,18.7,"facade","494363"
5.29529,51.23132,16.8,"facade","494534"
5.196296,50.81151,19.4,"facade","494609"
4.511672,50.96182,18.2,"facade","494642"
3.24295,51.15102,18.8,"facade","494756"
5.32829,51.03789,22.2,"facade","494864"
4.565624,51.39298,21,"facade","495383"
4.993386,51.15774,24.8,"facade","495425"
4.237355,50.73344,23.5,"facade","495908"
2.859428,51.03313,24.8,"facade","496172"
4.381898,51.13051,29.4,"facade","496271"
4.731485,50.82606,12.8,"facade","496301"
4.798007,50.92528,17.9,"facade","496328"
5.42254,51.20645,17,"facade","496436"
4.180964,50.99397,19.6,"facade","496694"
4.14469,51.16565,36,"facade","497372"
4.447993,51.28318,24.2,"facade","497522"
3.225993,50.77137,23.7,"facade","497630"
5.65780794946359,51.0650163198625,14,"facade","497930"
3.993122,51.05525,20.4,"facade","498008"
4.876129,51.32909,17,"facade","498035"
4.45006140420168,51.2027973355527,45,"facade","498065"
3.227731,51.17717,34.5,"facade","498365"
5.702105,50.9623,21.1,"facade","498419"
3.316554,50.87447,18.3,"facade","499505"
4.465545,50.77094,19.7,"facade","499679"
3.13201380260009,50.9484794609345,24.5,"facade","499847"
4.953615,51.31547,20.7,"facade","500195"
4.345866,51.13886,24.8,"facade","500741"
4.718857,51.29961,23.4,"facade","501188"
4.679923,51.29863,17.4,"facade","501437"
3.37104,50.76909,16.3,"facade","501524"
4.818066,50.90825,15.5,"facade","501797"
4.137997,51.17945,18.8,"facade","502433"
3.274622,50.91793,15.7,"facade","502568"
4.484316,51.20104,55.1,"facade","503261"
4.496377,51.31758,15.7,"facade","503288"
4.46030883353009,51.3982004062492,16.3,"facade","503315"
3.478477,50.86911,18.5,"facade","503375"
3.868018,51.17786,25.4,"facade","503384"
4.437523,51.29003,21.8,"facade","503513"
3.534784,50.98613,22.7,"facade","503522"
2.91448,51.13496,17.5,"facade","503549"
2.87732,51.17971,22.7,"facade","503576"
3.211965,51.11332,19.9,"facade","504071"
4.324401,51.04497,23.9,"facade","504107"
4.11380448076612,50.7911494166973,15.1,"facade","504251"
3.344141,51.24587,20.4,"facade","504734"
4.559182,50.8591,18.9,"facade","504830"
3.252112,50.9297,24.2,"facade","504836"
5.382347,51.02209,16.8,"facade","505184"
3.636515,50.85296,17.2,"facade","505304"
4.939968,51.03039,15,"facade","505526"
3.74261,51.03796,29,"facade","505709"
5.498763,50.89739,19.9,"facade","506543"
5.734491,51.03519,19,"facade","506699"
4.470632,51.1565,20.6,"facade","506711"
5.40612965196433,50.951517520515,21.8,"facade","506774"
3.959565,50.74978,17.9,"facade","506927"
3.315657,50.88226,20.2,"facade","506984"
5.50587,50.9633,24.8,"facade","507605"
3.751607,51.05499,33.3,"facade","507941"
3.75606,50.93517,17.6,"facade","508076"
4.96835403507436,50.9816150568187,15.9,"facade","508166"
2.905699,51.20833,23.1,"facade","508655"
4.450467,51.17626,24.4,"facade","508892"
3.83003,51.10662,19.1,"facade","509252"
4.844904,50.97831,24.5,"facade","509684"
4.296097,50.72847,17.2,"facade","509891"
3.356632,50.88828,25.9,"facade","511445"
4.596625,50.88359,18.6,"facade","511817"
4.174688,51.11121,20.3,"facade","512165"
4.058561,51.07402,22.3,"facade","512189"
4.596406,51.14565,17.6,"facade","512387"
3.633915,51.02066,18.5,"facade","512411"
4.317371,51.22386,32.3,"facade","512567"
3.883828,51.17173,20.9,"facade","512705"
4.57158,50.87675,19,"facade","512852"
4.873176,50.88742,14.7,"facade","512963"
5.830749,50.75846,15.3,"facade","513296"
4.396953,51.19668,29.2,"facade","513440"
4.523945,51.33136,23.8,"facade","513671"
4.526225,50.77946,17.5,"facade","514139"
4.75730948916115,50.9649770195955,16.5,"facade","514604"
4.31218,50.95056,23.1,"facade","514652"
3.255726,51.19824,20.1,"facade","514829"
4.606637,51.12222,16.7,"facade","514895"
5.323804,50.92132,17.8,"facade","514934"
3.605178,51.14297,21,"facade","515057"
3.878911,50.76728,20.5,"facade","515339"
5.47244446272457,50.9045185712895,16.5,"facade","515789"
5.540933,51.23277,15.7,"facade","515897"
5.535343,51.25945,18.6,"facade","515903"
3.145984,51.18412,20.7,"facade","515981"
3.432969,50.88569,24.4,"facade","516380"
3.318238,51.21248,18.6,"facade","516503"
5.439195,51.2423,16,"facade","516677"
4.433436,51.21819,34.9,"facade","516692"
5.000405,50.77833,16.1,"facade","517625"
4.311335,51.17642,31.2,"facade","517982"
4.473834,51.38646,16.4,"facade","518162"
4.473039,50.85988,29.5,"facade","518555"
4.205321,51.05464,23,"facade","518729"
4.266652,51.10321,25.2,"facade","518897"
4.457148,51.42282,22,"facade","519413"
3.445579,50.7665,17.9,"facade","519623"
4.237175,51.18304,24.1,"facade","519734"
2.78669,50.7495,16,"facade","520211"
4.294792,50.94635,16.9,"facade","521144"
3.919901,50.73902,13.7,"facade","522125"
5.437358,50.76585,15.1,"facade","522167"
3.248387,50.8627,19.4,"facade","522176"
5.24891041737274,51.0708269728081,15,"facade","522182"
3.144256,50.94692,25.2,"facade","522194"
4.324086,50.73395,23.8,"facade","522200"
4.170047,50.86653,23,"facade","522218"
4.65655,51.0085,16.8,"facade","522245"
3.243698,51.32999,24.8,"facade","522254"
5.679088,50.95839,18.5,"facade","522383"
4.926899,51.33772,18,"facade","522416"
4.29302,51.13352,23.3,"facade","522806"
5.393559,51.03024,19.8,"facade","523247"
3.110355,50.84934,25,"facade","523307"
3.123948,50.79457,23.7,"facade","523667"
3.710931,51.05756,24.2,"facade","524117"
4.71565,50.88003,27,"facade","524729"
4.594489,51.39372,19.7,"facade","524951"
3.78284,51.01676,30.1,"facade","525806"
3.749699,51.05306,22.8,"facade","526892"
4.823635,51.07063,20,"facade","527516"
3.773246,51.035,24.8,"facade","528248"
4.937515,50.80078,23.5,"facade","530291"
3.813305,51.01169,18.7,"facade","530720"
4.456265,51.16074,21.5,"facade","530903"
4.246789,50.73393,24.5,"facade","530945"
4.23838,50.81873,26.3,"facade","531092"
4.19543,51.00443,20.6,"facade","531812"
4.678788,51.16175,19.3,"facade","531998"
4.976931,51.20424,18.1,"facade","532346"
4.645148,51.23998,25.6,"facade","533012"
4.45070282669368,50.8698023037211,26.2,"facade","534869"
5.285492,50.98682,14.9,"facade","536072"
5.741868,51.14787,24.4,"facade","539042"
5.583284,51.04298,17.4,"facade","540824"
5.226283,51.04869,23.1,"facade","541916"
3.454793,51.08668,19.3,"facade","594637"
4.51628,51.26362,20.5,"facade","597457"
3.241621,50.81695,25,"facade","613066"
4.627158,51.27515,18.2,"facade","613636"
4.388769,51.12838,24.7,"facade","614413"
3.637176,51.1822,19.1,"facade","617191"
5.181979,50.824,20.9,"facade","617194"
4.973693,51.34992,15.5,"facade","617575"
4.51432,51.28146,24,"facade","617758"
4.844825,51.20562,13.6,"facade","619369"
3.489571,50.98874,17.6,"facade","619864"
3.13645,51.30911,38.3,"facade","620464"
4.473605,51.02305,31.6,"facade","621304"
4.398355,51.20339,33.4,"facade","625642"
4.283486,51.07596,30,"facade","645859"
4.178099,51.1755,22.2,"facade","646642"
4.938166,51.04391,15.1,"facade","648262"
5.091885,51.0025,12.7,"facade","648421"
5.432749,50.93433,24.8,"facade","650137"
4.093918,50.97087,15.7,"facade","650974"
5.19372,51.0441,23.2,"facade","651073"
4.734892,51.10309,18.7,"facade","651451"
4.587338,50.84863,15.2,"facade","651736"
3.801099,50.9255,19.3,"facade","653398"
4.517072,51.22533,24.4,"facade","655276"
3.004392,50.97747,17.2,"facade","656068"
3.119896,50.93842,26,"facade","657046"
5.214779,50.80726,17.1,"facade","657061"
4.372756,50.96187,20,"facade","657067"
4.150357,51.09159,35.3,"facade","657070"
3.585728,50.85416,20.9,"facade","657073"
4.355769,51.17678,34.9,"facade","661789"
3.608624,50.95855,27.8,"facade","662656"
5.219505,51.07086,22.5,"facade","667318"
3.442517,50.89957,18.2,"facade","667990"
4.387675,51.1703,42.2,"facade","669478"
5.783056,51.10294,19,"facade","669538"
3.211194,50.84378,19.1,"facade","669679"
5.407162,51.18787,15.4,"facade","673510"
5.428305,51.25335,15.5,"facade","675325"
5.000978,51.05398,14.5,"facade","675427"
4.532126,50.95171,17.7,"facade","675688"
4.295958,51.07466,20.4,"facade","678820"
5.312347,51.20398,15.5,"facade","678847"
3.825464,51.20032,27.2,"facade","680779"
4.382342,51.04615,23.1,"facade","686827"
5.287351,50.98366,18.6,"facade","687388"
4.730361,51.08227,17.4,"facade","687397"
4.457963,50.87522,34.7,"facade","688714"
3.741744,51.03454,31,"facade","688936"
4.226708,51.12667,23.1,"facade","689290"
4.787485,50.9226,16.9,"facade","692494"
4.117232,51.09786,17.4,"facade","693289"
3.681333,51.10566,21.4,"facade","696328"
4.943637,50.96284,16.4,"facade","698035"
4.735587,50.94698,16.5,"facade","703288"
5.718415,50.92366,21.2,"facade","703549"
5.035307,51.06868,16,"facade","703576"
4.375323,51.13817,29.7,"facade","708892"
2.865639,51.03465,36.1,"facade","722194"
4.121959,51.1754,21.5,"facade","740824"
4.45465912228143,50.9628184801935,27.7,"facade","800779"
5.47309,50.89198,34,"facade","802191"
3.816906,51.15544,26.1,"facade","803636"
4.404486,51.35252,16.1,"facade","805276"
3.70379,51.1266,20.3,"facade","806068"
4.268335,51.04411,21.2,"facade","807046"
4.618137,51.41205,18.5,"facade","807061"
4.453862,51.03556,32.5,"facade","807064"
5.179558,50.96167,19.7,"facade","807070"
4.266195,50.74621,47.4,"facade","807073"
4.51848219958044,51.2296489928413,29.5,"facade","807088"
4.478239,51.19325,23.7,"facade","807397"
3.716206,51.05441,35.4,"facade","808262"
4.812258,50.97534,18.6,"facade","817061"
4.55458,50.76649,19.6,"facade","817070"
5.073064,51.3065,18.7,"facade","817073"
4.662018,50.83473,16.7,"facade","818765"
3.401534,50.92868,36.3,"facade","857073"
5.238436,51.1235,23.9,"facade","897073"
5.365806,51.12441,19.3,"facade","987654"
4.423681,51.27818,28.7,"facade","987656"
5.024341,50.8648,11.5,"background","NATUURPUNT11"
3.912467,51.17886,15.9,"background","NATUURPUNT12"
4.544012,51.07564,15.6,"background","NATUURPUNT13"
4.549025,51.17234,16,"background","NATUURPUNT14"
3.078353,51.16917,14.8,"background","NATUURPUNT15"
4.836342,50.78298,12.6,"background","NATUURPUNT16"
3.34364,51.12781,15,"background","NATUURPUNT17"
4.417743,51.27056,17,"background","NATUURPUNT18"
4.770436,51.00982,12.4,"background","NATUURPUNT19"
3.603136,50.7637,12.2,"background","NATUURPUNT2"
4.87617,51.07772,12.8,"background","NATUURPUNT20"
4.241608,51.34044,31.1,"background","NATUURPUNT21"
4.886463,50.89129,13.3,"background","NATUURPUNT22"
5.529921,51.14292,12.8,"background","NATUURPUNT23"
5.18153,51.01238,12.9,"background","NATUURPUNT24"
3.361181,50.85027,16.7,"background","NATUURPUNT25"
5.301346,51.08724,11.2,"background","NATUURPUNT26"
4.759643,50.813,13.6,"background","NATUURPUNT27"
3.341895,51.08059,15,"background","NATUURPUNT28"
5.182758,51.21599,11.7,"background","NATUURPUNT3"
3.707346,50.80653,11.7,"background","NATUURPUNT4"
3.674652,51.03405,17.1,"background","NATUURPUNT5"
5.444137,50.94446,16.5,"background","NATUURPUNT7"
4.381262,51.23623,24.4,"reference station","STAT_AL01"
3.152726,50.94543,29.9,"reference station","STAT_M705"
3.362606,51.25455,18.9,"reference station","STAT_N012"
2.582352,51.01617,18,"reference station","STAT_N029"
4.837806,50.97766,13.5,"reference station","STAT_N035"
5.61897,50.88236,18.4,"reference station","STAT_N046"
3.322499,50.815,19.7,"reference station","STAT_N052"
4.436957,50.94129,21.2,"reference station","STAT_R020"
3.729141,51.05854,26.2,"reference station","STAT_R701"
3.73468,51.04072,33,"reference station","STAT_R702"
3.775338,51.06126,18.4,"reference station","STAT_R710"
4.432339,51.20957,30.9,"reference station","STAT_R801"
4.431612,51.20932,36.6,"reference station","STAT_R802"
4.428334,51.22835,29.7,"reference station","STAT_R803"
4.44213,51.20583,49.3,"reference station","STAT_R804"
4.421471,51.20829,43.7,"reference station","STAT_R805"
4.491521,51.25159,18.7,"reference station","STAT_R811"
4.417936,51.17741,24.8,"reference station","STAT_R817"
4.339557,51.34881,23.8,"reference station","STAT_R831"
4.36396,51.32855,22,"reference station","STAT_R833"
4.512118,50.91298,19,"reference station","STAT_SZ02"
